Filename,Type,Normalized,Width,Height
Abstract art_000001.png,png,yes,800,600
Abstract art_000002.png,png,yes,800,600
Abstract art_000003.png,png,yes,800,600
Abstract art_000005.png,png,yes,800,600
Abstract art_000006.png,png,yes,800,600
Abstract art_000007.png,png,yes,800,600
Abstract art_000008.png,png,yes,800,600
Abstract art_000010.png,png,yes,800,600
Abstract art_000011.png,png,yes,800,600
Abstract art_000012.png,png,yes,800,600
Abstract art_000013.png,png,yes,800,600
Abstract art_000016.png,png,yes,800,600
Abstract art_000017.png,png,yes,800,600
Abstract art_000020.png,png,yes,800,600
Abstract art_000021.png,png,yes,800,600
Abstract art_000023.png,png,yes,800,600
Abstract art_000024.png,png,yes,800,600
Abstract art_000025.png,png,yes,800,600
Abstract art_000026.png,png,yes,800,600
Abstract art_000027.png,png,yes,800,600
Abstract art_000028.png,png,yes,800,600
Abstract art_000029.png,png,yes,800,600
Abstract art_000031.png,png,yes,800,600
Abstract art_000033.png,png,yes,800,600
Abstract art_000034.png,png,yes,800,600
Abstract art_000035.png,png,yes,800,600
Abstract art_000036.png,png,yes,800,600
Abstract art_000037.png,png,yes,800,600
Abstract art_000038.png,png,yes,800,600
Abstract art_000039.png,png,yes,800,600
Abstract art_000040.png,png,yes,800,600
Abstract_000001.png,png,yes,800,600
Abstract_000002.png,png,yes,800,600
Abstract_000003.png,png,yes,800,600
Abstract_000004.png,png,yes,800,600
Abstract_000006.png,png,yes,800,600
Abstract_000007.png,png,yes,800,600
Abstract_000008.png,png,yes,800,600
Abstract_000009.png,png,yes,800,600
Abstract_000010.png,png,yes,800,600
Abstract_000011.png,png,yes,800,600
Abstract_000013.png,png,yes,800,600
Abstract_000015.png,png,yes,800,600
Abstract_000016.png,png,yes,800,600
Abstract_000017.png,png,yes,800,600
Abstract_000019.png,png,yes,800,600
Abstract_000020.png,png,yes,800,600
Abstract_000021.png,png,yes,800,600
Abstract_000023.png,png,yes,800,600
Abstract_000024.png,png,yes,800,600
Abstract_000025.png,png,yes,800,600
Abstract_000026.png,png,yes,800,600
Abstract_000027.png,png,yes,800,600
Abstract_000028.png,png,yes,800,600
Abstract_000030.png,png,yes,800,600
Abstract_000032.png,png,yes,800,600
Abstract_000033.png,png,yes,800,600
Accessories_000002.png,png,yes,800,600
Accessories_000004.png,png,yes,800,600
Accessories_000005.png,png,yes,800,600
Accessories_000006.png,png,yes,800,600
Accessories_000007.png,png,yes,800,600
Accessories_000010.png,png,yes,800,600
Accessories_000012.png,png,yes,800,600
Accessories_000015.png,png,yes,800,600
Accessories_000017.png,png,yes,800,600
Accessories_000019.png,png,yes,800,600
Accessories_000020.png,png,yes,800,600
Accessories_000021.png,png,yes,800,600
Accessories_000022.png,png,yes,800,600
Accessories_000024.png,png,yes,800,600
Accessories_000025.png,png,yes,800,600
Accessories_000026.png,png,yes,800,600
Accessories_000028.png,png,yes,800,600
Accessories_000030.png,png,yes,800,600
Accessories_000031.png,png,yes,800,600
Accessories_000032.png,png,yes,800,600
Accessories_000033.png,png,yes,800,600
Accessories_000036.png,png,yes,800,600
Accessories_000038.png,png,yes,800,600
Accessories_000039.png,png,yes,800,600
Accessories_000040.png,png,yes,800,600
Accessories_000041.png,png,yes,800,600
Accessories_000042.png,png,yes,800,600
Accessories_000043.png,png,yes,800,600
Accessories_000044.png,png,yes,800,600
Accessories_000045.png,png,yes,800,600
Accessories_000046.png,png,yes,800,600
Accessories_000047.png,png,yes,800,600
Accessories_000048.png,png,yes,800,600
Accessories_000049.png,png,yes,800,600
Accessories_000051.png,png,yes,800,600
Accessories_000053.png,png,yes,800,600
Accessories_000054.png,png,yes,800,600
Accessories_000056.png,png,yes,800,600
Accessories_000057.png,png,yes,800,600
Accessories_000058.png,png,yes,800,600
Accessories_000059.png,png,yes,800,600
Accessories_000061.png,png,yes,800,600
Accessories_000062.png,png,yes,800,600
Accessories_000063.png,png,yes,800,600
Accessories_000065.png,png,yes,800,600
Accessories_000066.png,png,yes,800,600
Accessories_000067.png,png,yes,800,600
Accessories_000068.png,png,yes,800,600
Accessories_000070.png,png,yes,800,600
Accessories_000071.png,png,yes,800,600
Accessories_000072.png,png,yes,800,600
Accessories_000073.png,png,yes,800,600
Accessories_000074.png,png,yes,800,600
Accessories_000075.png,png,yes,800,600
Accessories_000078.png,png,yes,800,600
Accessories_000079.png,png,yes,800,600
Accessories_000081.png,png,yes,800,600
Accessories_000082.png,png,yes,800,600
Accessories_000084.png,png,yes,800,600
Accessories_000085.png,png,yes,800,600
Adventure_000001.png,png,yes,800,600
Adventure_000002.png,png,yes,800,600
Adventure_000003.png,png,yes,800,600
Adventure_000004.png,png,yes,800,600
Adventure_000005.png,png,yes,800,600
Adventure_000006.png,png,yes,800,600
Adventure_000007.png,png,yes,800,600
Adventure_000008.png,png,yes,800,600
Adventure_000009.png,png,yes,800,600
Adventure_000011.png,png,yes,800,600
Adventure_000012.png,png,yes,800,600
Adventure_000013.png,png,yes,800,600
Adventure_000014.png,png,yes,800,600
Adventure_000015.png,png,yes,800,600
Adventure_000017.png,png,yes,800,600
Adventure_000018.png,png,yes,800,600
Adventure_000019.png,png,yes,800,600
Adventure_000020.png,png,yes,800,600
Adventure_000021.png,png,yes,800,600
Aerial photography_000001.png,png,yes,800,600
Aerial photography_000002.png,png,yes,800,600
Aerial photography_000004.png,png,yes,800,600
Aerial photography_000005.png,png,yes,800,600
Aerial photography_000007.png,png,yes,800,600
Aerial photography_000008.png,png,yes,800,600
Aerial photography_000009.png,png,yes,800,600
Aerial photography_000010.png,png,yes,800,600
Aerial photography_000011.png,png,yes,800,600
Aerial photography_000012.png,png,yes,800,600
Aerial photography_000016.png,png,yes,800,600
Aerial photography_000019.png,png,yes,800,600
Aerial photography_000021.png,png,yes,800,600
Aerial photography_000022.png,png,yes,800,600
Aerial photography_000023.png,png,yes,800,600
Aerial photography_000024.png,png,yes,800,600
Aerial photography_000025.png,png,yes,800,600
Affiliate marketing_000002.png,png,yes,800,600
Affiliate marketing_000005.png,png,yes,800,600
Affiliate marketing_000009.png,png,yes,800,600
Affiliate marketing_000010.png,png,yes,800,600
Affiliate marketing_000011.png,png,yes,800,600
Affiliate marketing_000012.png,png,yes,800,600
Affiliate marketing_000013.png,png,yes,800,600
Affiliate marketing_000014.png,png,yes,800,600
Affiliate marketing_000015.png,png,yes,800,600
Affiliate marketing_000017.png,png,yes,800,600
Affiliate marketing_000018.png,png,yes,800,600
Affiliate marketing_000020.png,png,yes,800,600
Affiliate marketing_000021.png,png,yes,800,600
Affiliate marketing_000023.png,png,yes,800,600
Affiliate marketing_000024.png,png,yes,800,600
Affiliate marketing_000025.png,png,yes,800,600
Affiliate marketing_000027.png,png,yes,800,600
Affiliate marketing_000028.png,png,yes,800,600
Affiliate marketing_000029.png,png,yes,800,600
Affiliate marketing_000031.png,png,yes,800,600
Affiliate marketing_000032.png,png,yes,800,600
Affiliate marketing_000033.png,png,yes,800,600
AI technology_000001.png,png,yes,800,600
AI technology_000002.png,png,yes,800,600
AI technology_000003.png,png,yes,800,600
AI technology_000004.png,png,yes,800,600
AI technology_000005.png,png,yes,800,600
AI technology_000006.png,png,yes,800,600
AI technology_000007.png,png,yes,800,600
AI technology_000008.png,png,yes,800,600
AI technology_000009.png,png,yes,800,600
AI technology_000010.png,png,yes,800,600
AI technology_000011.png,png,yes,800,600
Album covers_000003.png,png,yes,800,600
Album covers_000004.png,png,yes,800,600
Album covers_000006.png,png,yes,800,600
Album covers_000007.png,png,yes,800,600
Album covers_000011.png,png,yes,800,600
Album covers_000015.png,png,yes,800,600
Album covers_000016.png,png,yes,800,600
Album covers_000017.png,png,yes,800,600
Album covers_000018.png,png,yes,800,600
Animal rights_000002.png,png,yes,800,600
Animal rights_000003.png,png,yes,800,600
Animal rights_000004.png,png,yes,800,600
Animal rights_000005.png,png,yes,800,600
Animal rights_000007.png,png,yes,800,600
Animal rights_000008.png,png,yes,800,600
Animal rights_000011.png,png,yes,800,600
Animal rights_000012.png,png,yes,800,600
Animal rights_000014.png,png,yes,800,600
Animal rights_000015.png,png,yes,800,600
Animal rights_000018.png,png,yes,800,600
Animal rights_000019.png,png,yes,800,600
Animal rights_000021.png,png,yes,800,600
Animal rights_000022.png,png,yes,800,600
Animal rights_000025.png,png,yes,800,600
Animal rights_000026.png,png,yes,800,600
Animal rights_000028.png,png,yes,800,600
Animal rights_000029.png,png,yes,800,600
Animal rights_000030.png,png,yes,800,600
Animal rights_000031.png,png,yes,800,600
Animal rights_000032.png,png,yes,800,600
Animal rights_000033.png,png,yes,800,600
Animal rights_000034.png,png,yes,800,600
Animal rights_000035.png,png,yes,800,600
Animal rights_000036.png,png,yes,800,600
Animal rights_000037.png,png,yes,800,600
Antique shops_000001.png,png,yes,800,600
Antique shops_000003.png,png,yes,800,600
Antique shops_000005.png,png,yes,800,600
Antique shops_000006.png,png,yes,800,600
Antique shops_000008.png,png,yes,800,600
Antique shops_000009.png,png,yes,800,600
Antique shops_000010.png,png,yes,800,600
Antique shops_000011.png,png,yes,800,600
Antique shops_000012.png,png,yes,800,600
Antique shops_000016.png,png,yes,800,600
Antique shops_000017.png,png,yes,800,600
Antique shops_000018.png,png,yes,800,600
Antique shops_000019.png,png,yes,800,600
Antique shops_000021.png,png,yes,800,600
Antique shops_000023.png,png,yes,800,600
Antique shops_000025.png,png,yes,800,600
Antique shops_000027.png,png,yes,800,600
Antique shops_000028.png,png,yes,800,600
Antique shops_000029.png,png,yes,800,600
Antique shops_000030.png,png,yes,800,600
App reviews_000004.png,png,yes,800,600
App reviews_000006.png,png,yes,800,600
App reviews_000007.png,png,yes,800,600
App reviews_000008.png,png,yes,800,600
App reviews_000009.png,png,yes,800,600
App reviews_000011.png,png,yes,800,600
App reviews_000012.png,png,yes,800,600
App reviews_000013.png,png,yes,800,600
App reviews_000014.png,png,yes,800,600
App reviews_000016.png,png,yes,800,600
App reviews_000019.png,png,yes,800,600
App reviews_000021.png,png,yes,800,600
App reviews_000022.png,png,yes,800,600
App reviews_000023.png,png,yes,800,600
App reviews_000024.png,png,yes,800,600
App reviews_000025.png,png,yes,800,600
Architecture photography_000001.png,png,yes,800,600
Architecture photography_000003.png,png,yes,800,600
Architecture photography_000004.png,png,yes,800,600
Architecture photography_000005.png,png,yes,800,600
Architecture photography_000006.png,png,yes,800,600
Architecture photography_000007.png,png,yes,800,600
Architecture photography_000010.png,png,yes,800,600
Architecture photography_000011.png,png,yes,800,600
Architecture photography_000012.png,png,yes,800,600
Architecture photography_000013.png,png,yes,800,600
Architecture photography_000014.png,png,yes,800,600
Architecture photography_000015.png,png,yes,800,600
Architecture photography_000016.png,png,yes,800,600
Architecture photography_000017.png,png,yes,800,600
Architecture photography_000020.png,png,yes,800,600
Architecture photography_000021.png,png,yes,800,600
Architecture photography_000023.png,png,yes,800,600
Architecture photography_000024.png,png,yes,800,600
Architecture photography_000026.png,png,yes,800,600
Architecture photography_000027.png,png,yes,800,600
Architecture photography_000029.png,png,yes,800,600
Architecture_000001.png,png,yes,800,600
Architecture_000003.png,png,yes,800,600
Architecture_000004.png,png,yes,800,600
Architecture_000008.png,png,yes,800,600
Architecture_000010.png,png,yes,800,600
Architecture_000011.png,png,yes,800,600
Architecture_000012.png,png,yes,800,600
Architecture_000013.png,png,yes,800,600
Architecture_000014.png,png,yes,800,600
Architecture_000015.png,png,yes,800,600
Architecture_000016.png,png,yes,800,600
Architecture_000017.png,png,yes,800,600
Architecture_000018.png,png,yes,800,600
Architecture_000019.png,png,yes,800,600
Architecture_000020.png,png,yes,800,600
Architecture_000021.png,png,yes,800,600
Architecture_000022.png,png,yes,800,600
Architecture_000023.png,png,yes,800,600
Architecture_000024.png,png,yes,800,600
Architecture_000025.png,png,yes,800,600
Art and culture_000003.png,png,yes,800,600
Art and culture_000004.png,png,yes,800,600
Art and culture_000005.png,png,yes,800,600
Art and culture_000007.png,png,yes,800,600
Art and culture_000010.png,png,yes,800,600
Art and culture_000011.png,png,yes,800,600
Art and culture_000014.png,png,yes,800,600
Art and culture_000015.png,png,yes,800,600
Art and culture_000016.png,png,yes,800,600
Art and culture_000017.png,png,yes,800,600
Art and culture_000018.png,png,yes,800,600
Art and culture_000019.png,png,yes,800,600
Art exhibitions_000001.png,png,yes,800,600
Art exhibitions_000002.png,png,yes,800,600
Art exhibitions_000003.png,png,yes,800,600
Art exhibitions_000004.png,png,yes,800,600
Art exhibitions_000006.png,png,yes,800,600
Art exhibitions_000007.png,png,yes,800,600
Art exhibitions_000008.png,png,yes,800,600
Art exhibitions_000011.png,png,yes,800,600
Art exhibitions_000013.png,png,yes,800,600
Art exhibitions_000014.png,png,yes,800,600
Art exhibitions_000015.png,png,yes,800,600
Art exhibitions_000016.png,png,yes,800,600
Art exhibitions_000017.png,png,yes,800,600
Art exhibitions_000018.png,png,yes,800,600
Art exhibitions_000019.png,png,yes,800,600
Art exhibitions_000020.png,png,yes,800,600
Art exhibitions_000022.png,png,yes,800,600
Art exhibitions_000023.png,png,yes,800,600
Art exhibitions_000025.png,png,yes,800,600
Art exhibitions_000026.png,png,yes,800,600
Art exhibitions_000028.png,png,yes,800,600
Art exhibitions_000029.png,png,yes,800,600
Art exhibitions_000031.png,png,yes,800,600
Art galleries_000001.png,png,yes,800,600
Art galleries_000003.png,png,yes,800,600
Art galleries_000006.png,png,yes,800,600
Art galleries_000007.png,png,yes,800,600
Art galleries_000008.png,png,yes,800,600
Art galleries_000009.png,png,yes,800,600
Art galleries_000010.png,png,yes,800,600
Art galleries_000011.png,png,yes,800,600
Art galleries_000012.png,png,yes,800,600
Art galleries_000014.png,png,yes,800,600
Art galleries_000015.png,png,yes,800,600
Art galleries_000016.png,png,yes,800,600
Art galleries_000017.png,png,yes,800,600
Art galleries_000018.png,png,yes,800,600
Art galleries_000019.png,png,yes,800,600
Art galleries_000020.png,png,yes,800,600
Art galleries_000021.png,png,yes,800,600
Art galleries_000022.png,png,yes,800,600
Art galleries_000023.png,png,yes,800,600
Art galleries_000024.png,png,yes,800,600
Art galleries_000026.png,png,yes,800,600
Art galleries_000027.png,png,yes,800,600
Art galleries_000028.png,png,yes,800,600
Art galleries_000029.png,png,yes,800,600
Art galleries_000030.png,png,yes,800,600
Art galleries_000032.png,png,yes,800,600
Art galleries_000035.png,png,yes,800,600
Art galleries_000036.png,png,yes,800,600
Art galleries_000037.png,png,yes,800,600
Art supplies_000001.png,png,yes,800,600
Art supplies_000002.png,png,yes,800,600
Art supplies_000003.png,png,yes,800,600
Art supplies_000005.png,png,yes,800,600
Art supplies_000007.png,png,yes,800,600
Art supplies_000008.png,png,yes,800,600
Art supplies_000010.png,png,yes,800,600
Art supplies_000011.png,png,yes,800,600
Art supplies_000013.png,png,yes,800,600
Art supplies_000014.png,png,yes,800,600
Art supplies_000015.png,png,yes,800,600
Art supplies_000017.png,png,yes,800,600
Art supplies_000018.png,png,yes,800,600
Art supplies_000019.png,png,yes,800,600
Art supplies_000020.png,png,yes,800,600
Art supplies_000021.png,png,yes,800,600
Art supplies_000022.png,png,yes,800,600
Art supplies_000023.png,png,yes,800,600
Art supplies_000025.png,png,yes,800,600
Art supplies_000027.png,png,yes,800,600
Art supplies_000028.png,png,yes,800,600
Art supplies_000030.png,png,yes,800,600
Art supplies_000031.png,png,yes,800,600
Art supplies_000033.png,png,yes,800,600
Art supplies_000034.png,png,yes,800,600
Art supplies_000035.png,png,yes,800,600
Art supplies_000036.png,png,yes,800,600
Art supplies_000038.png,png,yes,800,600
Art supplies_000040.png,png,yes,800,600
Art supplies_000041.png,png,yes,800,600
Art supplies_000042.png,png,yes,800,600
Art supplies_000043.png,png,yes,800,600
Art supplies_000044.png,png,yes,800,600
Artisan crafts_000001.png,png,yes,800,600
Artisan crafts_000004.png,png,yes,800,600
Artisan crafts_000005.png,png,yes,800,600
Artisan crafts_000006.png,png,yes,800,600
Artisan crafts_000007.png,png,yes,800,600
Artisan crafts_000008.png,png,yes,800,600
Artisan crafts_000009.png,png,yes,800,600
Artisan crafts_000010.png,png,yes,800,600
Artisan crafts_000011.png,png,yes,800,600
Artisan crafts_000012.png,png,yes,800,600
Artisan crafts_000014.png,png,yes,800,600
Artisan crafts_000015.png,png,yes,800,600
Artisan crafts_000016.png,png,yes,800,600
Artisan crafts_000017.png,png,yes,800,600
Artisan crafts_000018.png,png,yes,800,600
Artisan crafts_000019.png,png,yes,800,600
Artisan crafts_000020.png,png,yes,800,600
Artisan crafts_000021.png,png,yes,800,600
Art_000002.png,png,yes,800,600
Art_000004.png,png,yes,800,600
Art_000005.png,png,yes,800,600
Art_000006.png,png,yes,800,600
Art_000009.png,png,yes,800,600
Art_000010.png,png,yes,800,600
Art_000013.png,png,yes,800,600
Art_000014.png,png,yes,800,600
Art_000015.png,png,yes,800,600
Art_000016.png,png,yes,800,600
Art_000017.png,png,yes,800,600
Art_000018.png,png,yes,800,600
Art_000019.png,png,yes,800,600
Art_000020.png,png,yes,800,600
Art_000021.png,png,yes,800,600
Art_000022.png,png,yes,800,600
Art_000024.png,png,yes,800,600
Art_000025.png,png,yes,800,600
Art_000026.png,png,yes,800,600
Art_000027.png,png,yes,800,600
Art_000028.png,png,yes,800,600
Art_000030.png,png,yes,800,600
Art_000031.png,png,yes,800,600
Art_000032.png,png,yes,800,600
Art_000034.png,png,yes,800,600
Art_000035.png,png,yes,800,600
Augmented reality_000002.png,png,yes,800,600
Augmented reality_000006.png,png,yes,800,600
Augmented reality_000007.png,png,yes,800,600
Augmented reality_000008.png,png,yes,800,600
Augmented reality_000009.png,png,yes,800,600
Augmented reality_000011.png,png,yes,800,600
Augmented reality_000013.png,png,yes,800,600
Augmented reality_000014.png,png,yes,800,600
Augmented reality_000015.png,png,yes,800,600
Augmented reality_000017.png,png,yes,800,600
Augmented reality_000018.png,png,yes,800,600
Augmented reality_000019.png,png,yes,800,600
Augmented reality_000021.png,png,yes,800,600
Augmented reality_000022.png,png,yes,800,600
Augmented reality_000023.png,png,yes,800,600
Augmented reality_000024.png,png,yes,800,600
Augmented reality_000025.png,png,yes,800,600
Augmented reality_000026.png,png,yes,800,600
Augmented reality_000027.png,png,yes,800,600
Augmented reality_000028.png,png,yes,800,600
Augmented reality_000029.png,png,yes,800,600
Augmented reality_000030.png,png,yes,800,600
Augmented reality_000031.png,png,yes,800,600
Augmented reality_000032.png,png,yes,800,600
Autumn leaves_000001.png,png,yes,800,600
Autumn leaves_000003.png,png,yes,800,600
Autumn leaves_000004.png,png,yes,800,600
Autumn leaves_000006.png,png,yes,800,600
Autumn leaves_000011.png,png,yes,800,600
Autumn leaves_000013.png,png,yes,800,600
Autumn leaves_000014.png,png,yes,800,600
Autumn leaves_000015.png,png,yes,800,600
Autumn leaves_000016.png,png,yes,800,600
Autumn leaves_000017.png,png,yes,800,600
Autumn leaves_000018.png,png,yes,800,600
Autumn leaves_000019.png,png,yes,800,600
Autumn leaves_000020.png,png,yes,800,600
Autumn leaves_000021.png,png,yes,800,600
Autumn leaves_000022.png,png,yes,800,600
Autumn leaves_000024.png,png,yes,800,600
Autumn leaves_000025.png,png,yes,800,600
Backgrounds_000003.png,png,yes,800,600
Backgrounds_000004.png,png,yes,800,600
Backgrounds_000005.png,png,yes,800,600
Backgrounds_000006.png,png,yes,800,600
Backgrounds_000007.png,png,yes,800,600
Backgrounds_000008.png,png,yes,800,600
Backgrounds_000009.png,png,yes,800,600
Backgrounds_000010.png,png,yes,800,600
Backgrounds_000011.png,png,yes,800,600
Backgrounds_000013.png,png,yes,800,600
Backgrounds_000014.png,png,yes,800,600
Backgrounds_000015.png,png,yes,800,600
Backgrounds_000016.png,png,yes,800,600
Backgrounds_000018.png,png,yes,800,600
Backgrounds_000019.png,png,yes,800,600
Backgrounds_000022.png,png,yes,800,600
Backgrounds_000024.png,png,yes,800,600
Bakeries_000001.png,png,yes,800,600
Bakeries_000002.png,png,yes,800,600
Bakeries_000003.png,png,yes,800,600
Bakeries_000004.png,png,yes,800,600
Bakeries_000005.png,png,yes,800,600
Bakeries_000006.png,png,yes,800,600
Bakeries_000007.png,png,yes,800,600
Bakeries_000008.png,png,yes,800,600
Bakeries_000010.png,png,yes,800,600
Bakeries_000011.png,png,yes,800,600
Bakeries_000012.png,png,yes,800,600
Bakeries_000013.png,png,yes,800,600
Bakeries_000014.png,png,yes,800,600
Bakeries_000015.png,png,yes,800,600
Bakeries_000016.png,png,yes,800,600
Bakeries_000017.png,png,yes,800,600
Bakeries_000020.png,png,yes,800,600
Bakeries_000022.png,png,yes,800,600
Bakeries_000023.png,png,yes,800,600
Bakeries_000025.png,png,yes,800,600
Bakeries_000027.png,png,yes,800,600
Bakeries_000028.png,png,yes,800,600
Bakeries_000029.png,png,yes,800,600
Bakeries_000030.png,png,yes,800,600
Bakeries_000031.png,png,yes,800,600
Bakeries_000033.png,png,yes,800,600
Bakeries_000034.png,png,yes,800,600
Bakeries_000037.png,png,yes,800,600
Bakeries_000038.png,png,yes,800,600
Bakeries_000039.png,png,yes,800,600
Bakeries_000040.png,png,yes,800,600
Bakeries_000041.png,png,yes,800,600
Bakeries_000042.png,png,yes,800,600
Bakeries_000044.png,png,yes,800,600
Bakeries_000046.png,png,yes,800,600
Bakeries_000048.png,png,yes,800,600
Balcony gardens_000002.png,png,yes,800,600
Balcony gardens_000003.png,png,yes,800,600
Balcony gardens_000004.png,png,yes,800,600
Balcony gardens_000006.png,png,yes,800,600
Balcony gardens_000007.png,png,yes,800,600
Balcony gardens_000008.png,png,yes,800,600
Balcony gardens_000009.png,png,yes,800,600
Balcony gardens_000010.png,png,yes,800,600
Balcony gardens_000011.png,png,yes,800,600
Balcony gardens_000012.png,png,yes,800,600
Balcony gardens_000013.png,png,yes,800,600
Balcony gardens_000014.png,png,yes,800,600
Balcony gardens_000015.png,png,yes,800,600
Balcony gardens_000016.png,png,yes,800,600
Balcony gardens_000017.png,png,yes,800,600
Balcony gardens_000019.png,png,yes,800,600
Balcony gardens_000021.png,png,yes,800,600
Balcony gardens_000022.png,png,yes,800,600
Balcony gardens_000023.png,png,yes,800,600
Balcony gardens_000024.png,png,yes,800,600
Balcony gardens_000025.png,png,yes,800,600
Balcony gardens_000027.png,png,yes,800,600
Balcony gardens_000028.png,png,yes,800,600
Ballet_000001.png,png,yes,800,600
Ballet_000002.png,png,yes,800,600
Ballet_000004.png,png,yes,800,600
Ballet_000005.png,png,yes,800,600
Ballet_000007.png,png,yes,800,600
Ballet_000009.png,png,yes,800,600
Ballet_000011.png,png,yes,800,600
Ballet_000013.png,png,yes,800,600
Ballet_000014.png,png,yes,800,600
Ballet_000015.png,png,yes,800,600
Ballet_000016.png,png,yes,800,600
Ballet_000017.png,png,yes,800,600
Ballet_000019.png,png,yes,800,600
Ballet_000020.png,png,yes,800,600
Ballet_000021.png,png,yes,800,600
Ballet_000022.png,png,yes,800,600
Ballet_000023.png,png,yes,800,600
Ballet_000024.png,png,yes,800,600
Band rehearsals_000001.png,png,yes,800,600
Band rehearsals_000002.png,png,yes,800,600
Band rehearsals_000003.png,png,yes,800,600
Band rehearsals_000004.png,png,yes,800,600
Band rehearsals_000005.png,png,yes,800,600
Band rehearsals_000008.png,png,yes,800,600
Band rehearsals_000009.png,png,yes,800,600
Band rehearsals_000010.png,png,yes,800,600
Band rehearsals_000011.png,png,yes,800,600
Band rehearsals_000013.png,png,yes,800,600
Band rehearsals_000014.png,png,yes,800,600
Barbecue_000001.png,png,yes,800,600
Barbecue_000002.png,png,yes,800,600
Barbecue_000003.png,png,yes,800,600
Barbecue_000004.png,png,yes,800,600
Barbecue_000005.png,png,yes,800,600
Barbecue_000008.png,png,yes,800,600
Barbecue_000011.png,png,yes,800,600
Barbecue_000012.png,png,yes,800,600
Barbecue_000013.png,png,yes,800,600
Barbecue_000014.png,png,yes,800,600
Barbecue_000018.png,png,yes,800,600
Barbecue_000019.png,png,yes,800,600
Barbecue_000022.png,png,yes,800,600
Barbecue_000024.png,png,yes,800,600
Barbecue_000026.png,png,yes,800,600
Barbecue_000027.png,png,yes,800,600
Barbecue_000028.png,png,yes,800,600
Barbecue_000029.png,png,yes,800,600
Barbecue_000030.png,png,yes,800,600
Barbecue_000031.png,png,yes,800,600
Barbecue_000032.png,png,yes,800,600
Barbecue_000033.png,png,yes,800,600
Barbecue_000034.png,png,yes,800,600
Barbecue_000035.png,png,yes,800,600
Barbecue_000037.png,png,yes,800,600
Barbecue_000038.png,png,yes,800,600
Barbecue_000039.png,png,yes,800,600
Barbecue_000041.png,png,yes,800,600
Barbecue_000042.png,png,yes,800,600
Barbecue_000043.png,png,yes,800,600
Barbecue_000044.png,png,yes,800,600
Barbecue_000045.png,png,yes,800,600
Barbecue_000046.png,png,yes,800,600
Barbecue_000047.png,png,yes,800,600
Barbecue_000049.png,png,yes,800,600
Barbecue_000050.png,png,yes,800,600
Barbecue_000051.png,png,yes,800,600
Baseball_000001.png,png,yes,800,600
Baseball_000002.png,png,yes,800,600
Baseball_000003.png,png,yes,800,600
Baseball_000004.png,png,yes,800,600
Baseball_000005.png,png,yes,800,600
Baseball_000006.png,png,yes,800,600
Baseball_000007.png,png,yes,800,600
Baseball_000008.png,png,yes,800,600
Baseball_000010.png,png,yes,800,600
Baseball_000012.png,png,yes,800,600
Baseball_000014.png,png,yes,800,600
Baseball_000016.png,png,yes,800,600
Baseball_000017.png,png,yes,800,600
Baseball_000018.png,png,yes,800,600
Baseball_000019.png,png,yes,800,600
Baseball_000022.png,png,yes,800,600
Baseball_000023.png,png,yes,800,600
Baseball_000024.png,png,yes,800,600
Baseball_000025.png,png,yes,800,600
Baseball_000026.png,png,yes,800,600
Baseball_000027.png,png,yes,800,600
Baseball_000028.png,png,yes,800,600
Baseball_000029.png,png,yes,800,600
Basketball_000001.png,png,yes,800,600
Basketball_000002.png,png,yes,800,600
Basketball_000003.png,png,yes,800,600
Basketball_000005.png,png,yes,800,600
Basketball_000006.png,png,yes,800,600
Basketball_000007.png,png,yes,800,600
Basketball_000008.png,png,yes,800,600
Basketball_000009.png,png,yes,800,600
Basketball_000010.png,png,yes,800,600
Basketball_000012.png,png,yes,800,600
Basketball_000013.png,png,yes,800,600
Basketball_000014.png,png,yes,800,600
Basketball_000015.png,png,yes,800,600
Basketball_000016.png,png,yes,800,600
Basketball_000018.png,png,yes,800,600
Basketball_000019.png,png,yes,800,600
Basketball_000020.png,png,yes,800,600
Basketball_000022.png,png,yes,800,600
Basketball_000024.png,png,yes,800,600
Basketball_000025.png,png,yes,800,600
Basketball_000026.png,png,yes,800,600
Basketball_000027.png,png,yes,800,600
Basketball_000028.png,png,yes,800,600
Basketball_000029.png,png,yes,800,600
Basketball_000030.png,png,yes,800,600
Basketball_000031.png,png,yes,800,600
Basketball_000032.png,png,yes,800,600
Beaches_000001.png,png,yes,800,600
Beaches_000002.png,png,yes,800,600
Beaches_000003.png,png,yes,800,600
Beaches_000004.png,png,yes,800,600
Beaches_000005.png,png,yes,800,600
Beaches_000006.png,png,yes,800,600
Beaches_000008.png,png,yes,800,600
Beaches_000009.png,png,yes,800,600
Beaches_000010.png,png,yes,800,600
Beaches_000011.png,png,yes,800,600
Beaches_000012.png,png,yes,800,600
Beaches_000015.png,png,yes,800,600
Beaches_000016.png,png,yes,800,600
Beaches_000017.png,png,yes,800,600
Beaches_000018.png,png,yes,800,600
Beaches_000019.png,png,yes,800,600
Beaches_000020.png,png,yes,800,600
Beaches_000021.png,png,yes,800,600
Beaches_000022.png,png,yes,800,600
Beaches_000023.png,png,yes,800,600
Beaches_000024.png,png,yes,800,600
Beaches_000026.png,png,yes,800,600
Beaches_000028.png,png,yes,800,600
Beaches_000029.png,png,yes,800,600
Beaches_000031.png,png,yes,800,600
Beaches_000032.png,png,yes,800,600
Beach_000001.png,png,yes,800,600
Beach_000002.png,png,yes,800,600
Beach_000003.png,png,yes,800,600
Beach_000004.png,png,yes,800,600
Beach_000005.png,png,yes,800,600
Beach_000007.png,png,yes,800,600
Beach_000009.png,png,yes,800,600
Beach_000010.png,png,yes,800,600
Beach_000011.png,png,yes,800,600
Beach_000012.png,png,yes,800,600
Beach_000014.png,png,yes,800,600
Bears_000001.png,png,yes,800,600
Bears_000002.png,png,yes,800,600
Bears_000003.png,png,yes,800,600
Bears_000004.png,png,yes,800,600
Bears_000005.png,png,yes,800,600
Bears_000006.png,png,yes,800,600
Bears_000007.png,png,yes,800,600
Bears_000008.png,png,yes,800,600
Bears_000009.png,png,yes,800,600
Bears_000010.png,png,yes,800,600
Bears_000011.png,png,yes,800,600
Bears_000012.png,png,yes,800,600
Bears_000013.png,png,yes,800,600
Bears_000014.png,png,yes,800,600
Bears_000015.png,png,yes,800,600
Bears_000018.png,png,yes,800,600
Bears_000019.png,png,yes,800,600
Bears_000020.png,png,yes,800,600
Bears_000023.png,png,yes,800,600
Bears_000025.png,png,yes,800,600
Bears_000029.png,png,yes,800,600
Beauty tutorials_000002.png,png,yes,800,600
Beauty tutorials_000004.png,png,yes,800,600
Beauty tutorials_000005.png,png,yes,800,600
Beauty tutorials_000006.png,png,yes,800,600
Beauty tutorials_000007.png,png,yes,800,600
Beauty tutorials_000008.png,png,yes,800,600
Beauty tutorials_000009.png,png,yes,800,600
Beauty tutorials_000010.png,png,yes,800,600
Beauty tutorials_000011.png,png,yes,800,600
Beauty tutorials_000012.png,png,yes,800,600
Beauty tutorials_000014.png,png,yes,800,600
Beauty tutorials_000016.png,png,yes,800,600
Beauty tutorials_000017.png,png,yes,800,600
Beauty tutorials_000018.png,png,yes,800,600
Beauty tutorials_000021.png,png,yes,800,600
Beauty tutorials_000022.png,png,yes,800,600
Beauty tutorials_000024.png,png,yes,800,600
Beauty_000001.png,png,yes,800,600
Beauty_000003.png,png,yes,800,600
Beauty_000004.png,png,yes,800,600
Beauty_000005.png,png,yes,800,600
Beauty_000008.png,png,yes,800,600
Beauty_000009.png,png,yes,800,600
Beauty_000010.png,png,yes,800,600
Beauty_000011.png,png,yes,800,600
Beauty_000014.png,png,yes,800,600
Beauty_000018.png,png,yes,800,600
Beauty_000019.png,png,yes,800,600
Beauty_000020.png,png,yes,800,600
Beauty_000021.png,png,yes,800,600
Beauty_000022.png,png,yes,800,600
Beauty_000023.png,png,yes,800,600
Beauty_000026.png,png,yes,800,600
Beer_000003.png,png,yes,800,600
Beer_000004.png,png,yes,800,600
Beer_000005.png,png,yes,800,600
Beer_000006.png,png,yes,800,600
Beer_000007.png,png,yes,800,600
Beer_000008.png,png,yes,800,600
Beer_000009.png,png,yes,800,600
Beer_000010.png,png,yes,800,600
Beer_000011.png,png,yes,800,600
Beer_000012.png,png,yes,800,600
Beer_000014.png,png,yes,800,600
Beer_000015.png,png,yes,800,600
Beer_000016.png,png,yes,800,600
Beer_000019.png,png,yes,800,600
Beer_000020.png,png,yes,800,600
Beer_000026.png,png,yes,800,600
Beer_000028.png,png,yes,800,600
Beer_000030.png,png,yes,800,600
Beer_000032.png,png,yes,800,600
Beer_000034.png,png,yes,800,600
Beer_000035.png,png,yes,800,600
Beer_000037.png,png,yes,800,600
Beer_000039.png,png,yes,800,600
Beer_000041.png,png,yes,800,600
Beer_000042.png,png,yes,800,600
Beer_000043.png,png,yes,800,600
Beer_000044.png,png,yes,800,600
Beer_000045.png,png,yes,800,600
Beverages_000001.png,png,yes,800,600
Beverages_000002.png,png,yes,800,600
Beverages_000003.png,png,yes,800,600
Beverages_000004.png,png,yes,800,600
Beverages_000005.png,png,yes,800,600
Beverages_000007.png,png,yes,800,600
Beverages_000008.png,png,yes,800,600
Beverages_000010.png,png,yes,800,600
Beverages_000014.png,png,yes,800,600
Beverages_000015.png,png,yes,800,600
Beverages_000016.png,png,yes,800,600
Beverages_000017.png,png,yes,800,600
Beverages_000019.png,png,yes,800,600
Beverages_000020.png,png,yes,800,600
Beverages_000021.png,png,yes,800,600
Beverages_000022.png,png,yes,800,600
Beverages_000024.png,png,yes,800,600
Beverages_000027.png,png,yes,800,600
Beverages_000028.png,png,yes,800,600
Beverages_000030.png,png,yes,800,600
Beverages_000031.png,png,yes,800,600
Beverages_000032.png,png,yes,800,600
Beverages_000033.png,png,yes,800,600
Beverages_000034.png,png,yes,800,600
Beverages_000035.png,png,yes,800,600
Birds_000001.png,png,yes,800,600
Birds_000002.png,png,yes,800,600
Birds_000003.png,png,yes,800,600
Birds_000004.png,png,yes,800,600
Birds_000005.png,png,yes,800,600
Birds_000008.png,png,yes,800,600
Birds_000012.png,png,yes,800,600
Birds_000013.png,png,yes,800,600
Birds_000014.png,png,yes,800,600
Birds_000015.png,png,yes,800,600
Birds_000018.png,png,yes,800,600
Birds_000019.png,png,yes,800,600
Birds_000021.png,png,yes,800,600
Birds_000022.png,png,yes,800,600
Birds_000023.png,png,yes,800,600
Black and white photography_000001.png,png,yes,800,600
Black and white photography_000002.png,png,yes,800,600
Black and white photography_000003.png,png,yes,800,600
Black and white photography_000004.png,png,yes,800,600
Black and white photography_000005.png,png,yes,800,600
Black and white photography_000006.png,png,yes,800,600
Black and white photography_000008.png,png,yes,800,600
Black and white photography_000010.png,png,yes,800,600
Black and white photography_000011.png,png,yes,800,600
Black and white photography_000014.png,png,yes,800,600
Black and white photography_000015.png,png,yes,800,600
Black and white photography_000016.png,png,yes,800,600
Black and white photography_000017.png,png,yes,800,600
Black and white photography_000018.png,png,yes,800,600
Black and white photography_000019.png,png,yes,800,600
Black and white photography_000022.png,png,yes,800,600
Black and white photography_000023.png,png,yes,800,600
Black and white photography_000024.png,png,yes,800,600
Black and white photography_000025.png,png,yes,800,600
Black and white photography_000026.png,png,yes,800,600
Black and white photography_000027.png,png,yes,800,600
Black and white photography_000028.png,png,yes,800,600
Black and white photography_000031.png,png,yes,800,600
Black and white photography_000033.png,png,yes,800,600
Black and white photography_000034.png,png,yes,800,600
Black and white photography_000035.png,png,yes,800,600
Black and white photography_000036.png,png,yes,800,600
Black and white photography_000037.png,png,yes,800,600
Black and white photography_000040.png,png,yes,800,600
Black and white photography_000041.png,png,yes,800,600
Black and white photography_000042.png,png,yes,800,600
Black and white photography_000043.png,png,yes,800,600
Black and white photography_000044.png,png,yes,800,600
Black and white photography_000045.png,png,yes,800,600
Blogging_000001.png,png,yes,800,600
Blogging_000002.png,png,yes,800,600
Blogging_000003.png,png,yes,800,600
Blogging_000004.png,png,yes,800,600
Blogging_000005.png,png,yes,800,600
Blogging_000006.png,png,yes,800,600
Blogging_000007.png,png,yes,800,600
Blogging_000008.png,png,yes,800,600
Blogging_000010.png,png,yes,800,600
Blogging_000011.png,png,yes,800,600
Blogging_000012.png,png,yes,800,600
Blogging_000013.png,png,yes,800,600
Blogging_000014.png,png,yes,800,600
Blogging_000015.png,png,yes,800,600
Blogging_000017.png,png,yes,800,600
Blogging_000018.png,png,yes,800,600
Blogging_000019.png,png,yes,800,600
Blogging_000020.png,png,yes,800,600
Blogging_000021.png,png,yes,800,600
Blogging_000023.png,png,yes,800,600
Blogging_000025.png,png,yes,800,600
Blogging_000026.png,png,yes,800,600
Blogging_000027.png,png,yes,800,600
Blogging_000028.png,png,yes,800,600
Blogging_000030.png,png,yes,800,600
Blogging_000031.png,png,yes,800,600
Blogging_000032.png,png,yes,800,600
Bookstores_000001.png,png,yes,800,600
Bookstores_000002.png,png,yes,800,600
Bookstores_000003.png,png,yes,800,600
Bookstores_000004.png,png,yes,800,600
Bookstores_000005.png,png,yes,800,600
Bookstores_000006.png,png,yes,800,600
Bookstores_000009.png,png,yes,800,600
Bookstores_000011.png,png,yes,800,600
Bookstores_000012.png,png,yes,800,600
Bookstores_000013.png,png,yes,800,600
Bookstores_000014.png,png,yes,800,600
Bookstores_000015.png,png,yes,800,600
Bookstores_000016.png,png,yes,800,600
Bookstores_000017.png,png,yes,800,600
Bookstores_000018.png,png,yes,800,600
Bookstores_000019.png,png,yes,800,600
Bookstores_000021.png,png,yes,800,600
Bookstores_000022.png,png,yes,800,600
Bookstores_000023.png,png,yes,800,600
Bookstores_000025.png,png,yes,800,600
Bookstores_000026.png,png,yes,800,600
Bookstores_000028.png,png,yes,800,600
Bookstores_000029.png,png,yes,800,600
Bookstores_000031.png,png,yes,800,600
Bookstores_000032.png,png,yes,800,600
Bookstores_000033.png,png,yes,800,600
Bookstores_000034.png,png,yes,800,600
Bread_000001.png,png,yes,800,600
Bread_000002.png,png,yes,800,600
Bread_000003.png,png,yes,800,600
Bread_000004.png,png,yes,800,600
Bread_000005.png,png,yes,800,600
Bread_000008.png,png,yes,800,600
Bread_000009.png,png,yes,800,600
Bread_000010.png,png,yes,800,600
Bread_000011.png,png,yes,800,600
Bread_000013.png,png,yes,800,600
Bread_000015.png,png,yes,800,600
Bread_000017.png,png,yes,800,600
Bread_000018.png,png,yes,800,600
Bread_000019.png,png,yes,800,600
Bread_000020.png,png,yes,800,600
Bread_000022.png,png,yes,800,600
Bread_000024.png,png,yes,800,600
Bread_000025.png,png,yes,800,600
Bread_000027.png,png,yes,800,600
Bread_000028.png,png,yes,800,600
Bread_000029.png,png,yes,800,600
Bread_000030.png,png,yes,800,600
Bread_000031.png,png,yes,800,600
Bread_000032.png,png,yes,800,600
Bread_000033.png,png,yes,800,600
Bread_000034.png,png,yes,800,600
Bread_000037.png,png,yes,800,600
Bread_000038.png,png,yes,800,600
Bread_000040.png,png,yes,800,600
Bread_000041.png,png,yes,800,600
Bread_000042.png,png,yes,800,600
Bread_000043.png,png,yes,800,600
Breakfast_000001.png,png,yes,800,600
Breakfast_000004.png,png,yes,800,600
Breakfast_000005.png,png,yes,800,600
Breakfast_000006.png,png,yes,800,600
Breakfast_000010.png,png,yes,800,600
Breakfast_000011.png,png,yes,800,600
Breakfast_000013.png,png,yes,800,600
Breakfast_000014.png,png,yes,800,600
Breakfast_000016.png,png,yes,800,600
Breakfast_000018.png,png,yes,800,600
Breakfast_000020.png,png,yes,800,600
Breakfast_000021.png,png,yes,800,600
Breakfast_000022.png,png,yes,800,600
Breakfast_000023.png,png,yes,800,600
Breakfast_000024.png,png,yes,800,600
Breakfast_000025.png,png,yes,800,600
Breakfast_000026.png,png,yes,800,600
Breakfast_000028.png,png,yes,800,600
Breakfast_000029.png,png,yes,800,600
Breakfast_000031.png,png,yes,800,600
Brewery tours_000001.png,png,yes,800,600
Brewery tours_000002.png,png,yes,800,600
Brewery tours_000003.png,png,yes,800,600
Brewery tours_000005.png,png,yes,800,600
Brewery tours_000006.png,png,yes,800,600
Brewery tours_000007.png,png,yes,800,600
Brewery tours_000008.png,png,yes,800,600
Brewery tours_000010.png,png,yes,800,600
Brewery tours_000011.png,png,yes,800,600
Brewery tours_000012.png,png,yes,800,600
Brewery tours_000013.png,png,yes,800,600
Brewery tours_000014.png,png,yes,800,600
Brewery tours_000015.png,png,yes,800,600
Brewery tours_000016.png,png,yes,800,600
Brewery tours_000017.png,png,yes,800,600
Brewery tours_000018.png,png,yes,800,600
Brewery tours_000019.png,png,yes,800,600
Brewery tours_000020.png,png,yes,800,600
Brewery tours_000021.png,png,yes,800,600
Brewery tours_000022.png,png,yes,800,600
Brewery tours_000023.png,png,yes,800,600
Brewery tours_000025.png,png,yes,800,600
Brewery tours_000026.png,png,yes,800,600
Brewery tours_000029.png,png,yes,800,600
Brewery tours_000030.png,png,yes,800,600
Brewery tours_000032.png,png,yes,800,600
Brewery tours_000033.png,png,yes,800,600
Brewery tours_000034.png,png,yes,800,600
Brewery tours_000035.png,png,yes,800,600
Brewery tours_000036.png,png,yes,800,600
Brewery tours_000038.png,png,yes,800,600
Brewery tours_000039.png,png,yes,800,600
Brewery tours_000040.png,png,yes,800,600
Brewery tours_000041.png,png,yes,800,600
Brewery tours_000042.png,png,yes,800,600
Burgers_000001.png,png,yes,800,600
Burgers_000003.png,png,yes,800,600
Burgers_000005.png,png,yes,800,600
Burgers_000006.png,png,yes,800,600
Burgers_000007.png,png,yes,800,600
Burgers_000008.png,png,yes,800,600
Burgers_000010.png,png,yes,800,600
Burgers_000011.png,png,yes,800,600
Burgers_000012.png,png,yes,800,600
Burgers_000014.png,png,yes,800,600
Burgers_000015.png,png,yes,800,600
Burgers_000016.png,png,yes,800,600
Burgers_000019.png,png,yes,800,600
Burgers_000020.png,png,yes,800,600
Burgers_000021.png,png,yes,800,600
Burgers_000022.png,png,yes,800,600
Burgers_000025.png,png,yes,800,600
Burgers_000027.png,png,yes,800,600
Burgers_000029.png,png,yes,800,600
Burgers_000031.png,png,yes,800,600
Burgers_000032.png,png,yes,800,600
Burgers_000033.png,png,yes,800,600
Business tips_000001.png,png,yes,800,600
Business tips_000003.png,png,yes,800,600
Business tips_000005.png,png,yes,800,600
Business tips_000007.png,png,yes,800,600
Business tips_000008.png,png,yes,800,600
Business tips_000009.png,png,yes,800,600
Business tips_000011.png,png,yes,800,600
Business tips_000012.png,png,yes,800,600
Business tips_000013.png,png,yes,800,600
Business tips_000014.png,png,yes,800,600
Business tips_000015.png,png,yes,800,600
Business tips_000016.png,png,yes,800,600
Business tips_000017.png,png,yes,800,600
Business tips_000019.png,png,yes,800,600
Business tips_000020.png,png,yes,800,600
Business tips_000023.png,png,yes,800,600
Business tips_000024.png,png,yes,800,600
Business tips_000025.png,png,yes,800,600
Business tips_000027.png,png,yes,800,600
Business tips_000028.png,png,yes,800,600
Business tips_000029.png,png,yes,800,600
Business tips_000030.png,png,yes,800,600
Business tips_000031.png,png,yes,800,600
Business tips_000032.png,png,yes,800,600
Business tips_000035.png,png,yes,800,600
Business tips_000036.png,png,yes,800,600
Business tips_000037.png,png,yes,800,600
Business tips_000039.png,png,yes,800,600
Business tips_000041.png,png,yes,800,600
Business tips_000042.png,png,yes,800,600
Business tips_000046.png,png,yes,800,600
Business tips_000047.png,png,yes,800,600
Business tips_000048.png,png,yes,800,600
Business tips_000050.png,png,yes,800,600
Business tips_000051.png,png,yes,800,600
Business tips_000052.png,png,yes,800,600
Business tips_000053.png,png,yes,800,600
Butterflies_000001.png,png,yes,800,600
Butterflies_000002.png,png,yes,800,600
Butterflies_000004.png,png,yes,800,600
Butterflies_000005.png,png,yes,800,600
Butterflies_000006.png,png,yes,800,600
Butterflies_000007.png,png,yes,800,600
Butterflies_000008.png,png,yes,800,600
Butterflies_000009.png,png,yes,800,600
Butterflies_000010.png,png,yes,800,600
Butterflies_000011.png,png,yes,800,600
Butterflies_000013.png,png,yes,800,600
Butterflies_000014.png,png,yes,800,600
Butterflies_000015.png,png,yes,800,600
Butterflies_000016.png,png,yes,800,600
Butterflies_000017.png,png,yes,800,600
Butterflies_000018.png,png,yes,800,600
Butterflies_000019.png,png,yes,800,600
Butterflies_000022.png,png,yes,800,600
Butterflies_000024.png,png,yes,800,600
Butterflies_000025.png,png,yes,800,600
Butterflies_000027.png,png,yes,800,600
Butterflies_000028.png,png,yes,800,600
Butterflies_000029.png,png,yes,800,600
Butterflies_000030.png,png,yes,800,600
Butterflies_000031.png,png,yes,800,600
Butterflies_000032.png,png,yes,800,600
Butterflies_000033.png,png,yes,800,600
Cafes_000001.png,png,yes,800,600
Cafes_000003.png,png,yes,800,600
Cafes_000004.png,png,yes,800,600
Cafes_000006.png,png,yes,800,600
Cafes_000007.png,png,yes,800,600
Cafes_000008.png,png,yes,800,600
Cafes_000010.png,png,yes,800,600
Cafes_000011.png,png,yes,800,600
Cafes_000012.png,png,yes,800,600
Cafes_000013.png,png,yes,800,600
Cafes_000014.png,png,yes,800,600
Cafes_000016.png,png,yes,800,600
Cafes_000017.png,png,yes,800,600
Cafes_000018.png,png,yes,800,600
Cafes_000019.png,png,yes,800,600
Cafes_000020.png,png,yes,800,600
Calligraphy_000001.png,png,yes,800,600
Calligraphy_000002.png,png,yes,800,600
Calligraphy_000003.png,png,yes,800,600
Calligraphy_000004.png,png,yes,800,600
Calligraphy_000005.png,png,yes,800,600
Calligraphy_000006.png,png,yes,800,600
Calligraphy_000009.png,png,yes,800,600
Calligraphy_000011.png,png,yes,800,600
Calligraphy_000015.png,png,yes,800,600
Calligraphy_000016.png,png,yes,800,600
Calligraphy_000017.png,png,yes,800,600
Calligraphy_000018.png,png,yes,800,600
Calligraphy_000019.png,png,yes,800,600
Calligraphy_000020.png,png,yes,800,600
Calligraphy_000021.png,png,yes,800,600
Calligraphy_000022.png,png,yes,800,600
Calligraphy_000023.png,png,yes,800,600
Calligraphy_000024.png,png,yes,800,600
Calligraphy_000025.png,png,yes,800,600
Calligraphy_000026.png,png,yes,800,600
Calligraphy_000027.png,png,yes,800,600
Calligraphy_000029.png,png,yes,800,600
Calligraphy_000030.png,png,yes,800,600
Calligraphy_000031.png,png,yes,800,600
Camping_000002.png,png,yes,800,600
Camping_000003.png,png,yes,800,600
Camping_000005.png,png,yes,800,600
Camping_000006.png,png,yes,800,600
Camping_000007.png,png,yes,800,600
Camping_000008.png,png,yes,800,600
Camping_000009.png,png,yes,800,600
Camping_000011.png,png,yes,800,600
Camping_000012.png,png,yes,800,600
Camping_000013.png,png,yes,800,600
Camping_000014.png,png,yes,800,600
Camping_000015.png,png,yes,800,600
Camping_000017.png,png,yes,800,600
Camping_000018.png,png,yes,800,600
Camping_000019.png,png,yes,800,600
Camping_000020.png,png,yes,800,600
Camping_000021.png,png,yes,800,600
Camping_000022.png,png,yes,800,600
Camping_000023.png,png,yes,800,600
Camping_000024.png,png,yes,800,600
Camping_000025.png,png,yes,800,600
Camping_000028.png,png,yes,800,600
Camping_000029.png,png,yes,800,600
Camping_000030.png,png,yes,800,600
Camping_000031.png,png,yes,800,600
Camping_000032.png,png,yes,800,600
Camping_000034.png,png,yes,800,600
Camping_000035.png,png,yes,800,600
Candid shots_000002.png,png,yes,800,600
Candid shots_000003.png,png,yes,800,600
Candid shots_000005.png,png,yes,800,600
Candid shots_000006.png,png,yes,800,600
Candid shots_000009.png,png,yes,800,600
Candid shots_000010.png,png,yes,800,600
Candid shots_000011.png,png,yes,800,600
Candid shots_000012.png,png,yes,800,600
Candid shots_000015.png,png,yes,800,600
Candid shots_000017.png,png,yes,800,600
Candid shots_000018.png,png,yes,800,600
Candid shots_000019.png,png,yes,800,600
Candid shots_000020.png,png,yes,800,600
Candid shots_000022.png,png,yes,800,600
Candid shots_000023.png,png,yes,800,600
Candid shots_000024.png,png,yes,800,600
Candid shots_000026.png,png,yes,800,600
Candid shots_000030.png,png,yes,800,600
Candid shots_000031.png,png,yes,800,600
Candid shots_000032.png,png,yes,800,600
Candid shots_000034.png,png,yes,800,600
Candid shots_000035.png,png,yes,800,600
Candid shots_000037.png,png,yes,800,600
Candid shots_000038.png,png,yes,800,600
Candid shots_000040.png,png,yes,800,600
Candid shots_000042.png,png,yes,800,600
Candid shots_000043.png,png,yes,800,600
Candid shots_000044.png,png,yes,800,600
Candid shots_000046.png,png,yes,800,600
Candid shots_000048.png,png,yes,800,600
Candid shots_000049.png,png,yes,800,600
Candid shots_000050.png,png,yes,800,600
Candid shots_000051.png,png,yes,800,600
Candid shots_000052.png,png,yes,800,600
Candid shots_000053.png,png,yes,800,600
Candid shots_000054.png,png,yes,800,600
Candid shots_000055.png,png,yes,800,600
Candid shots_000057.png,png,yes,800,600
Candid shots_000058.png,png,yes,800,600
Candid shots_000060.png,png,yes,800,600
Candid shots_000063.png,png,yes,800,600
Candid shots_000064.png,png,yes,800,600
Candid shots_000065.png,png,yes,800,600
Capsule wardrobe_000002.png,png,yes,800,600
Capsule wardrobe_000003.png,png,yes,800,600
Capsule wardrobe_000005.png,png,yes,800,600
Capsule wardrobe_000008.png,png,yes,800,600
Capsule wardrobe_000009.png,png,yes,800,600
Capsule wardrobe_000010.png,png,yes,800,600
Capsule wardrobe_000011.png,png,yes,800,600
Capsule wardrobe_000014.png,png,yes,800,600
Capsule wardrobe_000015.png,png,yes,800,600
Capsule wardrobe_000017.png,png,yes,800,600
Capsule wardrobe_000018.png,png,yes,800,600
Capsule wardrobe_000019.png,png,yes,800,600
Card games_000001.png,png,yes,800,600
Castles_000002.png,png,yes,800,600
Castles_000003.png,png,yes,800,600
Castles_000004.png,png,yes,800,600
Castles_000006.png,png,yes,800,600
Castles_000007.png,png,yes,800,600
Castles_000009.png,png,yes,800,600
Castles_000012.png,png,yes,800,600
Castles_000013.png,png,yes,800,600
Castles_000014.png,png,yes,800,600
Castles_000015.png,png,yes,800,600
Castles_000016.png,png,yes,800,600
Castles_000017.png,png,yes,800,600
Castles_000018.png,png,yes,800,600
Castles_000019.png,png,yes,800,600
Castles_000020.png,png,yes,800,600
Castles_000021.png,png,yes,800,600
Castles_000022.png,png,yes,800,600
Castles_000023.png,png,yes,800,600
Castles_000024.png,png,yes,800,600
Castles_000025.png,png,yes,800,600
Castles_000026.png,png,yes,800,600
Castles_000029.png,png,yes,800,600
Castles_000030.png,png,yes,800,600
Castles_000031.png,png,yes,800,600
Castles_000032.png,png,yes,800,600
Castles_000033.png,png,yes,800,600
Castles_000036.png,png,yes,800,600
Castles_000037.png,png,yes,800,600
Casual wear_000003.png,png,yes,800,600
Casual wear_000004.png,png,yes,800,600
Casual wear_000005.png,png,yes,800,600
Casual wear_000006.png,png,yes,800,600
Casual wear_000007.png,png,yes,800,600
Casual wear_000008.png,png,yes,800,600
Casual wear_000009.png,png,yes,800,600
Casual wear_000010.png,png,yes,800,600
Casual wear_000011.png,png,yes,800,600
Casual wear_000012.png,png,yes,800,600
Casual wear_000013.png,png,yes,800,600
Casual wear_000015.png,png,yes,800,600
Casual wear_000017.png,png,yes,800,600
Casual wear_000018.png,png,yes,800,600
Casual wear_000019.png,png,yes,800,600
Casual wear_000020.png,png,yes,800,600
Casual wear_000021.png,png,yes,800,600
Casual wear_000022.png,png,yes,800,600
Casual wear_000023.png,png,yes,800,600
Casual wear_000024.png,png,yes,800,600
Casual wear_000025.png,png,yes,800,600
Casual wear_000026.png,png,yes,800,600
Casual wear_000027.png,png,yes,800,600
Casual wear_000030.png,png,yes,800,600
Casual wear_000031.png,png,yes,800,600
Casual wear_000033.png,png,yes,800,600
Casual wear_000034.png,png,yes,800,600
Casual wear_000036.png,png,yes,800,600
Casual wear_000037.png,png,yes,800,600
Casual wear_000039.png,png,yes,800,600
Casual wear_000041.png,png,yes,800,600
Casual wear_000042.png,png,yes,800,600
Casual wear_000043.png,png,yes,800,600
Casual wear_000045.png,png,yes,800,600
Casual wear_000046.png,png,yes,800,600
Casual wear_000047.png,png,yes,800,600
Casual wear_000048.png,png,yes,800,600
Casual wear_000049.png,png,yes,800,600
Casual wear_000051.png,png,yes,800,600
Casual wear_000053.png,png,yes,800,600
Casual wear_000054.png,png,yes,800,600
Casual wear_000056.png,png,yes,800,600
Casual wear_000057.png,png,yes,800,600
Casual wear_000058.png,png,yes,800,600
Casual wear_000059.png,png,yes,800,600
Casual wear_000060.png,png,yes,800,600
Casual wear_000061.png,png,yes,800,600
Cats_000001.png,png,yes,800,600
Cats_000002.png,png,yes,800,600
Cats_000003.png,png,yes,800,600
Cats_000004.png,png,yes,800,600
Cats_000005.png,png,yes,800,600
Cats_000007.png,png,yes,800,600
Cats_000008.png,png,yes,800,600
Cats_000009.png,png,yes,800,600
Cats_000010.png,png,yes,800,600
Cats_000011.png,png,yes,800,600
Cats_000014.png,png,yes,800,600
Cats_000015.png,png,yes,800,600
Cats_000016.png,png,yes,800,600
Cats_000017.png,png,yes,800,600
Cats_000018.png,png,yes,800,600
Cats_000019.png,png,yes,800,600
Cats_000021.png,png,yes,800,600
Cats_000022.png,png,yes,800,600
Cats_000023.png,png,yes,800,600
Cats_000024.png,png,yes,800,600
Cats_000025.png,png,yes,800,600
Cats_000026.png,png,yes,800,600
Cats_000030.png,png,yes,800,600
Cats_000031.png,png,yes,800,600
Cats_000032.png,png,yes,800,600
Cats_000035.png,png,yes,800,600
Caves_000001.png,png,yes,800,600
Caves_000002.png,png,yes,800,600
Caves_000003.png,png,yes,800,600
Caves_000006.png,png,yes,800,600
Caves_000007.png,png,yes,800,600
Caves_000008.png,png,yes,800,600
Caves_000009.png,png,yes,800,600
Caves_000010.png,png,yes,800,600
Caves_000011.png,png,yes,800,600
Caves_000012.png,png,yes,800,600
Caves_000013.png,png,yes,800,600
Caves_000015.png,png,yes,800,600
Caves_000017.png,png,yes,800,600
Caves_000018.png,png,yes,800,600
Caves_000019.png,png,yes,800,600
Caves_000020.png,png,yes,800,600
Caves_000021.png,png,yes,800,600
Caves_000023.png,png,yes,800,600
Caves_000024.png,png,yes,800,600
Chocolate_000001.png,png,yes,800,600
Chocolate_000002.png,png,yes,800,600
Chocolate_000003.png,png,yes,800,600
Chocolate_000004.png,png,yes,800,600
Chocolate_000005.png,png,yes,800,600
Chocolate_000006.png,png,yes,800,600
Chocolate_000008.png,png,yes,800,600
Chocolate_000009.png,png,yes,800,600
Chocolate_000011.png,png,yes,800,600
Chocolate_000012.png,png,yes,800,600
Chocolate_000014.png,png,yes,800,600
Chocolate_000015.png,png,yes,800,600
Chocolate_000016.png,png,yes,800,600
Chocolate_000017.png,png,yes,800,600
Chocolate_000018.png,png,yes,800,600
Chocolate_000019.png,png,yes,800,600
Chocolate_000021.png,png,yes,800,600
Chocolate_000022.png,png,yes,800,600
Chocolate_000023.png,png,yes,800,600
Chocolate_000025.png,png,yes,800,600
Chocolate_000026.png,png,yes,800,600
Chocolate_000027.png,png,yes,800,600
Chocolate_000028.png,png,yes,800,600
Chocolate_000030.png,png,yes,800,600
Chocolate_000032.png,png,yes,800,600
Chocolate_000033.png,png,yes,800,600
Chocolate_000035.png,png,yes,800,600
Chocolate_000038.png,png,yes,800,600
Chocolate_000039.png,png,yes,800,600
Chocolate_000040.png,png,yes,800,600
Chocolate_000044.png,png,yes,800,600
Chocolate_000045.png,png,yes,800,600
Chocolate_000047.png,png,yes,800,600
Cities_000001.png,png,yes,800,600
Cities_000002.png,png,yes,800,600
Cities_000003.png,png,yes,800,600
Cities_000005.png,png,yes,800,600
Cities_000006.png,png,yes,800,600
Cities_000007.png,png,yes,800,600
Cities_000008.png,png,yes,800,600
Cities_000009.png,png,yes,800,600
Cities_000011.png,png,yes,800,600
Cities_000012.png,png,yes,800,600
Cities_000014.png,png,yes,800,600
Cities_000015.png,png,yes,800,600
Cities_000016.png,png,yes,800,600
Cities_000020.png,png,yes,800,600
Cities_000021.png,png,yes,800,600
Cities_000022.png,png,yes,800,600
Cities_000023.png,png,yes,800,600
Cities_000024.png,png,yes,800,600
Cities_000027.png,png,yes,800,600
Cities_000029.png,png,yes,800,600
Cities_000030.png,png,yes,800,600
Cities_000031.png,png,yes,800,600
Cities_000032.png,png,yes,800,600
Cities_000033.png,png,yes,800,600
Cities_000034.png,png,yes,800,600
Cliffs_000001.png,png,yes,800,600
Cliffs_000002.png,png,yes,800,600
Cliffs_000003.png,png,yes,800,600
Cliffs_000004.png,png,yes,800,600
Cliffs_000005.png,png,yes,800,600
Cliffs_000006.png,png,yes,800,600
Cliffs_000007.png,png,yes,800,600
Cliffs_000008.png,png,yes,800,600
Cliffs_000009.png,png,yes,800,600
Cliffs_000010.png,png,yes,800,600
Cliffs_000011.png,png,yes,800,600
Cliffs_000012.png,png,yes,800,600
Cliffs_000014.png,png,yes,800,600
Climate change_000001.png,png,yes,800,600
Climate change_000003.png,png,yes,800,600
Climate change_000004.png,png,yes,800,600
Climate change_000005.png,png,yes,800,600
Climate change_000007.png,png,yes,800,600
Climate change_000008.png,png,yes,800,600
Climate change_000010.png,png,yes,800,600
Climate change_000012.png,png,yes,800,600
Climate change_000013.png,png,yes,800,600
Climate change_000014.png,png,yes,800,600
Climate change_000016.png,png,yes,800,600
Climate change_000017.png,png,yes,800,600
Climbing_000002.png,png,yes,800,600
Climbing_000003.png,png,yes,800,600
Climbing_000004.png,png,yes,800,600
Climbing_000006.png,png,yes,800,600
Climbing_000007.png,png,yes,800,600
Climbing_000008.png,png,yes,800,600
Climbing_000009.png,png,yes,800,600
Climbing_000010.png,png,yes,800,600
Climbing_000011.png,png,yes,800,600
Climbing_000012.png,png,yes,800,600
Climbing_000015.png,png,yes,800,600
Climbing_000017.png,png,yes,800,600
Climbing_000018.png,png,yes,800,600
Clothing_000001.png,png,yes,800,600
Clothing_000003.png,png,yes,800,600
Clothing_000005.png,png,yes,800,600
Clothing_000006.png,png,yes,800,600
Clothing_000007.png,png,yes,800,600
Clothing_000008.png,png,yes,800,600
Clothing_000010.png,png,yes,800,600
Clothing_000014.png,png,yes,800,600
Clothing_000016.png,png,yes,800,600
Clothing_000018.png,png,yes,800,600
Clothing_000019.png,png,yes,800,600
Clothing_000021.png,png,yes,800,600
Clothing_000022.png,png,yes,800,600
Clothing_000023.png,png,yes,800,600
Clothing_000024.png,png,yes,800,600
Clothing_000026.png,png,yes,800,600
Clothing_000027.png,png,yes,800,600
Clothing_000029.png,png,yes,800,600
Clothing_000030.png,png,yes,800,600
Clothing_000031.png,png,yes,800,600
Clothing_000032.png,png,yes,800,600
Clothing_000033.png,png,yes,800,600
Clothing_000034.png,png,yes,800,600
Clouds_000002.png,png,yes,800,600
Clouds_000003.png,png,yes,800,600
Clouds_000004.png,png,yes,800,600
Clouds_000005.png,png,yes,800,600
Clouds_000006.png,png,yes,800,600
Clouds_000007.png,png,yes,800,600
Clouds_000008.png,png,yes,800,600
Clouds_000009.png,png,yes,800,600
Clouds_000010.png,png,yes,800,600
Clouds_000012.png,png,yes,800,600
Clouds_000013.png,png,yes,800,600
Clouds_000014.png,png,yes,800,600
Clouds_000016.png,png,yes,800,600
Clouds_000017.png,png,yes,800,600
Clouds_000018.png,png,yes,800,600
Clouds_000019.png,png,yes,800,600
Clouds_000025.png,png,yes,800,600
Clouds_000026.png,png,yes,800,600
Clouds_000027.png,png,yes,800,600
Clouds_000028.png,png,yes,800,600
Coastal cliffs_000002.png,png,yes,800,600
Coastal cliffs_000004.png,png,yes,800,600
Coastal cliffs_000006.png,png,yes,800,600
Coastal cliffs_000007.png,png,yes,800,600
Coastal cliffs_000008.png,png,yes,800,600
Coastal cliffs_000009.png,png,yes,800,600
Coastal cliffs_000010.png,png,yes,800,600
Coastal cliffs_000011.png,png,yes,800,600
Coastal cliffs_000013.png,png,yes,800,600
Coastal cliffs_000014.png,png,yes,800,600
Coastal cliffs_000015.png,png,yes,800,600
Coastal cliffs_000016.png,png,yes,800,600
Coastal cliffs_000017.png,png,yes,800,600
Coastal cliffs_000019.png,png,yes,800,600
Coastal cliffs_000020.png,png,yes,800,600
Coastal cliffs_000022.png,png,yes,800,600
Coastal cliffs_000025.png,png,yes,800,600
Coastal cliffs_000026.png,png,yes,800,600
Coastal cliffs_000027.png,png,yes,800,600
Coastal cliffs_000029.png,png,yes,800,600
Coastal cliffs_000030.png,png,yes,800,600
Coastal cliffs_000031.png,png,yes,800,600
Coastal cliffs_000032.png,png,yes,800,600
Coastal cliffs_000034.png,png,yes,800,600
Coastal cliffs_000035.png,png,yes,800,600
Coastal cliffs_000036.png,png,yes,800,600
Coastal cliffs_000038.png,png,yes,800,600
Coastal cliffs_000039.png,png,yes,800,600
Coastal cliffs_000040.png,png,yes,800,600
Coastal cliffs_000042.png,png,yes,800,600
Coastal cliffs_000044.png,png,yes,800,600
Coastal cliffs_000045.png,png,yes,800,600
Coastal cliffs_000046.png,png,yes,800,600
Coastal cliffs_000047.png,png,yes,800,600
Coastal cliffs_000048.png,png,yes,800,600
Coastal cliffs_000050.png,png,yes,800,600
Coastal cliffs_000051.png,png,yes,800,600
Coastal cliffs_000052.png,png,yes,800,600
Coastal cliffs_000053.png,png,yes,800,600
Coastal cliffs_000054.png,png,yes,800,600
Coastal cliffs_000056.png,png,yes,800,600
Coastal cliffs_000057.png,png,yes,800,600
Coastal cliffs_000058.png,png,yes,800,600
Coastal cliffs_000059.png,png,yes,800,600
Coastal cliffs_000060.png,png,yes,800,600
Coastal cliffs_000062.png,png,yes,800,600
Coastal cliffs_000063.png,png,yes,800,600
Coastal cliffs_000066.png,png,yes,800,600
Coastal cliffs_000067.png,png,yes,800,600
Coastal cliffs_000068.png,png,yes,800,600
Coastal cliffs_000069.png,png,yes,800,600
Coastal cliffs_000070.png,png,yes,800,600
Coastal cliffs_000071.png,png,yes,800,600
Coastal cliffs_000075.png,png,yes,800,600
Coastal cliffs_000076.png,png,yes,800,600
Coastal cliffs_000077.png,png,yes,800,600
Coastal cliffs_000078.png,png,yes,800,600
Coastal cliffs_000079.png,png,yes,800,600
Coastal cliffs_000080.png,png,yes,800,600
Coastal cliffs_000081.png,png,yes,800,600
Coastal cliffs_000083.png,png,yes,800,600
Coastal cliffs_000084.png,png,yes,800,600
Coastal cliffs_000085.png,png,yes,800,600
Cocktails_000001.png,png,yes,800,600
Cocktails_000003.png,png,yes,800,600
Cocktails_000004.png,png,yes,800,600
Cocktails_000007.png,png,yes,800,600
Cocktails_000008.png,png,yes,800,600
Cocktails_000009.png,png,yes,800,600
Cocktails_000010.png,png,yes,800,600
Cocktails_000011.png,png,yes,800,600
Cocktails_000012.png,png,yes,800,600
Cocktails_000013.png,png,yes,800,600
Cocktails_000014.png,png,yes,800,600
Cocktails_000015.png,png,yes,800,600
Cocktails_000018.png,png,yes,800,600
Cocktails_000019.png,png,yes,800,600
Cocktails_000020.png,png,yes,800,600
Cocktails_000023.png,png,yes,800,600
Cocktails_000024.png,png,yes,800,600
Cocktails_000025.png,png,yes,800,600
Cocktails_000026.png,png,yes,800,600
Cocktails_000028.png,png,yes,800,600
Cocktails_000029.png,png,yes,800,600
Cocktails_000030.png,png,yes,800,600
Cocktails_000031.png,png,yes,800,600
Cocktails_000034.png,png,yes,800,600
Cocktails_000035.png,png,yes,800,600
Cocktails_000036.png,png,yes,800,600
Cocktails_000037.png,png,yes,800,600
Cocktails_000038.png,png,yes,800,600
Cocktails_000039.png,png,yes,800,600
Cocktails_000040.png,png,yes,800,600
Cocktails_000042.png,png,yes,800,600
Coding_000001.png,png,yes,800,600
Coding_000002.png,png,yes,800,600
Coding_000003.png,png,yes,800,600
Coding_000004.png,png,yes,800,600
Coding_000005.png,png,yes,800,600
Coding_000007.png,png,yes,800,600
Coding_000010.png,png,yes,800,600
Coding_000011.png,png,yes,800,600
Coding_000012.png,png,yes,800,600
Coding_000013.png,png,yes,800,600
Coding_000014.png,png,yes,800,600
Coding_000016.png,png,yes,800,600
Coding_000018.png,png,yes,800,600
Coding_000019.png,png,yes,800,600
Coding_000020.png,png,yes,800,600
Coding_000021.png,png,yes,800,600
Coding_000022.png,png,yes,800,600
Coding_000023.png,png,yes,800,600
Coding_000025.png,png,yes,800,600
Coding_000027.png,png,yes,800,600
Coding_000028.png,png,yes,800,600
Coding_000029.png,png,yes,800,600
Coding_000031.png,png,yes,800,600
Coffee_000001.png,png,yes,800,600
Coffee_000002.png,png,yes,800,600
Coffee_000004.png,png,yes,800,600
Coffee_000007.png,png,yes,800,600
Coffee_000008.png,png,yes,800,600
Coffee_000009.png,png,yes,800,600
Coffee_000010.png,png,yes,800,600
Coffee_000011.png,png,yes,800,600
Coffee_000012.png,png,yes,800,600
Coffee_000013.png,png,yes,800,600
Coffee_000014.png,png,yes,800,600
Coffee_000015.png,png,yes,800,600
Coffee_000016.png,png,yes,800,600
Coffee_000017.png,png,yes,800,600
Coffee_000018.png,png,yes,800,600
Coffee_000019.png,png,yes,800,600
Coffee_000020.png,png,yes,800,600
Coffee_000021.png,png,yes,800,600
Color palettes_000001.png,png,yes,800,600
Color palettes_000002.png,png,yes,800,600
Color palettes_000003.png,png,yes,800,600
Color palettes_000004.png,png,yes,800,600
Color palettes_000005.png,png,yes,800,600
Color palettes_000007.png,png,yes,800,600
Color palettes_000012.png,png,yes,800,600
Color palettes_000013.png,png,yes,800,600
Color palettes_000014.png,png,yes,800,600
Color palettes_000015.png,png,yes,800,600
Color palettes_000016.png,png,yes,800,600
Color palettes_000017.png,png,yes,800,600
Color palettes_000022.png,png,yes,800,600
Color palettes_000023.png,png,yes,800,600
Color palettes_000024.png,png,yes,800,600
Color palettes_000025.png,png,yes,800,600
Color palettes_000026.png,png,yes,800,600
Color palettes_000027.png,png,yes,800,600
Color palettes_000028.png,png,yes,800,600
Color palettes_000029.png,png,yes,800,600
Color palettes_000031.png,png,yes,800,600
Color palettes_000032.png,png,yes,800,600
Color palettes_000033.png,png,yes,800,600
Color palettes_000036.png,png,yes,800,600
Color palettes_000037.png,png,yes,800,600
Color palettes_000038.png,png,yes,800,600
Color palettes_000039.png,png,yes,800,600
Color palettes_000040.png,png,yes,800,600
Color theory_000001.png,png,yes,800,600
Community service_000002.png,png,yes,800,600
Community service_000003.png,png,yes,800,600
Community service_000005.png,png,yes,800,600
Community service_000006.png,png,yes,800,600
Community service_000007.png,png,yes,800,600
Community service_000008.png,png,yes,800,600
Community service_000009.png,png,yes,800,600
Community service_000010.png,png,yes,800,600
Community service_000011.png,png,yes,800,600
Community service_000012.png,png,yes,800,600
Community service_000013.png,png,yes,800,600
Community service_000014.png,png,yes,800,600
Community service_000015.png,png,yes,800,600
Community service_000018.png,png,yes,800,600
Community service_000019.png,png,yes,800,600
Community service_000020.png,png,yes,800,600
Community service_000021.png,png,yes,800,600
Community service_000022.png,png,yes,800,600
Community service_000024.png,png,yes,800,600
Computers_000001.png,png,yes,800,600
Computers_000002.png,png,yes,800,600
Computers_000003.png,png,yes,800,600
Computers_000004.png,png,yes,800,600
Computers_000005.png,png,yes,800,600
Computers_000006.png,png,yes,800,600
Computers_000007.png,png,yes,800,600
Computers_000008.png,png,yes,800,600
Computers_000009.png,png,yes,800,600
Computers_000010.png,png,yes,800,600
Computers_000011.png,png,yes,800,600
Computers_000012.png,png,yes,800,600
Computers_000015.png,png,yes,800,600
Computers_000016.png,png,yes,800,600
Computers_000017.png,png,yes,800,600
Computers_000018.png,png,yes,800,600
Computers_000020.png,png,yes,800,600
Computers_000021.png,png,yes,800,600
Computers_000022.png,png,yes,800,600
Computers_000023.png,png,yes,800,600
Computers_000024.png,png,yes,800,600
Computers_000025.png,png,yes,800,600
Computers_000026.png,png,yes,800,600
Computers_000027.png,png,yes,800,600
Computers_000029.png,png,yes,800,600
Computers_000030.png,png,yes,800,600
Computers_000031.png,png,yes,800,600
Computers_000032.png,png,yes,800,600
Computers_000033.png,png,yes,800,600
Computers_000035.png,png,yes,800,600
Computers_000036.png,png,yes,800,600
Computers_000037.png,png,yes,800,600
Computers_000038.png,png,yes,800,600
Computers_000039.png,png,yes,800,600
Computers_000042.png,png,yes,800,600
Computers_000043.png,png,yes,800,600
Computers_000044.png,png,yes,800,600
Concert tours_000002.png,png,yes,800,600
Concert tours_000003.png,png,yes,800,600
Concert tours_000004.png,png,yes,800,600
Concert tours_000007.png,png,yes,800,600
Concert tours_000008.png,png,yes,800,600
Concert tours_000009.png,png,yes,800,600
Concert tours_000010.png,png,yes,800,600
Concert tours_000015.png,png,yes,800,600
Concerts_000003.png,png,yes,800,600
Concerts_000004.png,png,yes,800,600
Concerts_000005.png,png,yes,800,600
Concerts_000006.png,png,yes,800,600
Concerts_000007.png,png,yes,800,600
Concerts_000008.png,png,yes,800,600
Concerts_000009.png,png,yes,800,600
Concerts_000010.png,png,yes,800,600
Concerts_000011.png,png,yes,800,600
Concerts_000012.png,png,yes,800,600
Concerts_000013.png,png,yes,800,600
Concerts_000015.png,png,yes,800,600
Concerts_000016.png,png,yes,800,600
Concerts_000018.png,png,yes,800,600
Concerts_000020.png,png,yes,800,600
Concerts_000021.png,png,yes,800,600
Concerts_000022.png,png,yes,800,600
Concerts_000024.png,png,yes,800,600
Concerts_000025.png,png,yes,800,600
Concerts_000026.png,png,yes,800,600
Concerts_000028.png,png,yes,800,600
Content creation_000001.png,png,yes,800,600
Content creation_000002.png,png,yes,800,600
Content creation_000003.png,png,yes,800,600
Content creation_000004.png,png,yes,800,600
Content creation_000005.png,png,yes,800,600
Content creation_000006.png,png,yes,800,600
Content creation_000010.png,png,yes,800,600
Content creation_000011.png,png,yes,800,600
Content creation_000012.png,png,yes,800,600
Content creation_000013.png,png,yes,800,600
Content creation_000017.png,png,yes,800,600
Content creation_000020.png,png,yes,800,600
Content creation_000021.png,png,yes,800,600
Content creation_000022.png,png,yes,800,600
Content creation_000023.png,png,yes,800,600
Content creation_000024.png,png,yes,800,600
Content creation_000028.png,png,yes,800,600
Content creation_000029.png,png,yes,800,600
Content creation_000030.png,png,yes,800,600
Content creation_000031.png,png,yes,800,600
Content creation_000032.png,png,yes,800,600
Content creation_000033.png,png,yes,800,600
Content creation_000034.png,png,yes,800,600
Content creation_000036.png,png,yes,800,600
Cooking shows_000002.png,png,yes,800,600
Cooking shows_000004.png,png,yes,800,600
Cooking shows_000005.png,png,yes,800,600
Cooking shows_000006.png,png,yes,800,600
Cooking shows_000007.png,png,yes,800,600
Cooking shows_000008.png,png,yes,800,600
Cooking shows_000010.png,png,yes,800,600
Cooking shows_000011.png,png,yes,800,600
Coral reefs_000001.png,png,yes,800,600
Coral reefs_000002.png,png,yes,800,600
Coral reefs_000003.png,png,yes,800,600
Coral reefs_000005.png,png,yes,800,600
Coral reefs_000006.png,png,yes,800,600
Coral reefs_000007.png,png,yes,800,600
Coral reefs_000008.png,png,yes,800,600
Coral reefs_000009.png,png,yes,800,600
Coral reefs_000012.png,png,yes,800,600
Coral reefs_000013.png,png,yes,800,600
Coral reefs_000014.png,png,yes,800,600
Coral reefs_000015.png,png,yes,800,600
Coral reefs_000016.png,png,yes,800,600
Coral reefs_000017.png,png,yes,800,600
Coral reefs_000018.png,png,yes,800,600
Coral reefs_000019.png,png,yes,800,600
Coral reefs_000020.png,png,yes,800,600
Country music_000001.png,png,yes,800,600
Country music_000002.png,png,yes,800,600
Country music_000003.png,png,yes,800,600
Country music_000004.png,png,yes,800,600
Country music_000009.png,png,yes,800,600
Country music_000011.png,png,yes,800,600
Country music_000012.png,png,yes,800,600
Country music_000013.png,png,yes,800,600
Country music_000014.png,png,yes,800,600
Country music_000016.png,png,yes,800,600
Countryside_000001.png,png,yes,800,600
Countryside_000002.png,png,yes,800,600
Countryside_000004.png,png,yes,800,600
Countryside_000006.png,png,yes,800,600
Countryside_000007.png,png,yes,800,600
Countryside_000008.png,png,yes,800,600
Countryside_000010.png,png,yes,800,600
Countryside_000011.png,png,yes,800,600
Countryside_000013.png,png,yes,800,600
Countryside_000014.png,png,yes,800,600
Countryside_000016.png,png,yes,800,600
Countryside_000017.png,png,yes,800,600
Countryside_000018.png,png,yes,800,600
Countryside_000019.png,png,yes,800,600
Countryside_000020.png,png,yes,800,600
Countryside_000023.png,png,yes,800,600
Countryside_000026.png,png,yes,800,600
Countryside_000027.png,png,yes,800,600
Craft fairs_000002.png,png,yes,800,600
Craft fairs_000003.png,png,yes,800,600
Craft fairs_000004.png,png,yes,800,600
Craft fairs_000005.png,png,yes,800,600
Craft fairs_000006.png,png,yes,800,600
Craft fairs_000007.png,png,yes,800,600
Craft fairs_000008.png,png,yes,800,600
Craft fairs_000009.png,png,yes,800,600
Craft fairs_000010.png,png,yes,800,600
Craft fairs_000011.png,png,yes,800,600
Craft fairs_000013.png,png,yes,800,600
Craft fairs_000014.png,png,yes,800,600
Craft fairs_000015.png,png,yes,800,600
Craft fairs_000018.png,png,yes,800,600
Craft fairs_000019.png,png,yes,800,600
Craft fairs_000020.png,png,yes,800,600
Crafting ideas_000001.png,png,yes,800,600
Crafting ideas_000002.png,png,yes,800,600
Crafting ideas_000003.png,png,yes,800,600
Crafting ideas_000004.png,png,yes,800,600
Crafting ideas_000005.png,png,yes,800,600
Crafting ideas_000006.png,png,yes,800,600
Crafting ideas_000008.png,png,yes,800,600
Crafting ideas_000009.png,png,yes,800,600
Crafting ideas_000010.png,png,yes,800,600
Crafting ideas_000012.png,png,yes,800,600
Crafting ideas_000013.png,png,yes,800,600
Crafting ideas_000017.png,png,yes,800,600
Crafting ideas_000018.png,png,yes,800,600
Crafting ideas_000020.png,png,yes,800,600
Crafting ideas_000021.png,png,yes,800,600
Crafting ideas_000022.png,png,yes,800,600
Crafting ideas_000023.png,png,yes,800,600
Crafting ideas_000024.png,png,yes,800,600
Crafting ideas_000025.png,png,yes,800,600
Crafting ideas_000027.png,png,yes,800,600
Crafting ideas_000028.png,png,yes,800,600
Crafting ideas_000029.png,png,yes,800,600
Crafting ideas_000031.png,png,yes,800,600
Crafting ideas_000032.png,png,yes,800,600
Crafting ideas_000033.png,png,yes,800,600
Crafting ideas_000034.png,png,yes,800,600
Crafting ideas_000035.png,png,yes,800,600
Crafting ideas_000036.png,png,yes,800,600
Crafting ideas_000039.png,png,yes,800,600
Crafting ideas_000040.png,png,yes,800,600
Crafting ideas_000041.png,png,yes,800,600
Crafting ideas_000043.png,png,yes,800,600
Crafting ideas_000044.png,png,yes,800,600
Crafting ideas_000046.png,png,yes,800,600
Crafting ideas_000048.png,png,yes,800,600
Crafting ideas_000049.png,png,yes,800,600
Crafting ideas_000050.png,png,yes,800,600
Crafting ideas_000051.png,png,yes,800,600
Crafting ideas_000053.png,png,yes,800,600
Crafting ideas_000054.png,png,yes,800,600
Crafting ideas_000055.png,png,yes,800,600
Crafting ideas_000057.png,png,yes,800,600
Crafting ideas_000060.png,png,yes,800,600
Crafting ideas_000061.png,png,yes,800,600
Crafting ideas_000062.png,png,yes,800,600
Crafting ideas_000063.png,png,yes,800,600
Crafting ideas_000064.png,png,yes,800,600
Crafting ideas_000065.png,png,yes,800,600
Crafting ideas_000066.png,png,yes,800,600
Crafting ideas_000067.png,png,yes,800,600
Crafting ideas_000068.png,png,yes,800,600
Crafting ideas_000069.png,png,yes,800,600
Crafting ideas_000070.png,png,yes,800,600
Crafting ideas_000071.png,png,yes,800,600
Crafting ideas_000072.png,png,yes,800,600
Crafting ideas_000073.png,png,yes,800,600
Crafting ideas_000075.png,png,yes,800,600
Crafting ideas_000076.png,png,yes,800,600
Crafting ideas_000077.png,png,yes,800,600
Crafts_000001.png,png,yes,800,600
Crafts_000004.png,png,yes,800,600
Crafts_000005.png,png,yes,800,600
Crafts_000006.png,png,yes,800,600
Crafts_000007.png,png,yes,800,600
Crafts_000008.png,png,yes,800,600
Crafts_000009.png,png,yes,800,600
Crafts_000010.png,png,yes,800,600
Crafts_000011.png,png,yes,800,600
Crafts_000012.png,png,yes,800,600
Crafts_000013.png,png,yes,800,600
Crafts_000015.png,png,yes,800,600
Crafts_000016.png,png,yes,800,600
Crafts_000017.png,png,yes,800,600
Crafts_000020.png,png,yes,800,600
Crafts_000021.png,png,yes,800,600
Crafts_000022.png,png,yes,800,600
Crafts_000023.png,png,yes,800,600
Crafts_000024.png,png,yes,800,600
Crafts_000025.png,png,yes,800,600
Crafts_000026.png,png,yes,800,600
Crafts_000028.png,png,yes,800,600
Crafts_000029.png,png,yes,800,600
Crafts_000030.png,png,yes,800,600
Crafts_000031.png,png,yes,800,600
Crafts_000032.png,png,yes,800,600
Crafts_000033.png,png,yes,800,600
Crafts_000034.png,png,yes,800,600
Crafts_000035.png,png,yes,800,600
Crafts_000039.png,png,yes,800,600
Crafts_000040.png,png,yes,800,600
Crafts_000041.png,png,yes,800,600
Crafts_000045.png,png,yes,800,600
Crafts_000047.png,png,yes,800,600
Crafts_000048.png,png,yes,800,600
Crafts_000050.png,png,yes,800,600
Crafts_000051.png,png,yes,800,600
Crafts_000052.png,png,yes,800,600
Crafts_000053.png,png,yes,800,600
Crafts_000054.png,png,yes,800,600
Crafts_000055.png,png,yes,800,600
Crafts_000056.png,png,yes,800,600
Creative hobbies_000001.png,png,yes,800,600
Creative hobbies_000003.png,png,yes,800,600
Creative hobbies_000004.png,png,yes,800,600
Creative hobbies_000005.png,png,yes,800,600
Creative hobbies_000006.png,png,yes,800,600
Creative hobbies_000009.png,png,yes,800,600
Creative hobbies_000010.png,png,yes,800,600
Creative hobbies_000012.png,png,yes,800,600
Creative hobbies_000013.png,png,yes,800,600
Creative hobbies_000014.png,png,yes,800,600
Creative hobbies_000017.png,png,yes,800,600
Creative hobbies_000018.png,png,yes,800,600
Creative hobbies_000020.png,png,yes,800,600
Creative hobbies_000021.png,png,yes,800,600
Creative hobbies_000023.png,png,yes,800,600
Creative hobbies_000024.png,png,yes,800,600
Creative hobbies_000025.png,png,yes,800,600
Creative hobbies_000026.png,png,yes,800,600
Creative hobbies_000027.png,png,yes,800,600
Creative hobbies_000028.png,png,yes,800,600
Creative hobbies_000029.png,png,yes,800,600
Creative hobbies_000030.png,png,yes,800,600
Creative hobbies_000032.png,png,yes,800,600
Creative hobbies_000034.png,png,yes,800,600
Creative hobbies_000035.png,png,yes,800,600
Creative hobbies_000036.png,png,yes,800,600
Creative hobbies_000037.png,png,yes,800,600
Creative hobbies_000038.png,png,yes,800,600
Creative hobbies_000039.png,png,yes,800,600
Creative hobbies_000041.png,png,yes,800,600
Creative hobbies_000043.png,png,yes,800,600
Creative hobbies_000044.png,png,yes,800,600
Creative hobbies_000045.png,png,yes,800,600
Creative hobbies_000047.png,png,yes,800,600
Creative hobbies_000050.png,png,yes,800,600
Creative hobbies_000051.png,png,yes,800,600
Creative hobbies_000052.png,png,yes,800,600
Creative hobbies_000053.png,png,yes,800,600
Creative hobbies_000055.png,png,yes,800,600
Creative hobbies_000057.png,png,yes,800,600
Creative hobbies_000058.png,png,yes,800,600
Creative hobbies_000059.png,png,yes,800,600
Creative hobbies_000060.png,png,yes,800,600
Creative hobbies_000061.png,png,yes,800,600
Creative hobbies_000062.png,png,yes,800,600
Creative hobbies_000063.png,png,yes,800,600
Creative hobbies_000064.png,png,yes,800,600
Creative hobbies_000065.png,png,yes,800,600
Creative hobbies_000066.png,png,yes,800,600
Creative hobbies_000068.png,png,yes,800,600
Creative hobbies_000069.png,png,yes,800,600
Creative hobbies_000070.png,png,yes,800,600
Creative hobbies_000071.png,png,yes,800,600
Culinary classes_000001.png,png,yes,800,600
Culinary classes_000002.png,png,yes,800,600
Culinary classes_000003.png,png,yes,800,600
Culinary classes_000004.png,png,yes,800,600
Culinary classes_000005.png,png,yes,800,600
Culinary classes_000007.png,png,yes,800,600
Culinary classes_000008.png,png,yes,800,600
Culinary classes_000011.png,png,yes,800,600
Culinary classes_000012.png,png,yes,800,600
Culinary classes_000013.png,png,yes,800,600
Culinary classes_000015.png,png,yes,800,600
Culinary classes_000016.png,png,yes,800,600
Culinary classes_000017.png,png,yes,800,600
Culinary classes_000019.png,png,yes,800,600
Culinary classes_000021.png,png,yes,800,600
Culinary classes_000024.png,png,yes,800,600
Culinary classes_000026.png,png,yes,800,600
Culinary classes_000027.png,png,yes,800,600
Culinary classes_000028.png,png,yes,800,600
Culinary classes_000029.png,png,yes,800,600
Culinary classes_000031.png,png,yes,800,600
Culinary classes_000033.png,png,yes,800,600
Culinary classes_000034.png,png,yes,800,600
Culinary classes_000036.png,png,yes,800,600
Culinary classes_000037.png,png,yes,800,600
Culinary classes_000038.png,png,yes,800,600
Culinary classes_000039.png,png,yes,800,600
Culinary classes_000040.png,png,yes,800,600
Culinary classes_000041.png,png,yes,800,600
Culinary classes_000042.png,png,yes,800,600
Culinary classes_000043.png,png,yes,800,600
Culinary classes_000044.png,png,yes,800,600
Culinary classes_000045.png,png,yes,800,600
Culinary classes_000046.png,png,yes,800,600
Culinary classes_000047.png,png,yes,800,600
Cultural festivals_000002.png,png,yes,800,600
Cultural festivals_000003.png,png,yes,800,600
Cultural festivals_000007.png,png,yes,800,600
Cultural festivals_000008.png,png,yes,800,600
Cultural festivals_000010.png,png,yes,800,600
Cultural festivals_000011.png,png,yes,800,600
Cultural festivals_000012.png,png,yes,800,600
Cultural festivals_000013.png,png,yes,800,600
Cultural festivals_000014.png,png,yes,800,600
Cultural festivals_000016.png,png,yes,800,600
Cultural festivals_000017.png,png,yes,800,600
Cultural festivals_000018.png,png,yes,800,600
Cultural festivals_000019.png,png,yes,800,600
Cultural festivals_000021.png,png,yes,800,600
Cultural festivals_000022.png,png,yes,800,600
Cultural festivals_000023.png,png,yes,800,600
Cultural festivals_000024.png,png,yes,800,600
Cultural festivals_000026.png,png,yes,800,600
Cultural festivals_000027.png,png,yes,800,600
Cultural festivals_000028.png,png,yes,800,600
Cultural festivals_000029.png,png,yes,800,600
Cultural festivals_000030.png,png,yes,800,600
Cultural festivals_000031.png,png,yes,800,600
Cultural festivals_000033.png,png,yes,800,600
Cultural heritage_000002.png,png,yes,800,600
Cultural heritage_000004.png,png,yes,800,600
Cultural heritage_000005.png,png,yes,800,600
Cultural heritage_000006.png,png,yes,800,600
Cultural heritage_000007.png,png,yes,800,600
Cultural heritage_000008.png,png,yes,800,600
Cultural heritage_000009.png,png,yes,800,600
Cultural heritage_000010.png,png,yes,800,600
Cultural heritage_000011.png,png,yes,800,600
Cultural heritage_000012.png,png,yes,800,600
Cultural heritage_000013.png,png,yes,800,600
Cultural heritage_000014.png,png,yes,800,600
Cultural heritage_000015.png,png,yes,800,600
Cultural heritage_000016.png,png,yes,800,600
Cultural heritage_000017.png,png,yes,800,600
Cultural heritage_000018.png,png,yes,800,600
Cultural heritage_000019.png,png,yes,800,600
Cultural heritage_000020.png,png,yes,800,600
Cultural heritage_000021.png,png,yes,800,600
Cultural heritage_000022.png,png,yes,800,600
Cultural heritage_000023.png,png,yes,800,600
Cultural heritage_000025.png,png,yes,800,600
Cultural heritage_000027.png,png,yes,800,600
Cultural heritage_000029.png,png,yes,800,600
Cultural heritage_000030.png,png,yes,800,600
Cultural heritage_000032.png,png,yes,800,600
Cultural heritage_000033.png,png,yes,800,600
Cultural heritage_000034.png,png,yes,800,600
Cultural influences_000002.png,png,yes,800,600
Cultural influences_000004.png,png,yes,800,600
Cultural influences_000005.png,png,yes,800,600
Cultural influences_000008.png,png,yes,800,600
Cultural influences_000009.png,png,yes,800,600
Cultural influences_000010.png,png,yes,800,600
Cultural influences_000011.png,png,yes,800,600
Cultural influences_000012.png,png,yes,800,600
Cultural influences_000013.png,png,yes,800,600
Cultural influences_000014.png,png,yes,800,600
Cultural influences_000015.png,png,yes,800,600
Cultural influences_000016.png,png,yes,800,600
Cultural influences_000017.png,png,yes,800,600
Culture_000001.png,png,yes,800,600
Culture_000002.png,png,yes,800,600
Culture_000003.png,png,yes,800,600
Culture_000005.png,png,yes,800,600
Culture_000007.png,png,yes,800,600
Culture_000008.png,png,yes,800,600
Culture_000010.png,png,yes,800,600
Culture_000012.png,png,yes,800,600
Culture_000013.png,png,yes,800,600
Culture_000014.png,png,yes,800,600
Culture_000016.png,png,yes,800,600
Culture_000017.png,png,yes,800,600
Culture_000018.png,png,yes,800,600
Culture_000019.png,png,yes,800,600
Culture_000021.png,png,yes,800,600
Culture_000022.png,png,yes,800,600
Culture_000024.png,png,yes,800,600
Culture_000025.png,png,yes,800,600
Culture_000026.png,png,yes,800,600
Culture_000027.png,png,yes,800,600
Culture_000028.png,png,yes,800,600
Culture_000029.png,png,yes,800,600
Culture_000030.png,png,yes,800,600
Culture_000031.png,png,yes,800,600
Culture_000032.png,png,yes,800,600
Culture_000034.png,png,yes,800,600
Culture_000036.png,png,yes,800,600
Culture_000037.png,png,yes,800,600
Culture_000038.png,png,yes,800,600
Culture_000039.png,png,yes,800,600
Cybersecurity_000001.png,png,yes,800,600
Cybersecurity_000002.png,png,yes,800,600
Cybersecurity_000003.png,png,yes,800,600
Cybersecurity_000004.png,png,yes,800,600
Cybersecurity_000005.png,png,yes,800,600
Cybersecurity_000006.png,png,yes,800,600
Cybersecurity_000007.png,png,yes,800,600
Cybersecurity_000008.png,png,yes,800,600
Cybersecurity_000011.png,png,yes,800,600
Cybersecurity_000012.png,png,yes,800,600
Cybersecurity_000014.png,png,yes,800,600
Cybersecurity_000015.png,png,yes,800,600
Cybersecurity_000016.png,png,yes,800,600
Cybersecurity_000017.png,png,yes,800,600
Cybersecurity_000018.png,png,yes,800,600
Cybersecurity_000019.png,png,yes,800,600
Cybersecurity_000020.png,png,yes,800,600
Cybersecurity_000021.png,png,yes,800,600
Cybersecurity_000023.png,png,yes,800,600
Cybersecurity_000024.png,png,yes,800,600
Cybersecurity_000027.png,png,yes,800,600
Cybersecurity_000028.png,png,yes,800,600
Cybersecurity_000029.png,png,yes,800,600
Cybersecurity_000030.png,png,yes,800,600
Cybersecurity_000031.png,png,yes,800,600
Cybersecurity_000032.png,png,yes,800,600
Cybersecurity_000033.png,png,yes,800,600
Cybersecurity_000034.png,png,yes,800,600
Cycling_000002.png,png,yes,800,600
Cycling_000003.png,png,yes,800,600
Cycling_000004.png,png,yes,800,600
Cycling_000005.png,png,yes,800,600
Cycling_000006.png,png,yes,800,600
Cycling_000008.png,png,yes,800,600
Cycling_000009.png,png,yes,800,600
Cycling_000010.png,png,yes,800,600
Cycling_000011.png,png,yes,800,600
Cycling_000012.png,png,yes,800,600
Cycling_000013.png,png,yes,800,600
Cycling_000014.png,png,yes,800,600
Cycling_000015.png,png,yes,800,600
Cycling_000016.png,png,yes,800,600
Cycling_000017.png,png,yes,800,600
Cycling_000018.png,png,yes,800,600
Cycling_000019.png,png,yes,800,600
Cycling_000020.png,png,yes,800,600
Cycling_000021.png,png,yes,800,600
Cycling_000022.png,png,yes,800,600
Cycling_000023.png,png,yes,800,600
Cycling_000024.png,png,yes,800,600
Cycling_000025.png,png,yes,800,600
Cycling_000026.png,png,yes,800,600
Cycling_000027.png,png,yes,800,600
Cycling_000028.png,png,yes,800,600
Cycling_000030.png,png,yes,800,600
Dance_000001.png,png,yes,800,600
Dance_000005.png,png,yes,800,600
Dance_000007.png,png,yes,800,600
Dance_000008.png,png,yes,800,600
Dance_000011.png,png,yes,800,600
Dance_000012.png,png,yes,800,600
Dance_000013.png,png,yes,800,600
Dance_000014.png,png,yes,800,600
Dance_000015.png,png,yes,800,600
Dance_000016.png,png,yes,800,600
Dance_000018.png,png,yes,800,600
Dance_000019.png,png,yes,800,600
Dance_000020.png,png,yes,800,600
Dance_000021.png,png,yes,800,600
Dance_000022.png,png,yes,800,600
Dance_000024.png,png,yes,800,600
Dance_000025.png,png,yes,800,600
Dance_000026.png,png,yes,800,600
Dance_000027.png,png,yes,800,600
Dance_000032.png,png,yes,800,600
Dance_000033.png,png,yes,800,600
Dance_000034.png,png,yes,800,600
Dance_000036.png,png,yes,800,600
Dance_000037.png,png,yes,800,600
Desert flowers_000002.png,png,yes,800,600
Desert flowers_000003.png,png,yes,800,600
Desert flowers_000004.png,png,yes,800,600
Desert flowers_000005.png,png,yes,800,600
Desert flowers_000006.png,png,yes,800,600
Desert flowers_000007.png,png,yes,800,600
Desert flowers_000008.png,png,yes,800,600
Desert flowers_000010.png,png,yes,800,600
Desert flowers_000011.png,png,yes,800,600
Desert flowers_000012.png,png,yes,800,600
Desert flowers_000013.png,png,yes,800,600
Desert flowers_000014.png,png,yes,800,600
Desert flowers_000016.png,png,yes,800,600
Desert flowers_000017.png,png,yes,800,600
Desert flowers_000018.png,png,yes,800,600
Desert flowers_000019.png,png,yes,800,600
Desert flowers_000020.png,png,yes,800,600
Desert flowers_000022.png,png,yes,800,600
Desert flowers_000023.png,png,yes,800,600
Desert flowers_000024.png,png,yes,800,600
Desert flowers_000026.png,png,yes,800,600
Desert flowers_000028.png,png,yes,800,600
Desert flowers_000029.png,png,yes,800,600
Desert flowers_000031.png,png,yes,800,600
Desert flowers_000032.png,png,yes,800,600
Desert flowers_000033.png,png,yes,800,600
Desert flowers_000034.png,png,yes,800,600
Desert flowers_000035.png,png,yes,800,600
Desert flowers_000036.png,png,yes,800,600
Desert flowers_000037.png,png,yes,800,600
Desert flowers_000041.png,png,yes,800,600
Desert flowers_000042.png,png,yes,800,600
Desert flowers_000044.png,png,yes,800,600
Desert flowers_000045.png,png,yes,800,600
Desert flowers_000046.png,png,yes,800,600
Desert flowers_000047.png,png,yes,800,600
Desert flowers_000048.png,png,yes,800,600
Desert flowers_000049.png,png,yes,800,600
Desert flowers_000050.png,png,yes,800,600
Desert flowers_000052.png,png,yes,800,600
Desert flowers_000053.png,png,yes,800,600
Desert flowers_000055.png,png,yes,800,600
Desert_000001.png,png,yes,800,600
Desert_000003.png,png,yes,800,600
Desert_000004.png,png,yes,800,600
Desert_000005.png,png,yes,800,600
Desert_000007.png,png,yes,800,600
Desert_000008.png,png,yes,800,600
Desert_000009.png,png,yes,800,600
Desert_000010.png,png,yes,800,600
Desert_000011.png,png,yes,800,600
Desert_000013.png,png,yes,800,600
Desert_000014.png,png,yes,800,600
Desert_000015.png,png,yes,800,600
Desert_000016.png,png,yes,800,600
Desert_000017.png,png,yes,800,600
Desert_000018.png,png,yes,800,600
Desert_000020.png,png,yes,800,600
Desert_000021.png,png,yes,800,600
Desert_000022.png,png,yes,800,600
Desert_000023.png,png,yes,800,600
Desert_000025.png,png,yes,800,600
Desert_000026.png,png,yes,800,600
Desert_000027.png,png,yes,800,600
Desert_000028.png,png,yes,800,600
Desert_000029.png,png,yes,800,600
Desert_000030.png,png,yes,800,600
Desert_000031.png,png,yes,800,600
Desert_000033.png,png,yes,800,600
Desert_000034.png,png,yes,800,600
Desert_000035.png,png,yes,800,600
Desserts_000001.png,png,yes,800,600
Desserts_000002.png,png,yes,800,600
Desserts_000003.png,png,yes,800,600
Desserts_000004.png,png,yes,800,600
Desserts_000005.png,png,yes,800,600
Desserts_000007.png,png,yes,800,600
Desserts_000009.png,png,yes,800,600
Desserts_000011.png,png,yes,800,600
Desserts_000012.png,png,yes,800,600
Desserts_000013.png,png,yes,800,600
Desserts_000014.png,png,yes,800,600
Desserts_000019.png,png,yes,800,600
Desserts_000020.png,png,yes,800,600
Desserts_000021.png,png,yes,800,600
Desserts_000022.png,png,yes,800,600
Desserts_000026.png,png,yes,800,600
Digital art_000001.png,png,yes,800,600
Digital art_000003.png,png,yes,800,600
Digital art_000004.png,png,yes,800,600
Digital art_000005.png,png,yes,800,600
Digital art_000006.png,png,yes,800,600
Digital art_000007.png,png,yes,800,600
Digital art_000008.png,png,yes,800,600
Digital art_000009.png,png,yes,800,600
Digital art_000011.png,png,yes,800,600
Digital art_000012.png,png,yes,800,600
Digital art_000013.png,png,yes,800,600
Digital art_000014.png,png,yes,800,600
Digital art_000015.png,png,yes,800,600
Digital art_000016.png,png,yes,800,600
Digital art_000018.png,png,yes,800,600
Digital art_000020.png,png,yes,800,600
Digital art_000021.png,png,yes,800,600
Digital art_000022.png,png,yes,800,600
Digital art_000023.png,png,yes,800,600
Digital art_000024.png,png,yes,800,600
Digital art_000025.png,png,yes,800,600
Digital art_000026.png,png,yes,800,600
Digital art_000027.png,png,yes,800,600
Digital art_000029.png,png,yes,800,600
Digital art_000030.png,png,yes,800,600
Digital art_000031.png,png,yes,800,600
Digital art_000032.png,png,yes,800,600
Digital art_000033.png,png,yes,800,600
Digital art_000034.png,png,yes,800,600
Digital art_000035.png,png,yes,800,600
Digital art_000036.png,png,yes,800,600
Digital art_000037.png,png,yes,800,600
Digital art_000038.png,png,yes,800,600
Digital art_000039.png,png,yes,800,600
Digital art_000040.png,png,yes,800,600
Digital art_000041.png,png,yes,800,600
Digital art_000042.png,png,yes,800,600
Digital art_000043.png,png,yes,800,600
Digital art_000044.png,png,yes,800,600
Digital art_000045.png,png,yes,800,600
Digital art_000046.png,png,yes,800,600
Digital content_000001.png,png,yes,800,600
Digital content_000003.png,png,yes,800,600
Digital content_000004.png,png,yes,800,600
Digital content_000005.png,png,yes,800,600
Digital content_000006.png,png,yes,800,600
Digital content_000008.png,png,yes,800,600
Digital content_000009.png,png,yes,800,600
Digital content_000011.png,png,yes,800,600
Digital content_000012.png,png,yes,800,600
Digital content_000013.png,png,yes,800,600
Digital content_000014.png,png,yes,800,600
Digital content_000016.png,png,yes,800,600
Digital content_000018.png,png,yes,800,600
Digital content_000020.png,png,yes,800,600
Digital content_000022.png,png,yes,800,600
Digital content_000023.png,png,yes,800,600
Digital marketing_000001.png,png,yes,800,600
Digital marketing_000002.png,png,yes,800,600
Digital marketing_000003.png,png,yes,800,600
Digital marketing_000004.png,png,yes,800,600
Digital marketing_000005.png,png,yes,800,600
Digital marketing_000006.png,png,yes,800,600
Digital marketing_000007.png,png,yes,800,600
Digital marketing_000009.png,png,yes,800,600
Digital marketing_000012.png,png,yes,800,600
Digital marketing_000013.png,png,yes,800,600
Digital marketing_000014.png,png,yes,800,600
Digital marketing_000016.png,png,yes,800,600
Digital marketing_000017.png,png,yes,800,600
Digital marketing_000018.png,png,yes,800,600
Digital marketing_000019.png,png,yes,800,600
Digital marketing_000022.png,png,yes,800,600
Digital marketing_000023.png,png,yes,800,600
Digital marketing_000024.png,png,yes,800,600
Digital marketing_000026.png,png,yes,800,600
Digital marketing_000028.png,png,yes,800,600
Digital marketing_000029.png,png,yes,800,600
Digital marketing_000030.png,png,yes,800,600
Digital marketing_000031.png,png,yes,800,600
Digital marketing_000032.png,png,yes,800,600
Digital marketing_000034.png,png,yes,800,600
Digital marketing_000035.png,png,yes,800,600
Digital marketing_000036.png,png,yes,800,600
Digital marketing_000037.png,png,yes,800,600
Digital marketing_000040.png,png,yes,800,600
Digital marketing_000041.png,png,yes,800,600
Dinner_000001.png,png,yes,800,600
Dinner_000002.png,png,yes,800,600
Dinner_000005.png,png,yes,800,600
Dinner_000006.png,png,yes,800,600
Dinner_000007.png,png,yes,800,600
Dinner_000008.png,png,yes,800,600
Dinner_000009.png,png,yes,800,600
Dinner_000011.png,png,yes,800,600
Dinner_000016.png,png,yes,800,600
Dinner_000018.png,png,yes,800,600
Dinner_000019.png,png,yes,800,600
Dinner_000020.png,png,yes,800,600
Dinner_000021.png,png,yes,800,600
Dinner_000023.png,png,yes,800,600
Dinner_000024.png,png,yes,800,600
Dinner_000025.png,png,yes,800,600
Dinner_000027.png,png,yes,800,600
Dinner_000028.png,png,yes,800,600
Dinner_000029.png,png,yes,800,600
Dinner_000031.png,png,yes,800,600
Dishes_000001.png,png,yes,800,600
Dishes_000002.png,png,yes,800,600
Dishes_000004.png,png,yes,800,600
Dishes_000005.png,png,yes,800,600
Dishes_000006.png,png,yes,800,600
Dishes_000007.png,png,yes,800,600
Dishes_000008.png,png,yes,800,600
Dishes_000009.png,png,yes,800,600
Dishes_000010.png,png,yes,800,600
Dishes_000014.png,png,yes,800,600
Dishes_000016.png,png,yes,800,600
Dishes_000017.png,png,yes,800,600
Dishes_000018.png,png,yes,800,600
Dishes_000019.png,png,yes,800,600
Dishes_000022.png,png,yes,800,600
Dishes_000023.png,png,yes,800,600
Dishes_000026.png,png,yes,800,600
Dishes_000027.png,png,yes,800,600
Dishes_000028.png,png,yes,800,600
Dishes_000029.png,png,yes,800,600
Dishes_000031.png,png,yes,800,600
Dishes_000032.png,png,yes,800,600
Dishes_000033.png,png,yes,800,600
Dishes_000035.png,png,yes,800,600
Dishes_000036.png,png,yes,800,600
Dishes_000038.png,png,yes,800,600
Dishes_000039.png,png,yes,800,600
Dishes_000040.png,png,yes,800,600
Dishes_000041.png,png,yes,800,600
Dishes_000042.png,png,yes,800,600
Dishes_000045.png,png,yes,800,600
Dishes_000046.png,png,yes,800,600
Dishes_000048.png,png,yes,800,600
Dishes_000051.png,png,yes,800,600
Dishes_000052.png,png,yes,800,600
Dishes_000053.png,png,yes,800,600
Dishes_000055.png,png,yes,800,600
DIY home decor_000001.png,png,yes,800,600
DIY home decor_000002.png,png,yes,800,600
DIY home decor_000003.png,png,yes,800,600
DIY home decor_000006.png,png,yes,800,600
DIY home decor_000007.png,png,yes,800,600
DIY home decor_000008.png,png,yes,800,600
DIY home decor_000009.png,png,yes,800,600
DIY home decor_000010.png,png,yes,800,600
DIY home decor_000011.png,png,yes,800,600
DIY home decor_000013.png,png,yes,800,600
DIY home decor_000014.png,png,yes,800,600
DIY home decor_000015.png,png,yes,800,600
DIY home decor_000018.png,png,yes,800,600
DIY home decor_000019.png,png,yes,800,600
DIY home decor_000021.png,png,yes,800,600
DIY home decor_000023.png,png,yes,800,600
DIY home decor_000025.png,png,yes,800,600
DIY home decor_000026.png,png,yes,800,600
DIY home decor_000027.png,png,yes,800,600
DIY home decor_000029.png,png,yes,800,600
DIY home decor_000030.png,png,yes,800,600
DIY home decor_000031.png,png,yes,800,600
DIY home decor_000032.png,png,yes,800,600
DIY home decor_000033.png,png,yes,800,600
DIY home decor_000034.png,png,yes,800,600
DIY home decor_000035.png,png,yes,800,600
DIY home decor_000036.png,png,yes,800,600
DIY home decor_000037.png,png,yes,800,600
DIY home decor_000040.png,png,yes,800,600
DIY home decor_000042.png,png,yes,800,600
DIY home decor_000043.png,png,yes,800,600
DIY home decor_000044.png,png,yes,800,600
DIY home decor_000045.png,png,yes,800,600
DIY home decor_000046.png,png,yes,800,600
DIY home decor_000047.png,png,yes,800,600
DIY home decor_000048.png,png,yes,800,600
DIY home decor_000052.png,png,yes,800,600
DIY home decor_000053.png,png,yes,800,600
DIY home decor_000057.png,png,yes,800,600
DIY home decor_000058.png,png,yes,800,600
DIY home decor_000060.png,png,yes,800,600
DIY home decor_000061.png,png,yes,800,600
DIY home decor_000062.png,png,yes,800,600
DIY home decor_000063.png,png,yes,800,600
DIY home decor_000064.png,png,yes,800,600
DIY home decor_000066.png,png,yes,800,600
DIY home decor_000067.png,png,yes,800,600
DIY home decor_000068.png,png,yes,800,600
DIY home decor_000069.png,png,yes,800,600
DIY home decor_000071.png,png,yes,800,600
DIY home decor_000074.png,png,yes,800,600
DIY home decor_000076.png,png,yes,800,600
DIY home decor_000077.png,png,yes,800,600
DIY home decor_000079.png,png,yes,800,600
DIY projects_000001.png,png,yes,800,600
DIY projects_000002.png,png,yes,800,600
DIY projects_000004.png,png,yes,800,600
DIY projects_000006.png,png,yes,800,600
DIY projects_000007.png,png,yes,800,600
DIY projects_000008.png,png,yes,800,600
DIY projects_000009.png,png,yes,800,600
DIY projects_000010.png,png,yes,800,600
DIY projects_000011.png,png,yes,800,600
DIY projects_000012.png,png,yes,800,600
DIY projects_000013.png,png,yes,800,600
DIY projects_000014.png,png,yes,800,600
DIY projects_000015.png,png,yes,800,600
DIY projects_000016.png,png,yes,800,600
DIY projects_000017.png,png,yes,800,600
DIY projects_000018.png,png,yes,800,600
DIY projects_000019.png,png,yes,800,600
DIY projects_000020.png,png,yes,800,600
DIY projects_000021.png,png,yes,800,600
DIY projects_000022.png,png,yes,800,600
DIY projects_000023.png,png,yes,800,600
DIY projects_000024.png,png,yes,800,600
DIY projects_000027.png,png,yes,800,600
DIY projects_000028.png,png,yes,800,600
DIY projects_000031.png,png,yes,800,600
DIY projects_000032.png,png,yes,800,600
DIY projects_000033.png,png,yes,800,600
DIY projects_000034.png,png,yes,800,600
DIY projects_000035.png,png,yes,800,600
DIY projects_000036.png,png,yes,800,600
DIY projects_000037.png,png,yes,800,600
DIY projects_000038.png,png,yes,800,600
DIY projects_000039.png,png,yes,800,600
DIY projects_000040.png,png,yes,800,600
DIY projects_000041.png,png,yes,800,600
DIY projects_000042.png,png,yes,800,600
DIY projects_000043.png,png,yes,800,600
DIY projects_000044.png,png,yes,800,600
DIY projects_000045.png,png,yes,800,600
DIY projects_000046.png,png,yes,800,600
DIY projects_000047.png,png,yes,800,600
DIY projects_000048.png,png,yes,800,600
DIY projects_000049.png,png,yes,800,600
DIY projects_000050.png,png,yes,800,600
DIY projects_000053.png,png,yes,800,600
DIY projects_000055.png,png,yes,800,600
DIY projects_000057.png,png,yes,800,600
DIY projects_000058.png,png,yes,800,600
DIY projects_000059.png,png,yes,800,600
DIY projects_000060.png,png,yes,800,600
DIY projects_000062.png,png,yes,800,600
DIY projects_000063.png,png,yes,800,600
DIY projects_000064.png,png,yes,800,600
DIY projects_000065.png,png,yes,800,600
DIY projects_000066.png,png,yes,800,600
DIY projects_000067.png,png,yes,800,600
DIY projects_000068.png,png,yes,800,600
DIY projects_000070.png,png,yes,800,600
DIY projects_000072.png,png,yes,800,600
DIY projects_000073.png,png,yes,800,600
Dogs_000001.png,png,yes,800,600
Dogs_000002.png,png,yes,800,600
Dogs_000003.png,png,yes,800,600
Dogs_000004.png,png,yes,800,600
Dogs_000005.png,png,yes,800,600
Dogs_000006.png,png,yes,800,600
Dogs_000007.png,png,yes,800,600
Dogs_000008.png,png,yes,800,600
Dogs_000010.png,png,yes,800,600
Dogs_000011.png,png,yes,800,600
Dogs_000012.png,png,yes,800,600
Dogs_000014.png,png,yes,800,600
Dogs_000015.png,png,yes,800,600
Dogs_000016.png,png,yes,800,600
Dogs_000018.png,png,yes,800,600
Dogs_000019.png,png,yes,800,600
Dogs_000020.png,png,yes,800,600
Dogs_000021.png,png,yes,800,600
Dogs_000022.png,png,yes,800,600
Dogs_000024.png,png,yes,800,600
Dogs_000026.png,png,yes,800,600
Dogs_000027.png,png,yes,800,600
Dogs_000028.png,png,yes,800,600
Dolphins_000001.png,png,yes,800,600
Dolphins_000002.png,png,yes,800,600
Dolphins_000003.png,png,yes,800,600
Dolphins_000005.png,png,yes,800,600
Dolphins_000006.png,png,yes,800,600
Dolphins_000008.png,png,yes,800,600
Dolphins_000009.png,png,yes,800,600
Dolphins_000010.png,png,yes,800,600
Dolphins_000013.png,png,yes,800,600
Dolphins_000014.png,png,yes,800,600
Dolphins_000015.png,png,yes,800,600
Dolphins_000016.png,png,yes,800,600
Dolphins_000019.png,png,yes,800,600
Dolphins_000022.png,png,yes,800,600
Dolphins_000023.png,png,yes,800,600
Dolphins_000024.png,png,yes,800,600
Dolphins_000025.png,png,yes,800,600
Dolphins_000026.png,png,yes,800,600
Dolphins_000027.png,png,yes,800,600
Dolphins_000029.png,png,yes,800,600
Dolphins_000030.png,png,yes,800,600
Dolphins_000032.png,png,yes,800,600
Dolphins_000034.png,png,yes,800,600
Dolphins_000037.png,png,yes,800,600
Dolphins_000038.png,png,yes,800,600
Dolphins_000039.png,png,yes,800,600
Drones_000001.png,png,yes,800,600
Drones_000005.png,png,yes,800,600
Drones_000006.png,png,yes,800,600
Drones_000007.png,png,yes,800,600
Drones_000008.png,png,yes,800,600
Drones_000009.png,png,yes,800,600
Drones_000010.png,png,yes,800,600
Drones_000012.png,png,yes,800,600
Drones_000013.png,png,yes,800,600
Drones_000014.png,png,yes,800,600
Drones_000015.png,png,yes,800,600
Drones_000021.png,png,yes,800,600
Drones_000023.png,png,yes,800,600
Drones_000024.png,png,yes,800,600
Drones_000026.png,png,yes,800,600
Drones_000028.png,png,yes,800,600
Drones_000029.png,png,yes,800,600
Drones_000031.png,png,yes,800,600
Drones_000032.png,png,yes,800,600
Drones_000034.png,png,yes,800,600
Drones_000036.png,png,yes,800,600
Drones_000037.png,png,yes,800,600
Drones_000038.png,png,yes,800,600
Drones_000039.png,png,yes,800,600
Drones_000040.png,png,yes,800,600
Drones_000042.png,png,yes,800,600
Drones_000043.png,png,yes,800,600
Drones_000044.png,png,yes,800,600
Drones_000045.png,png,yes,800,600
Drones_000046.png,png,yes,800,600
Drones_000047.png,png,yes,800,600
Drones_000049.png,png,yes,800,600
Drones_000050.png,png,yes,800,600
Drones_000051.png,png,yes,800,600
Drones_000052.png,png,yes,800,600
Drones_000054.png,png,yes,800,600
Drones_000057.png,png,yes,800,600
Dunes_000001.png,png,yes,800,600
Dunes_000002.png,png,yes,800,600
Dunes_000003.png,png,yes,800,600
Dunes_000004.png,png,yes,800,600
Dunes_000005.png,png,yes,800,600
Dunes_000006.png,png,yes,800,600
Dunes_000007.png,png,yes,800,600
Dunes_000009.png,png,yes,800,600
Dunes_000010.png,png,yes,800,600
Dunes_000012.png,png,yes,800,600
Dunes_000013.png,png,yes,800,600
Dunes_000014.png,png,yes,800,600
Dunes_000015.png,png,yes,800,600
Dunes_000018.png,png,yes,800,600
E-commerce_000001.png,png,yes,800,600
E-commerce_000002.png,png,yes,800,600
E-commerce_000003.png,png,yes,800,600
E-commerce_000005.png,png,yes,800,600
E-commerce_000006.png,png,yes,800,600
E-commerce_000007.png,png,yes,800,600
E-commerce_000009.png,png,yes,800,600
E-commerce_000010.png,png,yes,800,600
E-commerce_000012.png,png,yes,800,600
E-commerce_000013.png,png,yes,800,600
E-commerce_000014.png,png,yes,800,600
E-commerce_000015.png,png,yes,800,600
E-commerce_000016.png,png,yes,800,600
E-commerce_000018.png,png,yes,800,600
E-commerce_000022.png,png,yes,800,600
E-commerce_000023.png,png,yes,800,600
E-commerce_000024.png,png,yes,800,600
E-commerce_000026.png,png,yes,800,600
E-commerce_000027.png,png,yes,800,600
E-commerce_000028.png,png,yes,800,600
E-commerce_000029.png,png,yes,800,600
E-commerce_000030.png,png,yes,800,600
E-commerce_000031.png,png,yes,800,600
E-commerce_000032.png,png,yes,800,600
E-commerce_000033.png,png,yes,800,600
E-commerce_000035.png,png,yes,800,600
E-commerce_000036.png,png,yes,800,600
E-commerce_000037.png,png,yes,800,600
Eco-friendly products_000002.png,png,yes,800,600
Eco-friendly products_000003.png,png,yes,800,600
Eco-friendly products_000004.png,png,yes,800,600
Eco-friendly products_000005.png,png,yes,800,600
Eco-friendly products_000006.png,png,yes,800,600
Eco-friendly products_000007.png,png,yes,800,600
Eco-friendly products_000008.png,png,yes,800,600
Eco-friendly products_000009.png,png,yes,800,600
Eco-friendly products_000012.png,png,yes,800,600
Eco-friendly products_000013.png,png,yes,800,600
Eco-friendly products_000014.png,png,yes,800,600
Eco-friendly products_000015.png,png,yes,800,600
Eco-friendly products_000016.png,png,yes,800,600
Eco-friendly products_000018.png,png,yes,800,600
Eco-friendly products_000019.png,png,yes,800,600
Eco-friendly products_000020.png,png,yes,800,600
Eco-friendly products_000021.png,png,yes,800,600
Eco-friendly products_000023.png,png,yes,800,600
Eco-friendly products_000024.png,png,yes,800,600
Eco-friendly travel_000001.png,png,yes,800,600
Eco-friendly travel_000002.png,png,yes,800,600
Eco-friendly travel_000003.png,png,yes,800,600
Eco-friendly travel_000005.png,png,yes,800,600
Eco-friendly travel_000006.png,png,yes,800,600
Eco-friendly travel_000007.png,png,yes,800,600
Eco-friendly travel_000008.png,png,yes,800,600
Eco-friendly travel_000011.png,png,yes,800,600
Eco-friendly travel_000012.png,png,yes,800,600
Eco-friendly travel_000013.png,png,yes,800,600
Eco-friendly travel_000014.png,png,yes,800,600
Eco-friendly travel_000016.png,png,yes,800,600
Eco-friendly travel_000017.png,png,yes,800,600
Eco-friendly travel_000018.png,png,yes,800,600
Eco-friendly travel_000019.png,png,yes,800,600
Eco-friendly travel_000020.png,png,yes,800,600
Eco-friendly travel_000021.png,png,yes,800,600
Eco-friendly travel_000022.png,png,yes,800,600
Eco-friendly travel_000023.png,png,yes,800,600
Eco-friendly travel_000027.png,png,yes,800,600
Eco-friendly travel_000028.png,png,yes,800,600
Eco-friendly travel_000029.png,png,yes,800,600
Eco-friendly travel_000030.png,png,yes,800,600
Eco-friendly travel_000032.png,png,yes,800,600
Eco-friendly travel_000033.png,png,yes,800,600
Eco-friendly travel_000034.png,png,yes,800,600
Eco-friendly travel_000035.png,png,yes,800,600
Eco-friendly travel_000038.png,png,yes,800,600
Eco-friendly travel_000042.png,png,yes,800,600
Eco-friendly travel_000043.png,png,yes,800,600
Eco-friendly travel_000044.png,png,yes,800,600
Eco-friendly travel_000045.png,png,yes,800,600
Editing techniques_000001.png,png,yes,800,600
Editing techniques_000002.png,png,yes,800,600
Editing techniques_000003.png,png,yes,800,600
Editing techniques_000004.png,png,yes,800,600
Editing techniques_000005.png,png,yes,800,600
Editing techniques_000006.png,png,yes,800,600
Editing techniques_000007.png,png,yes,800,600
Editing techniques_000008.png,png,yes,800,600
Editing techniques_000009.png,png,yes,800,600
Editing techniques_000010.png,png,yes,800,600
Editing techniques_000011.png,png,yes,800,600
Editing techniques_000012.png,png,yes,800,600
Editing techniques_000013.png,png,yes,800,600
Editing techniques_000015.png,png,yes,800,600
Editing techniques_000017.png,png,yes,800,600
Editing techniques_000018.png,png,yes,800,600
Editing techniques_000019.png,png,yes,800,600
Editing techniques_000020.png,png,yes,800,600
Editing techniques_000021.png,png,yes,800,600
Editing techniques_000023.png,png,yes,800,600
Editing techniques_000024.png,png,yes,800,600
Editing techniques_000026.png,png,yes,800,600
Editing techniques_000027.png,png,yes,800,600
Editing techniques_000028.png,png,yes,800,600
Editing techniques_000031.png,png,yes,800,600
Editing techniques_000032.png,png,yes,800,600
Editing techniques_000034.png,png,yes,800,600
Editorial shoots_000001.png,png,yes,800,600
Editorial shoots_000003.png,png,yes,800,600
Editorial shoots_000004.png,png,yes,800,600
Editorial shoots_000005.png,png,yes,800,600
Editorial shoots_000006.png,png,yes,800,600
Editorial shoots_000007.png,png,yes,800,600
Editorial shoots_000008.png,png,yes,800,600
Editorial shoots_000009.png,png,yes,800,600
Editorial shoots_000010.png,png,yes,800,600
Editorial shoots_000011.png,png,yes,800,600
Editorial shoots_000012.png,png,yes,800,600
Editorial shoots_000014.png,png,yes,800,600
Educational games_000001.png,png,yes,800,600
Educational games_000002.png,png,yes,800,600
Educational games_000003.png,png,yes,800,600
Educational games_000004.png,png,yes,800,600
Educational games_000005.png,png,yes,800,600
Educational games_000007.png,png,yes,800,600
Educational games_000008.png,png,yes,800,600
Educational games_000009.png,png,yes,800,600
Educational games_000010.png,png,yes,800,600
Educational games_000011.png,png,yes,800,600
Educational games_000012.png,png,yes,800,600
Educational games_000014.png,png,yes,800,600
Educational games_000015.png,png,yes,800,600
Educational games_000016.png,png,yes,800,600
Educational games_000017.png,png,yes,800,600
Educational games_000018.png,png,yes,800,600
Educational games_000019.png,png,yes,800,600
Educational games_000022.png,png,yes,800,600
Educational games_000023.png,png,yes,800,600
Educational games_000024.png,png,yes,800,600
Educational games_000025.png,png,yes,800,600
Educational games_000026.png,png,yes,800,600
Educational games_000027.png,png,yes,800,600
Educational games_000028.png,png,yes,800,600
Educational games_000030.png,png,yes,800,600
Educational games_000032.png,png,yes,800,600
Educational games_000034.png,png,yes,800,600
Educational games_000035.png,png,yes,800,600
Educational games_000037.png,png,yes,800,600
Educational games_000039.png,png,yes,800,600
Educational games_000042.png,png,yes,800,600
Educational games_000044.png,png,yes,800,600
Educational games_000046.png,png,yes,800,600
Educational games_000047.png,png,yes,800,600
Educational games_000049.png,png,yes,800,600
Educational games_000050.png,png,yes,800,600
Educational games_000051.png,png,yes,800,600
Educational games_000052.png,png,yes,800,600
Educational games_000054.png,png,yes,800,600
Educational games_000055.png,png,yes,800,600
Educational games_000056.png,png,yes,800,600
Educational games_000057.png,png,yes,800,600
Educational games_000058.png,png,yes,800,600
Educational games_000059.png,png,yes,800,600
Educational games_000060.png,png,yes,800,600
Educational games_000062.png,png,yes,800,600
Educational games_000064.png,png,yes,800,600
Educational games_000066.png,png,yes,800,600
Educational games_000067.png,png,yes,800,600
Educational games_000068.png,png,yes,800,600
Educational games_000069.png,png,yes,800,600
EEco-tourism_000002.png,png,yes,800,600
EEco-tourism_000003.png,png,yes,800,600
EEco-tourism_000006.png,png,yes,800,600
EEco-tourism_000008.png,png,yes,800,600
EEco-tourism_000010.png,png,yes,800,600
EEco-tourism_000012.png,png,yes,800,600
EEco-tourism_000013.png,png,yes,800,600
EEco-tourism_000014.png,png,yes,800,600
EEco-tourism_000016.png,png,yes,800,600
Electronic music_000003.png,png,yes,800,600
Electronic music_000004.png,png,yes,800,600
Electronic music_000006.png,png,yes,800,600
Electronic music_000008.png,png,yes,800,600
Electronic music_000010.png,png,yes,800,600
Electronic music_000011.png,png,yes,800,600
Electronic music_000012.png,png,yes,800,600
Electronic music_000013.png,png,yes,800,600
Electronic music_000015.png,png,yes,800,600
Electronic music_000016.png,png,yes,800,600
Electronics_000001.png,png,yes,800,600
Electronics_000003.png,png,yes,800,600
Electronics_000004.png,png,yes,800,600
Electronics_000005.png,png,yes,800,600
Electronics_000006.png,png,yes,800,600
Electronics_000007.png,png,yes,800,600
Electronics_000008.png,png,yes,800,600
Electronics_000009.png,png,yes,800,600
Electronics_000010.png,png,yes,800,600
Electronics_000012.png,png,yes,800,600
Electronics_000014.png,png,yes,800,600
Electronics_000015.png,png,yes,800,600
Electronics_000017.png,png,yes,800,600
Electronics_000018.png,png,yes,800,600
Electronics_000020.png,png,yes,800,600
Electronics_000021.png,png,yes,800,600
Electronics_000022.png,png,yes,800,600
Electronics_000023.png,png,yes,800,600
Electronics_000024.png,png,yes,800,600
Electronics_000027.png,png,yes,800,600
Electronics_000028.png,png,yes,800,600
Electronics_000029.png,png,yes,800,600
Electronics_000030.png,png,yes,800,600
Electronics_000032.png,png,yes,800,600
Electronics_000033.png,png,yes,800,600
Electronics_000034.png,png,yes,800,600
Elephants_000003.png,png,yes,800,600
Elephants_000004.png,png,yes,800,600
Elephants_000005.png,png,yes,800,600
Elephants_000006.png,png,yes,800,600
Elephants_000007.png,png,yes,800,600
Elephants_000008.png,png,yes,800,600
Elephants_000009.png,png,yes,800,600
Elephants_000010.png,png,yes,800,600
Elephants_000011.png,png,yes,800,600
Elephants_000012.png,png,yes,800,600
Elephants_000013.png,png,yes,800,600
Elephants_000014.png,png,yes,800,600
Elephants_000015.png,png,yes,800,600
Elephants_000017.png,png,yes,800,600
Elephants_000018.png,png,yes,800,600
Elephants_000019.png,png,yes,800,600
Elephants_000020.png,png,yes,800,600
Elephants_000021.png,png,yes,800,600
Elephants_000022.png,png,yes,800,600
Elephants_000023.png,png,yes,800,600
Elephants_000024.png,png,yes,800,600
Elephants_000025.png,png,yes,800,600
Email marketing_000002.png,png,yes,800,600
Email marketing_000004.png,png,yes,800,600
Email marketing_000005.png,png,yes,800,600
Email marketing_000006.png,png,yes,800,600
Email marketing_000008.png,png,yes,800,600
Email marketing_000009.png,png,yes,800,600
Email marketing_000011.png,png,yes,800,600
Email marketing_000012.png,png,yes,800,600
Email marketing_000015.png,png,yes,800,600
Email marketing_000016.png,png,yes,800,600
Email marketing_000017.png,png,yes,800,600
Email marketing_000018.png,png,yes,800,600
Email marketing_000019.png,png,yes,800,600
Email marketing_000020.png,png,yes,800,600
Email marketing_000022.png,png,yes,800,600
Email marketing_000023.png,png,yes,800,600
Email marketing_000024.png,png,yes,800,600
Email marketing_000025.png,png,yes,800,600
Email marketing_000027.png,png,yes,800,600
Email marketing_000029.png,png,yes,800,600
Email marketing_000030.png,png,yes,800,600
Email marketing_000031.png,png,yes,800,600
Email marketing_000032.png,png,yes,800,600
Email marketing_000033.png,png,yes,800,600
Email marketing_000034.png,png,yes,800,600
Email marketing_000035.png,png,yes,800,600
Entrepreneurship_000001.png,png,yes,800,600
Entrepreneurship_000003.png,png,yes,800,600
Entrepreneurship_000004.png,png,yes,800,600
Entrepreneurship_000005.png,png,yes,800,600
Entrepreneurship_000006.png,png,yes,800,600
Entrepreneurship_000007.png,png,yes,800,600
Entrepreneurship_000008.png,png,yes,800,600
Entrepreneurship_000009.png,png,yes,800,600
Entrepreneurship_000011.png,png,yes,800,600
Entrepreneurship_000013.png,png,yes,800,600
Entrepreneurship_000014.png,png,yes,800,600
Entrepreneurship_000015.png,png,yes,800,600
Entrepreneurship_000016.png,png,yes,800,600
Entrepreneurship_000017.png,png,yes,800,600
Entrepreneurship_000018.png,png,yes,800,600
Entrepreneurship_000020.png,png,yes,800,600
Entrepreneurship_000023.png,png,yes,800,600
Entrepreneurship_000024.png,png,yes,800,600
Entrepreneurship_000025.png,png,yes,800,600
Entrepreneurship_000027.png,png,yes,800,600
Entrepreneurship_000028.png,png,yes,800,600
Entrepreneurship_000031.png,png,yes,800,600
Entrepreneurship_000032.png,png,yes,800,600
Entrepreneurship_000034.png,png,yes,800,600
Entrepreneurship_000035.png,png,yes,800,600
Entrepreneurship_000036.png,png,yes,800,600
Entrepreneurship_000037.png,png,yes,800,600
Entrepreneurship_000038.png,png,yes,800,600
Environmental activism_000002.png,png,yes,800,600
Environmental activism_000004.png,png,yes,800,600
Environmental activism_000006.png,png,yes,800,600
Environmental activism_000008.png,png,yes,800,600
Environmental activism_000009.png,png,yes,800,600
Environmental activism_000011.png,png,yes,800,600
Environmental activism_000012.png,png,yes,800,600
Environmental activism_000013.png,png,yes,800,600
Environmental activism_000016.png,png,yes,800,600
Environmental activism_000017.png,png,yes,800,600
Environmental activism_000018.png,png,yes,800,600
Environmental activism_000019.png,png,yes,800,600
Environmental activism_000020.png,png,yes,800,600
Environmental activism_000021.png,png,yes,800,600
Environmental activism_000023.png,png,yes,800,600
Esports_000001.png,png,yes,800,600
Esports_000002.png,png,yes,800,600
Esports_000003.png,png,yes,800,600
Esports_000005.png,png,yes,800,600
Esports_000007.png,png,yes,800,600
Esports_000008.png,png,yes,800,600
Esports_000009.png,png,yes,800,600
Esports_000011.png,png,yes,800,600
Esports_000013.png,png,yes,800,600
Esports_000018.png,png,yes,800,600
Esports_000019.png,png,yes,800,600
Esports_000020.png,png,yes,800,600
Esports_000021.png,png,yes,800,600
Esports_000022.png,png,yes,800,600
Esports_000023.png,png,yes,800,600
Extreme sports_000001.png,png,yes,800,600
Extreme sports_000002.png,png,yes,800,600
Extreme sports_000004.png,png,yes,800,600
Extreme sports_000006.png,png,yes,800,600
Extreme sports_000007.png,png,yes,800,600
Extreme sports_000009.png,png,yes,800,600
Extreme sports_000010.png,png,yes,800,600
Extreme sports_000011.png,png,yes,800,600
Extreme sports_000013.png,png,yes,800,600
Extreme sports_000014.png,png,yes,800,600
Extreme sports_000015.png,png,yes,800,600
Extreme sports_000016.png,png,yes,800,600
Extreme sports_000017.png,png,yes,800,600
Extreme sports_000018.png,png,yes,800,600
Extreme sports_000020.png,png,yes,800,600
Extreme sports_000021.png,png,yes,800,600
Extreme sports_000022.png,png,yes,800,600
Extreme sports_000023.png,png,yes,800,600
Extreme sports_000024.png,png,yes,800,600
Extreme sports_000027.png,png,yes,800,600
Extreme sports_000028.png,png,yes,800,600
Extreme sports_000029.png,png,yes,800,600
Extreme sports_000030.png,png,yes,800,600
Extreme sports_000031.png,png,yes,800,600
Extreme sports_000032.png,png,yes,800,600
Extreme sports_000033.png,png,yes,800,600
Extreme sports_000034.png,png,yes,800,600
Extreme sports_000035.png,png,yes,800,600
Extreme sports_000036.png,png,yes,800,600
Family games_000001.png,png,yes,800,600
Family games_000003.png,png,yes,800,600
Family games_000004.png,png,yes,800,600
Family games_000005.png,png,yes,800,600
Family games_000006.png,png,yes,800,600
Family games_000007.png,png,yes,800,600
Family games_000008.png,png,yes,800,600
Family games_000009.png,png,yes,800,600
Family games_000010.png,png,yes,800,600
Family games_000011.png,png,yes,800,600
Family games_000012.png,png,yes,800,600
Family games_000013.png,png,yes,800,600
Family games_000015.png,png,yes,800,600
Family games_000016.png,png,yes,800,600
Family games_000017.png,png,yes,800,600
Family games_000020.png,png,yes,800,600
Family games_000021.png,png,yes,800,600
Family games_000022.png,png,yes,800,600
Family games_000023.png,png,yes,800,600
Family games_000024.png,png,yes,800,600
Family_000001.png,png,yes,800,600
Family_000003.png,png,yes,800,600
Family_000004.png,png,yes,800,600
Family_000005.png,png,yes,800,600
Family_000006.png,png,yes,800,600
Family_000009.png,png,yes,800,600
Family_000010.png,png,yes,800,600
Family_000011.png,png,yes,800,600
Family_000012.png,png,yes,800,600
Family_000013.png,png,yes,800,600
Family_000015.png,png,yes,800,600
Family_000016.png,png,yes,800,600
Family_000017.png,png,yes,800,600
Family_000018.png,png,yes,800,600
Family_000020.png,png,yes,800,600
Family_000022.png,png,yes,800,600
Family_000023.png,png,yes,800,600
Family_000024.png,png,yes,800,600
Family_000027.png,png,yes,800,600
Family_000028.png,png,yes,800,600
Family_000029.png,png,yes,800,600
Family_000030.png,png,yes,800,600
Family_000031.png,png,yes,800,600
Family_000032.png,png,yes,800,600
Family_000033.png,png,yes,800,600
Family_000034.png,png,yes,800,600
Family_000035.png,png,yes,800,600
Family_000038.png,png,yes,800,600
Family_000039.png,png,yes,800,600
Fashion campaigns_000001.png,png,yes,800,600
Fashion campaigns_000002.png,png,yes,800,600
Fashion campaigns_000003.png,png,yes,800,600
Fashion campaigns_000006.png,png,yes,800,600
Fashion campaigns_000007.png,png,yes,800,600
Fashion campaigns_000011.png,png,yes,800,600
Fashion campaigns_000013.png,png,yes,800,600
Fashion campaigns_000014.png,png,yes,800,600
Fashion campaigns_000015.png,png,yes,800,600
Fashion campaigns_000018.png,png,yes,800,600
Fashion campaigns_000019.png,png,yes,800,600
Fashion documentaries_000001.png,png,yes,800,600
Fashion documentaries_000003.png,png,yes,800,600
Fashion documentaries_000004.png,png,yes,800,600
Fashion documentaries_000005.png,png,yes,800,600
Fashion documentaries_000006.png,png,yes,800,600
Fashion documentaries_000008.png,png,yes,800,600
Fashion documentaries_000009.png,png,yes,800,600
Fashion documentaries_000010.png,png,yes,800,600
Fashion history_000001.png,png,yes,800,600
Fashion history_000002.png,png,yes,800,600
Fashion history_000004.png,png,yes,800,600
Fashion history_000005.png,png,yes,800,600
Fashion history_000007.png,png,yes,800,600
Fashion history_000008.png,png,yes,800,600
Fashion history_000009.png,png,yes,800,600
Fashion history_000010.png,png,yes,800,600
Fashion history_000011.png,png,yes,800,600
Fashion history_000012.png,png,yes,800,600
Fashion history_000013.png,png,yes,800,600
Fashion history_000014.png,png,yes,800,600
Fashion history_000015.png,png,yes,800,600
Fashion history_000016.png,png,yes,800,600
Fashion icons_000002.png,png,yes,800,600
Fashion icons_000003.png,png,yes,800,600
Fashion icons_000004.png,png,yes,800,600
Fashion icons_000005.png,png,yes,800,600
Fashion icons_000007.png,png,yes,800,600
Fashion icons_000008.png,png,yes,800,600
Fashion icons_000009.png,png,yes,800,600
Fashion icons_000010.png,png,yes,800,600
Fashion icons_000012.png,png,yes,800,600
Fashion icons_000013.png,png,yes,800,600
Fashion icons_000014.png,png,yes,800,600
Fashion magazines_000002.png,png,yes,800,600
Fashion magazines_000003.png,png,yes,800,600
Fashion magazines_000004.png,png,yes,800,600
Fashion magazines_000005.png,png,yes,800,600
Fashion magazines_000006.png,png,yes,800,600
Fashion magazines_000007.png,png,yes,800,600
Fashion magazines_000008.png,png,yes,800,600
Fashion magazines_000009.png,png,yes,800,600
Fashion magazines_000010.png,png,yes,800,600
Fashion magazines_000011.png,png,yes,800,600
Fashion magazines_000012.png,png,yes,800,600
Fashion photography_000001.png,png,yes,800,600
Fashion photography_000002.png,png,yes,800,600
Fashion photography_000003.png,png,yes,800,600
Fashion photography_000005.png,png,yes,800,600
Fashion photography_000007.png,png,yes,800,600
Fashion photography_000008.png,png,yes,800,600
Fashion photography_000009.png,png,yes,800,600
Fashion photography_000010.png,png,yes,800,600
Fashion photography_000012.png,png,yes,800,600
Fashion photography_000013.png,png,yes,800,600
Fashion photography_000014.png,png,yes,800,600
Fashion photography_000015.png,png,yes,800,600
Fashion photography_000017.png,png,yes,800,600
Fashion photography_000018.png,png,yes,800,600
Fashion photography_000019.png,png,yes,800,600
Fashion photography_000020.png,png,yes,800,600
Fashion photography_000023.png,png,yes,800,600
Fashion photography_000024.png,png,yes,800,600
Fashion shows_000002.png,png,yes,800,600
Fashion shows_000005.png,png,yes,800,600
Fashion shows_000007.png,png,yes,800,600
Fashion shows_000010.png,png,yes,800,600
Fashion shows_000011.png,png,yes,800,600
Fashion shows_000013.png,png,yes,800,600
Fashion shows_000015.png,png,yes,800,600
Fashion shows_000016.png,png,yes,800,600
Fashion shows_000017.png,png,yes,800,600
Fashion shows_000018.png,png,yes,800,600
Fashion shows_000019.png,png,yes,800,600
Fashion shows_000022.png,png,yes,800,600
Fashion trends_000001.png,png,yes,800,600
Fashion trends_000002.png,png,yes,800,600
Fashion trends_000003.png,png,yes,800,600
Fast food_000001.png,png,yes,800,600
Fast food_000003.png,png,yes,800,600
Fast food_000005.png,png,yes,800,600
Fast food_000006.png,png,yes,800,600
Fast food_000007.png,png,yes,800,600
Fast food_000008.png,png,yes,800,600
Fast food_000010.png,png,yes,800,600
Fast food_000011.png,png,yes,800,600
Fast food_000012.png,png,yes,800,600
Fast food_000013.png,png,yes,800,600
Festivals_000001.png,png,yes,800,600
Festivals_000002.png,png,yes,800,600
Festivals_000003.png,png,yes,800,600
Festivals_000004.png,png,yes,800,600
Festivals_000005.png,png,yes,800,600
Festivals_000006.png,png,yes,800,600
Festivals_000007.png,png,yes,800,600
Festivals_000008.png,png,yes,800,600
Festivals_000009.png,png,yes,800,600
Festivals_000010.png,png,yes,800,600
Festivals_000013.png,png,yes,800,600
Festivals_000014.png,png,yes,800,600
Festivals_000017.png,png,yes,800,600
Festivals_000018.png,png,yes,800,600
Festivals_000020.png,png,yes,800,600
Festivals_000023.png,png,yes,800,600
Festivals_000024.png,png,yes,800,600
Festivals_000025.png,png,yes,800,600
Festivals_000026.png,png,yes,800,600
Festivals_000027.png,png,yes,800,600
Festivals_000028.png,png,yes,800,600
Festivals_000030.png,png,yes,800,600
Festivals_000031.png,png,yes,800,600
Festivals_000032.png,png,yes,800,600
Festivals_000033.png,png,yes,800,600
Fish_000001.png,png,yes,800,600
Fish_000004.png,png,yes,800,600
Fish_000006.png,png,yes,800,600
Fish_000007.png,png,yes,800,600
Fish_000008.png,png,yes,800,600
Fish_000009.png,png,yes,800,600
Fish_000010.png,png,yes,800,600
Fish_000011.png,png,yes,800,600
Fish_000012.png,png,yes,800,600
Fish_000014.png,png,yes,800,600
Fish_000015.png,png,yes,800,600
Fish_000016.png,png,yes,800,600
Fish_000017.png,png,yes,800,600
Fish_000020.png,png,yes,800,600
Fish_000021.png,png,yes,800,600
Fish_000024.png,png,yes,800,600
Fish_000025.png,png,yes,800,600
Fitness_000002.png,png,yes,800,600
Fitness_000003.png,png,yes,800,600
Fitness_000004.png,png,yes,800,600
Fitness_000005.png,png,yes,800,600
Fitness_000006.png,png,yes,800,600
Fitness_000007.png,png,yes,800,600
Fitness_000008.png,png,yes,800,600
Fitness_000009.png,png,yes,800,600
Fitness_000010.png,png,yes,800,600
Fitness_000012.png,png,yes,800,600
Fitness_000017.png,png,yes,800,600
Fitness_000019.png,png,yes,800,600
Fitness_000020.png,png,yes,800,600
Fitness_000022.png,png,yes,800,600
Fitness_000023.png,png,yes,800,600
Fitness_000024.png,png,yes,800,600
Fitness_000025.png,png,yes,800,600
Fitness_000026.png,png,yes,800,600
Fitness_000029.png,png,yes,800,600
Fitness_000030.png,png,yes,800,600
Flamingos_000002.png,png,yes,800,600
Flamingos_000003.png,png,yes,800,600
Flamingos_000004.png,png,yes,800,600
Flamingos_000005.png,png,yes,800,600
Flamingos_000006.png,png,yes,800,600
Flamingos_000008.png,png,yes,800,600
Flamingos_000009.png,png,yes,800,600
Flamingos_000010.png,png,yes,800,600
Flamingos_000011.png,png,yes,800,600
Flamingos_000012.png,png,yes,800,600
Flamingos_000013.png,png,yes,800,600
Flamingos_000015.png,png,yes,800,600
Flamingos_000016.png,png,yes,800,600
Flamingos_000017.png,png,yes,800,600
Flamingos_000018.png,png,yes,800,600
Flamingos_000019.png,png,yes,800,600
Flamingos_000021.png,png,yes,800,600
Flamingos_000022.png,png,yes,800,600
Flamingos_000023.png,png,yes,800,600
Flamingos_000024.png,png,yes,800,600
Flamingos_000025.png,png,yes,800,600
Flamingos_000026.png,png,yes,800,600
Flamingos_000027.png,png,yes,800,600
Flamingos_000029.png,png,yes,800,600
Flower arrangements_000001.png,png,yes,800,600
Flower arrangements_000003.png,png,yes,800,600
Flower arrangements_000004.png,png,yes,800,600
Flower arrangements_000006.png,png,yes,800,600
Flower arrangements_000007.png,png,yes,800,600
Flower arrangements_000009.png,png,yes,800,600
Flower arrangements_000010.png,png,yes,800,600
Flower arrangements_000011.png,png,yes,800,600
Flower arrangements_000012.png,png,yes,800,600
Flower arrangements_000014.png,png,yes,800,600
Flower arrangements_000015.png,png,yes,800,600
Flower arrangements_000016.png,png,yes,800,600
Flower arrangements_000017.png,png,yes,800,600
Flower arrangements_000018.png,png,yes,800,600
Flower arrangements_000023.png,png,yes,800,600
Flower arrangements_000024.png,png,yes,800,600
Flower arrangements_000026.png,png,yes,800,600
Flower arrangements_000027.png,png,yes,800,600
Flower arrangements_000028.png,png,yes,800,600
Flower arrangements_000029.png,png,yes,800,600
Flower arrangements_000033.png,png,yes,800,600
Flower arrangements_000034.png,png,yes,800,600
Flower arrangements_000035.png,png,yes,800,600
Flower arrangements_000036.png,png,yes,800,600
Flower arrangements_000037.png,png,yes,800,600
Flower arrangements_000038.png,png,yes,800,600
Flower arrangements_000039.png,png,yes,800,600
Flower arrangements_000040.png,png,yes,800,600
Flower arrangements_000041.png,png,yes,800,600
Flower arrangements_000043.png,png,yes,800,600
Flower arrangements_000044.png,png,yes,800,600
Flower arrangements_000045.png,png,yes,800,600
Flower arrangements_000047.png,png,yes,800,600
Flower arrangements_000048.png,png,yes,800,600
Flower arrangements_000050.png,png,yes,800,600
Flower arrangements_000052.png,png,yes,800,600
Flowers_000001.png,png,yes,800,600
Flowers_000003.png,png,yes,800,600
Flowers_000005.png,png,yes,800,600
Flowers_000006.png,png,yes,800,600
Flowers_000007.png,png,yes,800,600
Flowers_000008.png,png,yes,800,600
Flowers_000009.png,png,yes,800,600
Flowers_000010.png,png,yes,800,600
Flowers_000012.png,png,yes,800,600
Flowers_000013.png,png,yes,800,600
Flowers_000014.png,png,yes,800,600
Flowers_000015.png,png,yes,800,600
Flowers_000016.png,png,yes,800,600
Flowers_000018.png,png,yes,800,600
Flowers_000019.png,png,yes,800,600
Flowers_000020.png,png,yes,800,600
Flowers_000021.png,png,yes,800,600
Flowers_000022.png,png,yes,800,600
Flowers_000023.png,png,yes,800,600
Foliage_000001.png,png,yes,800,600
Foliage_000002.png,png,yes,800,600
Foliage_000004.png,png,yes,800,600
Foliage_000005.png,png,yes,800,600
Foliage_000007.png,png,yes,800,600
Foliage_000008.png,png,yes,800,600
Foliage_000009.png,png,yes,800,600
Foliage_000010.png,png,yes,800,600
Foliage_000012.png,png,yes,800,600
Foliage_000013.png,png,yes,800,600
Folk music_000001.png,png,yes,800,600
Folk music_000003.png,png,yes,800,600
Folk music_000004.png,png,yes,800,600
Folk music_000005.png,png,yes,800,600
Folk music_000006.png,png,yes,800,600
Folk music_000007.png,png,yes,800,600
Folk music_000008.png,png,yes,800,600
Folk music_000009.png,png,yes,800,600
Folk music_000012.png,png,yes,800,600
Folk music_000013.png,png,yes,800,600
Folk music_000014.png,png,yes,800,600
Folk music_000015.png,png,yes,800,600
Folk music_000016.png,png,yes,800,600
Folk music_000017.png,png,yes,800,600
Folk music_000018.png,png,yes,800,600
Food bloggers_000002.png,png,yes,800,600
Food bloggers_000003.png,png,yes,800,600
Food bloggers_000005.png,png,yes,800,600
Food bloggers_000006.png,png,yes,800,600
Food bloggers_000009.png,png,yes,800,600
Food bloggers_000010.png,png,yes,800,600
Food bloggers_000011.png,png,yes,800,600
Food bloggers_000012.png,png,yes,800,600
Food bloggers_000014.png,png,yes,800,600
Food bloggers_000015.png,png,yes,800,600
Food bloggers_000018.png,png,yes,800,600
Food bloggers_000019.png,png,yes,800,600
Food bloggers_000020.png,png,yes,800,600
Food bloggers_000025.png,png,yes,800,600
Food bloggers_000027.png,png,yes,800,600
Food bloggers_000029.png,png,yes,800,600
Food bloggers_000030.png,png,yes,800,600
Food bloggers_000031.png,png,yes,800,600
Food bloggers_000032.png,png,yes,800,600
Food bloggers_000034.png,png,yes,800,600
Food bloggers_000036.png,png,yes,800,600
Food bloggers_000038.png,png,yes,800,600
Food bloggers_000039.png,png,yes,800,600
Food bloggers_000040.png,png,yes,800,600
Food bloggers_000041.png,png,yes,800,600
Food bloggers_000044.png,png,yes,800,600
Food bloggers_000045.png,png,yes,800,600
Food bloggers_000046.png,png,yes,800,600
Food bloggers_000047.png,png,yes,800,600
Food bloggers_000048.png,png,yes,800,600
Food bloggers_000049.png,png,yes,800,600
Food bloggers_000050.png,png,yes,800,600
Food bloggers_000051.png,png,yes,800,600
Food bloggers_000052.png,png,yes,800,600
Food bloggers_000053.png,png,yes,800,600
Food photography_000002.png,png,yes,800,600
Food photography_000003.png,png,yes,800,600
Food photography_000004.png,png,yes,800,600
Food photography_000005.png,png,yes,800,600
Food photography_000006.png,png,yes,800,600
Food photography_000009.png,png,yes,800,600
Food photography_000010.png,png,yes,800,600
Food photography_000011.png,png,yes,800,600
Food photography_000012.png,png,yes,800,600
Food photography_000013.png,png,yes,800,600
Food photography_000016.png,png,yes,800,600
Food photography_000017.png,png,yes,800,600
Food photography_000018.png,png,yes,800,600
Food photography_000019.png,png,yes,800,600
Food photography_000020.png,png,yes,800,600
Food trucks_000001.png,png,yes,800,600
Footwear_000001.png,png,yes,800,600
Footwear_000002.png,png,yes,800,600
Footwear_000003.png,png,yes,800,600
Footwear_000004.png,png,yes,800,600
Footwear_000005.png,png,yes,800,600
Footwear_000006.png,png,yes,800,600
Footwear_000007.png,png,yes,800,600
Footwear_000008.png,png,yes,800,600
Footwear_000010.png,png,yes,800,600
Footwear_000011.png,png,yes,800,600
Footwear_000012.png,png,yes,800,600
Footwear_000013.png,png,yes,800,600
Footwear_000014.png,png,yes,800,600
Footwear_000017.png,png,yes,800,600
Footwear_000018.png,png,yes,800,600
Footwear_000020.png,png,yes,800,600
Footwear_000021.png,png,yes,800,600
Footwear_000022.png,png,yes,800,600
Footwear_000023.png,png,yes,800,600
Footwear_000025.png,png,yes,800,600
Footwear_000026.png,png,yes,800,600
Footwear_000027.png,png,yes,800,600
Footwear_000028.png,png,yes,800,600
Footwear_000029.png,png,yes,800,600
Footwear_000030.png,png,yes,800,600
Footwear_000031.png,png,yes,800,600
Footwear_000033.png,png,yes,800,600
Footwear_000034.png,png,yes,800,600
Footwear_000035.png,png,yes,800,600
Footwear_000037.png,png,yes,800,600
Footwear_000038.png,png,yes,800,600
Footwear_000039.png,png,yes,800,600
Footwear_000040.png,png,yes,800,600
Footwear_000043.png,png,yes,800,600
Footwear_000045.png,png,yes,800,600
Footwear_000047.png,png,yes,800,600
Footwear_000048.png,png,yes,800,600
Footwear_000049.png,png,yes,800,600
Footwear_000051.png,png,yes,800,600
Footwear_000052.png,png,yes,800,600
Forest_000001.png,png,yes,800,600
Forest_000003.png,png,yes,800,600
Forest_000006.png,png,yes,800,600
Forest_000008.png,png,yes,800,600
Forest_000009.png,png,yes,800,600
Forest_000010.png,png,yes,800,600
Forest_000012.png,png,yes,800,600
Forest_000013.png,png,yes,800,600
Forest_000014.png,png,yes,800,600
Forest_000015.png,png,yes,800,600
Forest_000017.png,png,yes,800,600
Forest_000018.png,png,yes,800,600
Forest_000019.png,png,yes,800,600
Forest_000022.png,png,yes,800,600
Forest_000024.png,png,yes,800,600
Forest_000025.png,png,yes,800,600
Formal wear_000001.png,png,yes,800,600
Formal wear_000002.png,png,yes,800,600
Formal wear_000004.png,png,yes,800,600
Formal wear_000005.png,png,yes,800,600
Formal wear_000007.png,png,yes,800,600
Formal wear_000008.png,png,yes,800,600
Formal wear_000009.png,png,yes,800,600
Formal wear_000010.png,png,yes,800,600
Formal wear_000011.png,png,yes,800,600
Formal wear_000012.png,png,yes,800,600
Formal wear_000013.png,png,yes,800,600
Formal wear_000015.png,png,yes,800,600
Formal wear_000016.png,png,yes,800,600
Formal wear_000017.png,png,yes,800,600
Formal wear_000018.png,png,yes,800,600
Formal wear_000019.png,png,yes,800,600
Formal wear_000020.png,png,yes,800,600
Formal wear_000021.png,png,yes,800,600
Formal wear_000023.png,png,yes,800,600
Formal wear_000028.png,png,yes,800,600
Formal wear_000029.png,png,yes,800,600
Formal wear_000030.png,png,yes,800,600
Formal wear_000031.png,png,yes,800,600
Formal wear_000034.png,png,yes,800,600
Formal wear_000036.png,png,yes,800,600
Foxes_000001.png,png,yes,800,600
Foxes_000002.png,png,yes,800,600
Foxes_000004.png,png,yes,800,600
Foxes_000005.png,png,yes,800,600
Foxes_000006.png,png,yes,800,600
Foxes_000007.png,png,yes,800,600
Foxes_000008.png,png,yes,800,600
Foxes_000012.png,png,yes,800,600
Foxes_000013.png,png,yes,800,600
Foxes_000014.png,png,yes,800,600
Foxes_000015.png,png,yes,800,600
Foxes_000017.png,png,yes,800,600
Foxes_000018.png,png,yes,800,600
Foxes_000019.png,png,yes,800,600
Foxes_000020.png,png,yes,800,600
Foxes_000021.png,png,yes,800,600
Foxes_000022.png,png,yes,800,600
Foxes_000024.png,png,yes,800,600
Foxes_000025.png,png,yes,800,600
Foxes_000026.png,png,yes,800,600
Foxes_000027.png,png,yes,800,600
Foxes_000029.png,png,yes,800,600
Foxes_000030.png,png,yes,800,600
Foxes_000031.png,png,yes,800,600
Foxes_000032.png,png,yes,800,600
Foxes_000036.png,png,yes,800,600
Foxes_000039.png,png,yes,800,600
Foxes_000040.png,png,yes,800,600
Friendship_000001.png,png,yes,800,600
Friendship_000002.png,png,yes,800,600
Friendship_000003.png,png,yes,800,600
Friendship_000004.png,png,yes,800,600
Friendship_000005.png,png,yes,800,600
Friendship_000006.png,png,yes,800,600
Friendship_000007.png,png,yes,800,600
Friendship_000009.png,png,yes,800,600
Friendship_000010.png,png,yes,800,600
Friendship_000013.png,png,yes,800,600
Friendship_000014.png,png,yes,800,600
Friendship_000015.png,png,yes,800,600
Friendship_000016.png,png,yes,800,600
Friendship_000017.png,png,yes,800,600
Friendship_000018.png,png,yes,800,600
Friendship_000019.png,png,yes,800,600
Friendship_000020.png,png,yes,800,600
Friendship_000021.png,png,yes,800,600
Friendship_000022.png,png,yes,800,600
Friendship_000023.png,png,yes,800,600
Friendship_000024.png,png,yes,800,600
Friendship_000025.png,png,yes,800,600
Friendship_000026.png,png,yes,800,600
Friendship_000027.png,png,yes,800,600
Friendship_000028.png,png,yes,800,600
Friendship_000029.png,png,yes,800,600
Friendship_000030.png,png,yes,800,600
Friendship_000031.png,png,yes,800,600
Friendship_000032.png,png,yes,800,600
Friendship_000033.png,png,yes,800,600
Friendship_000034.png,png,yes,800,600
Friendship_000036.png,png,yes,800,600
Frogs_000002.png,png,yes,800,600
Frogs_000003.png,png,yes,800,600
Frogs_000004.png,png,yes,800,600
Frogs_000005.png,png,yes,800,600
Frogs_000006.png,png,yes,800,600
Frogs_000007.png,png,yes,800,600
Frogs_000008.png,png,yes,800,600
Frogs_000009.png,png,yes,800,600
Frogs_000010.png,png,yes,800,600
Frogs_000011.png,png,yes,800,600
Frogs_000013.png,png,yes,800,600
Frogs_000014.png,png,yes,800,600
Frogs_000015.png,png,yes,800,600
Frogs_000016.png,png,yes,800,600
Frogs_000018.png,png,yes,800,600
Frogs_000019.png,png,yes,800,600
Frogs_000020.png,png,yes,800,600
Frogs_000021.png,png,yes,800,600
Frogs_000022.png,png,yes,800,600
Frogs_000023.png,png,yes,800,600
Frogs_000024.png,png,yes,800,600
Frogs_000025.png,png,yes,800,600
Frogs_000026.png,png,yes,800,600
Frogs_000027.png,png,yes,800,600
Frogs_000028.png,png,yes,800,600
Frogs_000031.png,png,yes,800,600
Frogs_000032.png,png,yes,800,600
Frogs_000034.png,png,yes,800,600
Fruits_000002.png,png,yes,800,600
Fruits_000003.png,png,yes,800,600
Fruits_000004.png,png,yes,800,600
Fruits_000005.png,png,yes,800,600
Fruits_000006.png,png,yes,800,600
Fruits_000008.png,png,yes,800,600
Fruits_000009.png,png,yes,800,600
Fruits_000011.png,png,yes,800,600
Fruits_000013.png,png,yes,800,600
Fruits_000014.png,png,yes,800,600
Fruits_000015.png,png,yes,800,600
Fruits_000016.png,png,yes,800,600
Fruits_000017.png,png,yes,800,600
Fruits_000018.png,png,yes,800,600
Fruits_000019.png,png,yes,800,600
Fruits_000021.png,png,yes,800,600
Fruits_000023.png,png,yes,800,600
Fruits_000026.png,png,yes,800,600
Fruits_000027.png,png,yes,800,600
Fruits_000028.png,png,yes,800,600
Fruits_000029.png,png,yes,800,600
Fruits_000030.png,png,yes,800,600
Fruits_000031.png,png,yes,800,600
Fruits_000032.png,png,yes,800,600
Fruits_000033.png,png,yes,800,600
Furniture design_000001.png,png,yes,800,600
Furniture design_000002.png,png,yes,800,600
Furniture design_000004.png,png,yes,800,600
Furniture design_000005.png,png,yes,800,600
Furniture design_000007.png,png,yes,800,600
Furniture design_000008.png,png,yes,800,600
Furniture design_000009.png,png,yes,800,600
Furniture design_000010.png,png,yes,800,600
Furniture design_000011.png,png,yes,800,600
Furniture design_000012.png,png,yes,800,600
Furniture design_000014.png,png,yes,800,600
Furniture design_000016.png,png,yes,800,600
Furniture design_000017.png,png,yes,800,600
Furniture design_000018.png,png,yes,800,600
Furniture design_000019.png,png,yes,800,600
Furniture design_000020.png,png,yes,800,600
Furniture design_000022.png,png,yes,800,600
Furniture design_000023.png,png,yes,800,600
Furniture design_000025.png,png,yes,800,600
Furniture design_000026.png,png,yes,800,600
Furniture design_000027.png,png,yes,800,600
Furniture design_000030.png,png,yes,800,600
Furniture design_000032.png,png,yes,800,600
Furniture design_000033.png,png,yes,800,600
Furniture design_000034.png,png,yes,800,600
Furniture design_000035.png,png,yes,800,600
Furniture design_000036.png,png,yes,800,600
Furniture design_000037.png,png,yes,800,600
Furniture design_000038.png,png,yes,800,600
Furniture design_000039.png,png,yes,800,600
Furniture design_000040.png,png,yes,800,600
Furniture design_000041.png,png,yes,800,600
Furniture design_000042.png,png,yes,800,600
Furniture design_000043.png,png,yes,800,600
Furniture design_000044.png,png,yes,800,600
Furniture design_000045.png,png,yes,800,600
Furniture design_000046.png,png,yes,800,600
Furniture design_000047.png,png,yes,800,600
Furniture design_000048.png,png,yes,800,600
Furniture design_000049.png,png,yes,800,600
Furniture design_000053.png,png,yes,800,600
Furniture design_000055.png,png,yes,800,600
Furniture design_000056.png,png,yes,800,600
Furniture design_000057.png,png,yes,800,600
Gadget unboxings_000001.png,png,yes,800,600
Gadget unboxings_000002.png,png,yes,800,600
Gadget unboxings_000003.png,png,yes,800,600
Gadgets_000002.png,png,yes,800,600
Game development_000003.png,png,yes,800,600
Game development_000004.png,png,yes,800,600
Game development_000005.png,png,yes,800,600
Game development_000008.png,png,yes,800,600
Game development_000009.png,png,yes,800,600
Game development_000010.png,png,yes,800,600
Game development_000011.png,png,yes,800,600
Game development_000013.png,png,yes,800,600
Game development_000014.png,png,yes,800,600
Game development_000015.png,png,yes,800,600
Game development_000016.png,png,yes,800,600
Game development_000017.png,png,yes,800,600
Game development_000019.png,png,yes,800,600
Game reviews_000001.png,png,yes,800,600
Game reviews_000002.png,png,yes,800,600
Game reviews_000003.png,png,yes,800,600
Game reviews_000004.png,png,yes,800,600
Game reviews_000005.png,png,yes,800,600
Game reviews_000006.png,png,yes,800,600
Game reviews_000008.png,png,yes,800,600
Game reviews_000009.png,png,yes,800,600
Game reviews_000010.png,png,yes,800,600
Game reviews_000012.png,png,yes,800,600
Game reviews_000013.png,png,yes,800,600
Game reviews_000018.png,png,yes,800,600
Game reviews_000019.png,png,yes,800,600
Game reviews_000020.png,png,yes,800,600
Game reviews_000022.png,png,yes,800,600
Game reviews_000023.png,png,yes,800,600
Game reviews_000026.png,png,yes,800,600
Game reviews_000027.png,png,yes,800,600
Game reviews_000030.png,png,yes,800,600
Game reviews_000031.png,png,yes,800,600
Game reviews_000032.png,png,yes,800,600
Game reviews_000034.png,png,yes,800,600
Game reviews_000036.png,png,yes,800,600
Game reviews_000038.png,png,yes,800,600
Gaming news_000001.png,png,yes,800,600
Gaming news_000003.png,png,yes,800,600
Gaming news_000004.png,png,yes,800,600
Gaming news_000006.png,png,yes,800,600
Gaming news_000007.png,png,yes,800,600
Gaming news_000008.png,png,yes,800,600
Gaming news_000009.png,png,yes,800,600
Gaming news_000010.png,png,yes,800,600
Gaming news_000011.png,png,yes,800,600
Gaming news_000012.png,png,yes,800,600
Gaming news_000013.png,png,yes,800,600
Gaming news_000015.png,png,yes,800,600
Gaming news_000016.png,png,yes,800,600
Gaming news_000017.png,png,yes,800,600
Gaming news_000018.png,png,yes,800,600
Gaming news_000019.png,png,yes,800,600
Gaming news_000020.png,png,yes,800,600
Gaming news_000021.png,png,yes,800,600
Gaming news_000022.png,png,yes,800,600
Gaming news_000023.png,png,yes,800,600
Gaming news_000024.png,png,yes,800,600
Gaming news_000025.png,png,yes,800,600
Gaming news_000028.png,png,yes,800,600
Gaming news_000029.png,png,yes,800,600
Gaming news_000030.png,png,yes,800,600
Gaming news_000031.png,png,yes,800,600
Gaming news_000032.png,png,yes,800,600
Gaming news_000033.png,png,yes,800,600
Gaming news_000034.png,png,yes,800,600
Gaming news_000035.png,png,yes,800,600
Gaming news_000036.png,png,yes,800,600
Gaming news_000037.png,png,yes,800,600
Gaming news_000038.png,png,yes,800,600
Gaming news_000039.png,png,yes,800,600
Gaming news_000042.png,png,yes,800,600
Gaming news_000043.png,png,yes,800,600
Gaming news_000044.png,png,yes,800,600
Gaming news_000045.png,png,yes,800,600
Gaming news_000046.png,png,yes,800,600
Gaming news_000047.png,png,yes,800,600
Gaming news_000048.png,png,yes,800,600
Gaming news_000049.png,png,yes,800,600
Gaming news_000051.png,png,yes,800,600
Gaming news_000052.png,png,yes,800,600
Gaming news_000053.png,png,yes,800,600
Gaming news_000055.png,png,yes,800,600
Gaming_000002.png,png,yes,800,600
Gaming_000003.png,png,yes,800,600
Gaming_000004.png,png,yes,800,600
Gaming_000005.png,png,yes,800,600
Gaming_000006.png,png,yes,800,600
Gaming_000007.png,png,yes,800,600
Gaming_000008.png,png,yes,800,600
Gaming_000009.png,png,yes,800,600
Gaming_000010.png,png,yes,800,600
Gaming_000011.png,png,yes,800,600
Gaming_000012.png,png,yes,800,600
Gaming_000013.png,png,yes,800,600
Gaming_000014.png,png,yes,800,600
Gaming_000015.png,png,yes,800,600
Gaming_000017.png,png,yes,800,600
Gaming_000019.png,png,yes,800,600
Gaming_000020.png,png,yes,800,600
Gaming_000021.png,png,yes,800,600
Gaming_000022.png,png,yes,800,600
Gaming_000023.png,png,yes,800,600
Gaming_000025.png,png,yes,800,600
Gaming_000026.png,png,yes,800,600
Gaming_000028.png,png,yes,800,600
Gaming_000029.png,png,yes,800,600
Gaming_000030.png,png,yes,800,600
Gaming_000031.png,png,yes,800,600
Gaming_000032.png,png,yes,800,600
Gaming_000033.png,png,yes,800,600
Gardening tips_000002.png,png,yes,800,600
Gardening tips_000003.png,png,yes,800,600
Gardening tips_000004.png,png,yes,800,600
Gardening tips_000005.png,png,yes,800,600
Gardening tips_000008.png,png,yes,800,600
Gardening tips_000009.png,png,yes,800,600
Gardening tips_000012.png,png,yes,800,600
Gardening tips_000013.png,png,yes,800,600
Gardening tips_000014.png,png,yes,800,600
Gardening tips_000016.png,png,yes,800,600
Gardening tips_000018.png,png,yes,800,600
Gardening tips_000019.png,png,yes,800,600
Gardening tips_000021.png,png,yes,800,600
Gardening tips_000022.png,png,yes,800,600
Gardening tips_000023.png,png,yes,800,600
Gardening tips_000025.png,png,yes,800,600
Gardening tips_000026.png,png,yes,800,600
Gardening tips_000027.png,png,yes,800,600
Gardening tips_000029.png,png,yes,800,600
Gardening tips_000031.png,png,yes,800,600
Gardening tips_000035.png,png,yes,800,600
Gardening tips_000036.png,png,yes,800,600
Gardening tips_000037.png,png,yes,800,600
Gardening tips_000038.png,png,yes,800,600
Gardening tips_000039.png,png,yes,800,600
Gardening tips_000040.png,png,yes,800,600
Gardening tips_000041.png,png,yes,800,600
Gardening tips_000042.png,png,yes,800,600
Gardening tips_000043.png,png,yes,800,600
Gardening tips_000044.png,png,yes,800,600
Gardening tips_000045.png,png,yes,800,600
Gardening tips_000046.png,png,yes,800,600
Gardening tips_000047.png,png,yes,800,600
Gardening tips_000048.png,png,yes,800,600
Gardening tips_000049.png,png,yes,800,600
Gardening tips_000051.png,png,yes,800,600
Gardening tips_000052.png,png,yes,800,600
Gardening tips_000053.png,png,yes,800,600
Gardening tips_000056.png,png,yes,800,600
Gardening tips_000057.png,png,yes,800,600
Gardening tips_000058.png,png,yes,800,600
Gardening tips_000061.png,png,yes,800,600
Gardening tips_000063.png,png,yes,800,600
Gardening tips_000065.png,png,yes,800,600
Gardening_000002.png,png,yes,800,600
Gardening_000003.png,png,yes,800,600
Gardening_000004.png,png,yes,800,600
Gardening_000006.png,png,yes,800,600
Gardening_000007.png,png,yes,800,600
Gardening_000008.png,png,yes,800,600
Gardening_000009.png,png,yes,800,600
Gardening_000011.png,png,yes,800,600
Gardening_000012.png,png,yes,800,600
Gardening_000014.png,png,yes,800,600
Gardening_000015.png,png,yes,800,600
Gardening_000017.png,png,yes,800,600
Gardening_000018.png,png,yes,800,600
Gardening_000019.png,png,yes,800,600
Gardening_000020.png,png,yes,800,600
Gardening_000022.png,png,yes,800,600
Gardening_000023.png,png,yes,800,600
Gardening_000024.png,png,yes,800,600
Gardening_000025.png,png,yes,800,600
Gardening_000026.png,png,yes,800,600
Gardening_000027.png,png,yes,800,600
Gardening_000028.png,png,yes,800,600
Gardening_000031.png,png,yes,800,600
Gardening_000032.png,png,yes,800,600
Gardening_000034.png,png,yes,800,600
Gardening_000035.png,png,yes,800,600
Gardening_000037.png,png,yes,800,600
Gardening_000040.png,png,yes,800,600
Gardening_000041.png,png,yes,800,600
Gardening_000042.png,png,yes,800,600
Giraffes_000001.png,png,yes,800,600
Giraffes_000002.png,png,yes,800,600
Giraffes_000003.png,png,yes,800,600
Giraffes_000005.png,png,yes,800,600
Giraffes_000006.png,png,yes,800,600
Giraffes_000007.png,png,yes,800,600
Giraffes_000008.png,png,yes,800,600
Giraffes_000009.png,png,yes,800,600
Giraffes_000011.png,png,yes,800,600
Giraffes_000012.png,png,yes,800,600
Giraffes_000013.png,png,yes,800,600
Giraffes_000016.png,png,yes,800,600
Giraffes_000018.png,png,yes,800,600
Giraffes_000019.png,png,yes,800,600
Giraffes_000020.png,png,yes,800,600
Giraffes_000021.png,png,yes,800,600
Giraffes_000022.png,png,yes,800,600
Giraffes_000024.png,png,yes,800,600
Giraffes_000025.png,png,yes,800,600
Giraffes_000028.png,png,yes,800,600
Giraffes_000029.png,png,yes,800,600
Gluten-free recipes_000001.png,png,yes,800,600
Gluten-free recipes_000003.png,png,yes,800,600
Gluten-free recipes_000004.png,png,yes,800,600
Gluten-free recipes_000005.png,png,yes,800,600
Gluten-free recipes_000010.png,png,yes,800,600
Gluten-free recipes_000011.png,png,yes,800,600
Gluten-free recipes_000012.png,png,yes,800,600
Gluten-free recipes_000013.png,png,yes,800,600
Gluten-free recipes_000015.png,png,yes,800,600
Gluten-free recipes_000016.png,png,yes,800,600
Gluten-free recipes_000017.png,png,yes,800,600
Gluten-free recipes_000018.png,png,yes,800,600
Gluten-free recipes_000021.png,png,yes,800,600
Gluten-free recipes_000023.png,png,yes,800,600
Gluten-free recipes_000024.png,png,yes,800,600
Gluten-free recipes_000025.png,png,yes,800,600
Gluten-free recipes_000027.png,png,yes,800,600
Gluten-free recipes_000028.png,png,yes,800,600
Gluten-free recipes_000031.png,png,yes,800,600
Gluten-free recipes_000033.png,png,yes,800,600
Gluten-free recipes_000034.png,png,yes,800,600
Gluten-free recipes_000035.png,png,yes,800,600
Gluten-free recipes_000036.png,png,yes,800,600
Gluten-free recipes_000037.png,png,yes,800,600
Gluten-free recipes_000039.png,png,yes,800,600
Gluten-free recipes_000041.png,png,yes,800,600
Gluten-free recipes_000042.png,png,yes,800,600
Gluten-free recipes_000043.png,png,yes,800,600
Gluten-free recipes_000044.png,png,yes,800,600
Gluten-free recipes_000045.png,png,yes,800,600
Goal setting_000003.png,png,yes,800,600
Goal setting_000005.png,png,yes,800,600
Goal setting_000006.png,png,yes,800,600
Goal setting_000008.png,png,yes,800,600
Goal setting_000009.png,png,yes,800,600
Goal setting_000010.png,png,yes,800,600
Goal setting_000012.png,png,yes,800,600
Goal setting_000013.png,png,yes,800,600
Goal setting_000015.png,png,yes,800,600
Goal setting_000016.png,png,yes,800,600
Goal setting_000017.png,png,yes,800,600
Goats_000001.png,png,yes,800,600
Goats_000002.png,png,yes,800,600
Goats_000003.png,png,yes,800,600
Goats_000004.png,png,yes,800,600
Goats_000008.png,png,yes,800,600
Goats_000010.png,png,yes,800,600
Goats_000011.png,png,yes,800,600
Goats_000013.png,png,yes,800,600
Goats_000014.png,png,yes,800,600
Goats_000015.png,png,yes,800,600
Goats_000016.png,png,yes,800,600
Goats_000018.png,png,yes,800,600
Goats_000020.png,png,yes,800,600
Goats_000023.png,png,yes,800,600
Goats_000024.png,png,yes,800,600
Goats_000025.png,png,yes,800,600
Goats_000027.png,png,yes,800,600
Goats_000028.png,png,yes,800,600
Goats_000029.png,png,yes,800,600
Goats_000030.png,png,yes,800,600
Goats_000031.png,png,yes,800,600
Goats_000033.png,png,yes,800,600
Golf_000001.png,png,yes,800,600
Golf_000002.png,png,yes,800,600
Golf_000003.png,png,yes,800,600
Golf_000004.png,png,yes,800,600
Golf_000008.png,png,yes,800,600
Golf_000009.png,png,yes,800,600
Golf_000010.png,png,yes,800,600
Golf_000012.png,png,yes,800,600
Golf_000013.png,png,yes,800,600
Golf_000014.png,png,yes,800,600
Golf_000015.png,png,yes,800,600
Golf_000016.png,png,yes,800,600
Golf_000018.png,png,yes,800,600
Golf_000020.png,png,yes,800,600
Golf_000021.png,png,yes,800,600
Golf_000022.png,png,yes,800,600
Golf_000023.png,png,yes,800,600
Golf_000025.png,png,yes,800,600
Golf_000026.png,png,yes,800,600
Golf_000028.png,png,yes,800,600
Golf_000029.png,png,yes,800,600
Golf_000030.png,png,yes,800,600
Golf_000032.png,png,yes,800,600
Golf_000033.png,png,yes,800,600
Golf_000034.png,png,yes,800,600
Golf_000037.png,png,yes,800,600
Golf_000038.png,png,yes,800,600
Golf_000039.png,png,yes,800,600
Golf_000040.png,png,yes,800,600
Golf_000041.png,png,yes,800,600
Golf_000042.png,png,yes,800,600
Golf_000044.png,png,yes,800,600
Golf_000045.png,png,yes,800,600
Golf_000048.png,png,yes,800,600
Golf_000051.png,png,yes,800,600
Golf_000052.png,png,yes,800,600
Gourmet food_000001.png,png,yes,800,600
Gourmet food_000002.png,png,yes,800,600
Gourmet food_000003.png,png,yes,800,600
Gourmet food_000004.png,png,yes,800,600
Gourmet food_000005.png,png,yes,800,600
Gourmet food_000007.png,png,yes,800,600
Gourmet food_000008.png,png,yes,800,600
Gourmet food_000010.png,png,yes,800,600
Gourmet food_000011.png,png,yes,800,600
Gourmet food_000013.png,png,yes,800,600
Gourmet food_000014.png,png,yes,800,600
Gourmet food_000016.png,png,yes,800,600
Gourmet food_000017.png,png,yes,800,600
Gourmet food_000018.png,png,yes,800,600
Gourmet food_000019.png,png,yes,800,600
Gourmet food_000020.png,png,yes,800,600
Gourmet food_000021.png,png,yes,800,600
Gourmet food_000022.png,png,yes,800,600
Gourmet food_000023.png,png,yes,800,600
Gourmet food_000024.png,png,yes,800,600
Gourmet food_000025.png,png,yes,800,600
Gourmet food_000026.png,png,yes,800,600
Gourmet food_000029.png,png,yes,800,600
Gourmet food_000031.png,png,yes,800,600
Gourmet food_000032.png,png,yes,800,600
Gourmet food_000034.png,png,yes,800,600
Gourmet food_000037.png,png,yes,800,600
Gourmet food_000038.png,png,yes,800,600
Graffiti_000001.png,png,yes,800,600
Graffiti_000002.png,png,yes,800,600
Graffiti_000003.png,png,yes,800,600
Graffiti_000005.png,png,yes,800,600
Graffiti_000006.png,png,yes,800,600
Graffiti_000008.png,png,yes,800,600
Graffiti_000009.png,png,yes,800,600
Graffiti_000010.png,png,yes,800,600
Graffiti_000011.png,png,yes,800,600
Graffiti_000012.png,png,yes,800,600
Graffiti_000013.png,png,yes,800,600
Graffiti_000014.png,png,yes,800,600
Graffiti_000015.png,png,yes,800,600
Graffiti_000016.png,png,yes,800,600
Graffiti_000017.png,png,yes,800,600
Graffiti_000018.png,png,yes,800,600
Graffiti_000019.png,png,yes,800,600
Graffiti_000020.png,png,yes,800,600
Graffiti_000021.png,png,yes,800,600
Graffiti_000022.png,png,yes,800,600
Graffiti_000023.png,png,yes,800,600
Graffiti_000024.png,png,yes,800,600
Graffiti_000025.png,png,yes,800,600
Graffiti_000027.png,png,yes,800,600
Graffiti_000028.png,png,yes,800,600
Green technology_000001.png,png,yes,800,600
Green technology_000002.png,png,yes,800,600
Green technology_000003.png,png,yes,800,600
Green technology_000004.png,png,yes,800,600
Green technology_000006.png,png,yes,800,600
Green technology_000007.png,png,yes,800,600
Green technology_000008.png,png,yes,800,600
Green technology_000009.png,png,yes,800,600
Green technology_000010.png,png,yes,800,600
Green technology_000011.png,png,yes,800,600
Green technology_000012.png,png,yes,800,600
Green technology_000013.png,png,yes,800,600
Green technology_000014.png,png,yes,800,600
Green technology_000015.png,png,yes,800,600
Green technology_000017.png,png,yes,800,600
Green technology_000018.png,png,yes,800,600
Green technology_000019.png,png,yes,800,600
Green technology_000020.png,png,yes,800,600
Green technology_000023.png,png,yes,800,600
Green technology_000024.png,png,yes,800,600
Green technology_000025.png,png,yes,800,600
Green technology_000026.png,png,yes,800,600
Green technology_000027.png,png,yes,800,600
Green technology_000028.png,png,yes,800,600
Gymnastics_000001.png,png,yes,800,600
Gymnastics_000003.png,png,yes,800,600
Gymnastics_000005.png,png,yes,800,600
Gymnastics_000006.png,png,yes,800,600
Gymnastics_000007.png,png,yes,800,600
Gymnastics_000008.png,png,yes,800,600
Gymnastics_000009.png,png,yes,800,600
Gymnastics_000011.png,png,yes,800,600
Gymnastics_000012.png,png,yes,800,600
Gymnastics_000015.png,png,yes,800,600
Gymnastics_000016.png,png,yes,800,600
Gymnastics_000017.png,png,yes,800,600
Gymnastics_000018.png,png,yes,800,600
Gymnastics_000019.png,png,yes,800,600
Gymnastics_000021.png,png,yes,800,600
Gymnastics_000022.png,png,yes,800,600
Gymnastics_000024.png,png,yes,800,600
Gymnastics_000025.png,png,yes,800,600
Gymnastics_000026.png,png,yes,800,600
Gymnastics_000027.png,png,yes,800,600
Gymnastics_000029.png,png,yes,800,600
Gymnastics_000030.png,png,yes,800,600
Gymnastics_000031.png,png,yes,800,600
Haircare tips_000001.png,png,yes,800,600
Haircare tips_000002.png,png,yes,800,600
Haircare tips_000003.png,png,yes,800,600
Haircare tips_000004.png,png,yes,800,600
Haircare tips_000006.png,png,yes,800,600
Haircare tips_000007.png,png,yes,800,600
Haircare tips_000008.png,png,yes,800,600
Haircare tips_000009.png,png,yes,800,600
Haircare tips_000010.png,png,yes,800,600
Haircare tips_000012.png,png,yes,800,600
Haircare tips_000013.png,png,yes,800,600
Haircare tips_000014.png,png,yes,800,600
Hairstyles_000003.png,png,yes,800,600
Hairstyles_000005.png,png,yes,800,600
Hairstyles_000006.png,png,yes,800,600
Hairstyles_000008.png,png,yes,800,600
Hairstyles_000009.png,png,yes,800,600
Hairstyles_000013.png,png,yes,800,600
Hairstyles_000014.png,png,yes,800,600
Hairstyles_000015.png,png,yes,800,600
Hairstyles_000016.png,png,yes,800,600
Hairstyles_000018.png,png,yes,800,600
Hairstyles_000019.png,png,yes,800,600
Hairstyles_000020.png,png,yes,800,600
Hairstyles_000022.png,png,yes,800,600
Hairstyles_000023.png,png,yes,800,600
Hairstyles_000024.png,png,yes,800,600
Hairstyles_000025.png,png,yes,800,600
Hairstyles_000026.png,png,yes,800,600
Hairstyles_000027.png,png,yes,800,600
Hairstyles_000028.png,png,yes,800,600
Hairstyles_000031.png,png,yes,800,600
Hairstyles_000032.png,png,yes,800,600
Hairstyles_000033.png,png,yes,800,600
Hairstyles_000037.png,png,yes,800,600
Hairstyles_000038.png,png,yes,800,600
Hairstyles_000039.png,png,yes,800,600
Handbags_000001.png,png,yes,800,600
Handbags_000003.png,png,yes,800,600
Handbags_000004.png,png,yes,800,600
Handbags_000005.png,png,yes,800,600
Handbags_000006.png,png,yes,800,600
Handbags_000007.png,png,yes,800,600
Handbags_000008.png,png,yes,800,600
Handbags_000009.png,png,yes,800,600
Handbags_000010.png,png,yes,800,600
Handbags_000011.png,png,yes,800,600
Handbags_000012.png,png,yes,800,600
Handbags_000013.png,png,yes,800,600
Handbags_000014.png,png,yes,800,600
Handbags_000015.png,png,yes,800,600
Handbags_000016.png,png,yes,800,600
Handbags_000017.png,png,yes,800,600
Handbags_000018.png,png,yes,800,600
Handbags_000019.png,png,yes,800,600
Handbags_000020.png,png,yes,800,600
Handbags_000021.png,png,yes,800,600
Handbags_000022.png,png,yes,800,600
Handbags_000023.png,png,yes,800,600
Handbags_000024.png,png,yes,800,600
Handbags_000025.png,png,yes,800,600
Handbags_000026.png,png,yes,800,600
Handbags_000029.png,png,yes,800,600
Handbags_000030.png,png,yes,800,600
Handbags_000032.png,png,yes,800,600
Handbags_000033.png,png,yes,800,600
Handbags_000034.png,png,yes,800,600
Handbags_000035.png,png,yes,800,600
Handbags_000037.png,png,yes,800,600
Handbags_000038.png,png,yes,800,600
Handbags_000040.png,png,yes,800,600
Handbags_000041.png,png,yes,800,600
Handbags_000043.png,png,yes,800,600
Handbags_000046.png,png,yes,800,600
Handbags_000047.png,png,yes,800,600
Handbags_000049.png,png,yes,800,600
Handbags_000050.png,png,yes,800,600
Handbags_000051.png,png,yes,800,600
Handbags_000052.png,png,yes,800,600
Handbags_000054.png,png,yes,800,600
Handbags_000055.png,png,yes,800,600
Handbags_000056.png,png,yes,800,600
Handbags_000058.png,png,yes,800,600
Handbags_000061.png,png,yes,800,600
Handbags_000062.png,png,yes,800,600
Handbags_000063.png,png,yes,800,600
Handbags_000064.png,png,yes,800,600
Handmade gifts_000001.png,png,yes,800,600
Handmade gifts_000002.png,png,yes,800,600
Handmade gifts_000004.png,png,yes,800,600
Handmade gifts_000005.png,png,yes,800,600
Handmade gifts_000006.png,png,yes,800,600
Handmade gifts_000009.png,png,yes,800,600
Handmade gifts_000010.png,png,yes,800,600
Handmade gifts_000011.png,png,yes,800,600
Handmade gifts_000012.png,png,yes,800,600
Handmade gifts_000013.png,png,yes,800,600
Handmade gifts_000014.png,png,yes,800,600
Handmade gifts_000015.png,png,yes,800,600
Handmade gifts_000017.png,png,yes,800,600
Handmade gifts_000018.png,png,yes,800,600
Handmade gifts_000019.png,png,yes,800,600
Handmade gifts_000021.png,png,yes,800,600
Handmade gifts_000022.png,png,yes,800,600
Handmade gifts_000023.png,png,yes,800,600
Handmade gifts_000026.png,png,yes,800,600
Handmade gifts_000027.png,png,yes,800,600
Handmade gifts_000028.png,png,yes,800,600
Handmade gifts_000031.png,png,yes,800,600
Handmade gifts_000032.png,png,yes,800,600
Handmade gifts_000033.png,png,yes,800,600
Handmade gifts_000034.png,png,yes,800,600
Handmade gifts_000035.png,png,yes,800,600
Handmade gifts_000036.png,png,yes,800,600
Handmade gifts_000037.png,png,yes,800,600
Handmade goods_000001.png,png,yes,800,600
Handmade goods_000002.png,png,yes,800,600
Handmade goods_000003.png,png,yes,800,600
Handmade goods_000004.png,png,yes,800,600
Handmade goods_000005.png,png,yes,800,600
Handmade goods_000006.png,png,yes,800,600
Handmade goods_000007.png,png,yes,800,600
Handmade goods_000008.png,png,yes,800,600
Handmade goods_000009.png,png,yes,800,600
Handmade goods_000011.png,png,yes,800,600
Handmade goods_000012.png,png,yes,800,600
Handmade goods_000013.png,png,yes,800,600
Handmade goods_000014.png,png,yes,800,600
Handmade goods_000016.png,png,yes,800,600
Handmade goods_000017.png,png,yes,800,600
Handmade goods_000020.png,png,yes,800,600
Handmade goods_000023.png,png,yes,800,600
Handmade goods_000024.png,png,yes,800,600
Handmade goods_000025.png,png,yes,800,600
Handmade goods_000026.png,png,yes,800,600
Hardware_000001.png,png,yes,800,600
Hats_000002.png,png,yes,800,600
Hats_000003.png,png,yes,800,600
Hats_000004.png,png,yes,800,600
Hats_000005.png,png,yes,800,600
Hats_000006.png,png,yes,800,600
Hats_000008.png,png,yes,800,600
Hats_000009.png,png,yes,800,600
Hats_000011.png,png,yes,800,600
Hats_000012.png,png,yes,800,600
Hats_000013.png,png,yes,800,600
Hats_000014.png,png,yes,800,600
Hats_000015.png,png,yes,800,600
Hats_000016.png,png,yes,800,600
Hats_000017.png,png,yes,800,600
Hats_000018.png,png,yes,800,600
Hats_000019.png,png,yes,800,600
Hats_000020.png,png,yes,800,600
Hats_000022.png,png,yes,800,600
Hats_000023.png,png,yes,800,600
Hats_000024.png,png,yes,800,600
Hats_000025.png,png,yes,800,600
Hats_000026.png,png,yes,800,600
Hats_000027.png,png,yes,800,600
Hats_000029.png,png,yes,800,600
Hats_000030.png,png,yes,800,600
Hats_000032.png,png,yes,800,600
Hats_000034.png,png,yes,800,600
Hats_000035.png,png,yes,800,600
Hats_000037.png,png,yes,800,600
Hats_000038.png,png,yes,800,600
Hats_000041.png,png,yes,800,600
Hats_000044.png,png,yes,800,600
Hats_000046.png,png,yes,800,600
Hats_000047.png,png,yes,800,600
Hats_000052.png,png,yes,800,600
Hats_000053.png,png,yes,800,600
Hats_000057.png,png,yes,800,600
Hats_000059.png,png,yes,800,600
Hats_000062.png,png,yes,800,600
Hats_000065.png,png,yes,800,600
Hats_000066.png,png,yes,800,600
Healthy meals_000001.png,png,yes,800,600
Healthy meals_000002.png,png,yes,800,600
Healthy meals_000003.png,png,yes,800,600
Healthy meals_000005.png,png,yes,800,600
Healthy meals_000006.png,png,yes,800,600
Healthy meals_000007.png,png,yes,800,600
Healthy meals_000008.png,png,yes,800,600
Healthy meals_000009.png,png,yes,800,600
Healthy meals_000010.png,png,yes,800,600
Healthy meals_000011.png,png,yes,800,600
Healthy meals_000013.png,png,yes,800,600
Healthy meals_000014.png,png,yes,800,600
Healthy meals_000015.png,png,yes,800,600
Healthy meals_000016.png,png,yes,800,600
Healthy meals_000017.png,png,yes,800,600
Healthy meals_000018.png,png,yes,800,600
Healthy meals_000020.png,png,yes,800,600
Healthy meals_000021.png,png,yes,800,600
Healthy meals_000022.png,png,yes,800,600
Healthy meals_000023.png,png,yes,800,600
Healthy meals_000024.png,png,yes,800,600
Hiking_000001.png,png,yes,800,600
Hiking_000003.png,png,yes,800,600
Hiking_000004.png,png,yes,800,600
Hiking_000005.png,png,yes,800,600
Hiking_000006.png,png,yes,800,600
Hiking_000007.png,png,yes,800,600
Hiking_000008.png,png,yes,800,600
Hiking_000009.png,png,yes,800,600
Hiking_000010.png,png,yes,800,600
Hiking_000011.png,png,yes,800,600
Hiking_000013.png,png,yes,800,600
Hiking_000014.png,png,yes,800,600
Hiking_000015.png,png,yes,800,600
Hiking_000016.png,png,yes,800,600
Hiking_000017.png,png,yes,800,600
Hiking_000021.png,png,yes,800,600
Hip hop_000001.png,png,yes,800,600
Hip hop_000002.png,png,yes,800,600
Hip hop_000003.png,png,yes,800,600
Hip hop_000004.png,png,yes,800,600
Hip hop_000005.png,png,yes,800,600
Hip hop_000007.png,png,yes,800,600
Hip hop_000008.png,png,yes,800,600
Hip hop_000009.png,png,yes,800,600
Hip hop_000010.png,png,yes,800,600
Historic sites_000002.png,png,yes,800,600
Historic sites_000005.png,png,yes,800,600
Historic sites_000006.png,png,yes,800,600
Historic sites_000007.png,png,yes,800,600
Historic sites_000009.png,png,yes,800,600
Historic sites_000010.png,png,yes,800,600
Historic sites_000011.png,png,yes,800,600
Historic sites_000012.png,png,yes,800,600
Historic sites_000013.png,png,yes,800,600
Historic sites_000014.png,png,yes,800,600
Historic sites_000015.png,png,yes,800,600
Historic sites_000017.png,png,yes,800,600
Historic sites_000018.png,png,yes,800,600
Historic sites_000019.png,png,yes,800,600
Historic sites_000021.png,png,yes,800,600
Historic sites_000023.png,png,yes,800,600
Historic sites_000024.png,png,yes,800,600
Historic sites_000025.png,png,yes,800,600
Historic sites_000026.png,png,yes,800,600
Historic sites_000028.png,png,yes,800,600
Historic sites_000029.png,png,yes,800,600
Historic sites_000030.png,png,yes,800,600
Historic sites_000031.png,png,yes,800,600
Historic sites_000032.png,png,yes,800,600
Historic sites_000033.png,png,yes,800,600
Historic sites_000034.png,png,yes,800,600
Historic sites_000037.png,png,yes,800,600
Historic sites_000039.png,png,yes,800,600
Historic sites_000041.png,png,yes,800,600
Historic sites_000042.png,png,yes,800,600
Historic sites_000043.png,png,yes,800,600
Historic sites_000044.png,png,yes,800,600
Historic sites_000046.png,png,yes,800,600
Historic sites_000048.png,png,yes,800,600
Historic sites_000049.png,png,yes,800,600
Historic sites_000050.png,png,yes,800,600
Historic sites_000051.png,png,yes,800,600
Historic sites_000052.png,png,yes,800,600
Historic sites_000054.png,png,yes,800,600
Historic sites_000056.png,png,yes,800,600
Historic sites_000058.png,png,yes,800,600
Historic sites_000059.png,png,yes,800,600
Historic sites_000060.png,png,yes,800,600
Historical landmarks_000001.png,png,yes,800,600
Hobbies_000003.png,png,yes,800,600
Hobbies_000008.png,png,yes,800,600
Hobbies_000009.png,png,yes,800,600
Hobbies_000011.png,png,yes,800,600
Hobbies_000015.png,png,yes,800,600
Hobbies_000016.png,png,yes,800,600
Hobbies_000019.png,png,yes,800,600
Hobbies_000020.png,png,yes,800,600
Hobbies_000021.png,png,yes,800,600
Hobbies_000022.png,png,yes,800,600
Hobbies_000025.png,png,yes,800,600
Hobbies_000027.png,png,yes,800,600
Hobbies_000028.png,png,yes,800,600
Hobbies_000029.png,png,yes,800,600
Hobbies_000030.png,png,yes,800,600
Hobbies_000031.png,png,yes,800,600
Hobbies_000034.png,png,yes,800,600
Hobbies_000035.png,png,yes,800,600
Hobbies_000036.png,png,yes,800,600
Hobbies_000037.png,png,yes,800,600
Hobbies_000038.png,png,yes,800,600
Hobbies_000039.png,png,yes,800,600
Hobbies_000040.png,png,yes,800,600
Hobbies_000041.png,png,yes,800,600
Hobbies_000042.png,png,yes,800,600
Hobbies_000044.png,png,yes,800,600
Home decor_000003.png,png,yes,800,600
Home decor_000004.png,png,yes,800,600
Home decor_000005.png,png,yes,800,600
Home decor_000006.png,png,yes,800,600
Home decor_000008.png,png,yes,800,600
Home decor_000009.png,png,yes,800,600
Home decor_000010.png,png,yes,800,600
Home decor_000013.png,png,yes,800,600
Home decor_000014.png,png,yes,800,600
Home decor_000015.png,png,yes,800,600
Home decor_000016.png,png,yes,800,600
Home decor_000018.png,png,yes,800,600
Home decor_000019.png,png,yes,800,600
Home decor_000020.png,png,yes,800,600
Home decor_000022.png,png,yes,800,600
Home decor_000023.png,png,yes,800,600
Home decor_000025.png,png,yes,800,600
Home decor_000026.png,png,yes,800,600
Home decor_000027.png,png,yes,800,600
Home decor_000028.png,png,yes,800,600
Home decor_000030.png,png,yes,800,600
Home decor_000031.png,png,yes,800,600
Home decor_000034.png,png,yes,800,600
Home decor_000035.png,png,yes,800,600
Home decor_000037.png,png,yes,800,600
Home decor_000039.png,png,yes,800,600
Home decor_000040.png,png,yes,800,600
Home decor_000041.png,png,yes,800,600
Home decor_000042.png,png,yes,800,600
Home decor_000043.png,png,yes,800,600
Home decor_000044.png,png,yes,800,600
Home decor_000047.png,png,yes,800,600
Home decor_000049.png,png,yes,800,600
Home decor_000050.png,png,yes,800,600
Home decor_000052.png,png,yes,800,600
Home decor_000053.png,png,yes,800,600
Home decor_000054.png,png,yes,800,600
Home decor_000058.png,png,yes,800,600
Home decor_000060.png,png,yes,800,600
Home decor_000062.png,png,yes,800,600
Home decor_000063.png,png,yes,800,600
Home decor_000064.png,png,yes,800,600
Home decor_000065.png,png,yes,800,600
Home decor_000066.png,png,yes,800,600
Home decor_000067.png,png,yes,800,600
Home decor_000068.png,png,yes,800,600
Home decor_000069.png,png,yes,800,600
Home decor_000070.png,png,yes,800,600
Home decor_000075.png,png,yes,800,600
Home decor_000076.png,png,yes,800,600
Home decor_000077.png,png,yes,800,600
Home decor_000079.png,png,yes,800,600
Home decor_000080.png,png,yes,800,600
Home decor_000081.png,png,yes,800,600
Home decor_000082.png,png,yes,800,600
Home decor_000083.png,png,yes,800,600
Home decor_000089.png,png,yes,800,600
Home decor_000090.png,png,yes,800,600
Home decor_000091.png,png,yes,800,600
Home decor_000092.png,png,yes,800,600
Home improvement_000002.png,png,yes,800,600
Home improvement_000003.png,png,yes,800,600
Home improvement_000004.png,png,yes,800,600
Home improvement_000005.png,png,yes,800,600
Home improvement_000006.png,png,yes,800,600
Home improvement_000007.png,png,yes,800,600
Home improvement_000008.png,png,yes,800,600
Home improvement_000009.png,png,yes,800,600
Home improvement_000010.png,png,yes,800,600
Home improvement_000012.png,png,yes,800,600
Home improvement_000013.png,png,yes,800,600
Home improvement_000015.png,png,yes,800,600
Home improvement_000016.png,png,yes,800,600
Home improvement_000017.png,png,yes,800,600
Home improvement_000019.png,png,yes,800,600
Home improvement_000020.png,png,yes,800,600
Home improvement_000021.png,png,yes,800,600
Home improvement_000022.png,png,yes,800,600
Home improvement_000023.png,png,yes,800,600
Home improvement_000024.png,png,yes,800,600
Home improvement_000025.png,png,yes,800,600
Home improvement_000026.png,png,yes,800,600
Home improvement_000027.png,png,yes,800,600
Home improvement_000030.png,png,yes,800,600
Home improvement_000031.png,png,yes,800,600
Home improvement_000032.png,png,yes,800,600
Home improvement_000033.png,png,yes,800,600
Home office setup_000001.png,png,yes,800,600
Home office setup_000003.png,png,yes,800,600
Home office setup_000004.png,png,yes,800,600
Home office setup_000005.png,png,yes,800,600
Home office setup_000006.png,png,yes,800,600
Home office setup_000007.png,png,yes,800,600
Home office setup_000008.png,png,yes,800,600
Home office setup_000009.png,png,yes,800,600
Home office setup_000011.png,png,yes,800,600
Home office setup_000012.png,png,yes,800,600
Home office setup_000013.png,png,yes,800,600
Home office setup_000015.png,png,yes,800,600
Home office setup_000016.png,png,yes,800,600
Home office setup_000018.png,png,yes,800,600
Home office setup_000019.png,png,yes,800,600
Home office setup_000020.png,png,yes,800,600
Home office setup_000021.png,png,yes,800,600
Home office setup_000022.png,png,yes,800,600
Home office setup_000023.png,png,yes,800,600
Home office setup_000024.png,png,yes,800,600
Home office setup_000026.png,png,yes,800,600
Home office setup_000027.png,png,yes,800,600
Home office setup_000028.png,png,yes,800,600
Home office setup_000029.png,png,yes,800,600
Home office setup_000030.png,png,yes,800,600
Home office setup_000032.png,png,yes,800,600
Home office setup_000033.png,png,yes,800,600
Home office setup_000034.png,png,yes,800,600
Home office setup_000035.png,png,yes,800,600
Home office setup_000037.png,png,yes,800,600
Home office setup_000039.png,png,yes,800,600
Home office setup_000040.png,png,yes,800,600
Home office setup_000042.png,png,yes,800,600
Home office setup_000043.png,png,yes,800,600
Home office setup_000044.png,png,yes,800,600
Home office setup_000045.png,png,yes,800,600
Home office setup_000047.png,png,yes,800,600
Home office setup_000048.png,png,yes,800,600
Home office setup_000049.png,png,yes,800,600
Home office setup_000051.png,png,yes,800,600
Home office setup_000053.png,png,yes,800,600
Home office setup_000054.png,png,yes,800,600
Home security_000001.png,png,yes,800,600
Home security_000002.png,png,yes,800,600
Home security_000004.png,png,yes,800,600
Home security_000005.png,png,yes,800,600
Home security_000006.png,png,yes,800,600
Home security_000007.png,png,yes,800,600
Home security_000008.png,png,yes,800,600
Home security_000009.png,png,yes,800,600
Home security_000010.png,png,yes,800,600
Home security_000013.png,png,yes,800,600
Home security_000014.png,png,yes,800,600
Home security_000015.png,png,yes,800,600
Home security_000016.png,png,yes,800,600
Home security_000017.png,png,yes,800,600
Home security_000018.png,png,yes,800,600
Home security_000022.png,png,yes,800,600
Home security_000023.png,png,yes,800,600
Home security_000024.png,png,yes,800,600
Home security_000025.png,png,yes,800,600
Home security_000026.png,png,yes,800,600
Home security_000027.png,png,yes,800,600
Home security_000028.png,png,yes,800,600
Home security_000029.png,png,yes,800,600
Home security_000030.png,png,yes,800,600
Home security_000031.png,png,yes,800,600
Home security_000033.png,png,yes,800,600
Home security_000034.png,png,yes,800,600
Home security_000037.png,png,yes,800,600
Home security_000038.png,png,yes,800,600
Home security_000039.png,png,yes,800,600
Home security_000040.png,png,yes,800,600
Home security_000042.png,png,yes,800,600
Home security_000043.png,png,yes,800,600
Home security_000044.png,png,yes,800,600
Home security_000045.png,png,yes,800,600
Home security_000046.png,png,yes,800,600
Home security_000049.png,png,yes,800,600
Home security_000050.png,png,yes,800,600
Home security_000051.png,png,yes,800,600
Home security_000052.png,png,yes,800,600
Home security_000053.png,png,yes,800,600
Home security_000054.png,png,yes,800,600
Home security_000058.png,png,yes,800,600
Home security_000059.png,png,yes,800,600
Home security_000061.png,png,yes,800,600
Home security_000062.png,png,yes,800,600
Home security_000063.png,png,yes,800,600
Home security_000066.png,png,yes,800,600
Home security_000067.png,png,yes,800,600
Home security_000068.png,png,yes,800,600
Home security_000070.png,png,yes,800,600
Home security_000071.png,png,yes,800,600
Home security_000073.png,png,yes,800,600
Home security_000074.png,png,yes,800,600
Home security_000075.png,png,yes,800,600
Home security_000077.png,png,yes,800,600
Home security_000079.png,png,yes,800,600
Home security_000080.png,png,yes,800,600
Horses_000002.png,png,yes,800,600
Horses_000003.png,png,yes,800,600
Horses_000004.png,png,yes,800,600
Horses_000005.png,png,yes,800,600
Horses_000006.png,png,yes,800,600
Horses_000007.png,png,yes,800,600
Horses_000008.png,png,yes,800,600
Horses_000009.png,png,yes,800,600
Horses_000014.png,png,yes,800,600
Horses_000015.png,png,yes,800,600
Horses_000016.png,png,yes,800,600
Horses_000018.png,png,yes,800,600
Horses_000019.png,png,yes,800,600
Horses_000020.png,png,yes,800,600
Human rights_000001.png,png,yes,800,600
Human rights_000002.png,png,yes,800,600
Human rights_000004.png,png,yes,800,600
Human rights_000005.png,png,yes,800,600
Human rights_000006.png,png,yes,800,600
Human rights_000007.png,png,yes,800,600
Human rights_000008.png,png,yes,800,600
Human rights_000009.png,png,yes,800,600
Human rights_000011.png,png,yes,800,600
Human rights_000012.png,png,yes,800,600
Human rights_000013.png,png,yes,800,600
Human rights_000017.png,png,yes,800,600
Human rights_000018.png,png,yes,800,600
Human rights_000020.png,png,yes,800,600
Human rights_000021.png,png,yes,800,600
Human rights_000022.png,png,yes,800,600
Human rights_000023.png,png,yes,800,600
Human rights_000024.png,png,yes,800,600
Human rights_000025.png,png,yes,800,600
Human rights_000026.png,png,yes,800,600
Ice cream_000001.png,png,yes,800,600
Ice cream_000004.png,png,yes,800,600
Ice cream_000005.png,png,yes,800,600
Ice cream_000009.png,png,yes,800,600
Ice cream_000010.png,png,yes,800,600
Ice cream_000011.png,png,yes,800,600
Ice cream_000012.png,png,yes,800,600
Ice cream_000013.png,png,yes,800,600
Ice cream_000014.png,png,yes,800,600
Ice cream_000015.png,png,yes,800,600
Ice cream_000016.png,png,yes,800,600
Ice cream_000017.png,png,yes,800,600
Ice cream_000018.png,png,yes,800,600
Ice cream_000019.png,png,yes,800,600
Ice cream_000020.png,png,yes,800,600
Ice cream_000024.png,png,yes,800,600
Ice cream_000025.png,png,yes,800,600
Ice cream_000026.png,png,yes,800,600
Ice cream_000027.png,png,yes,800,600
Ice cream_000031.png,png,yes,800,600
Ice cream_000032.png,png,yes,800,600
Ice cream_000033.png,png,yes,800,600
Ice cream_000034.png,png,yes,800,600
Ice cream_000036.png,png,yes,800,600
Ice cream_000038.png,png,yes,800,600
Ice cream_000039.png,png,yes,800,600
Ice cream_000040.png,png,yes,800,600
Icebergs_000001.png,png,yes,800,600
Icebergs_000002.png,png,yes,800,600
Icebergs_000003.png,png,yes,800,600
Icebergs_000004.png,png,yes,800,600
Icebergs_000006.png,png,yes,800,600
Icebergs_000008.png,png,yes,800,600
Icebergs_000010.png,png,yes,800,600
Icebergs_000011.png,png,yes,800,600
Icebergs_000013.png,png,yes,800,600
Icebergs_000014.png,png,yes,800,600
Icebergs_000015.png,png,yes,800,600
Icebergs_000016.png,png,yes,800,600
Icebergs_000017.png,png,yes,800,600
Icebergs_000019.png,png,yes,800,600
Icebergs_000021.png,png,yes,800,600
Icebergs_000022.png,png,yes,800,600
Icebergs_000023.png,png,yes,800,600
Icebergs_000024.png,png,yes,800,600
Icebergs_000025.png,png,yes,800,600
Icebergs_000027.png,png,yes,800,600
Icebergs_000030.png,png,yes,800,600
Icebergs_000031.png,png,yes,800,600
Icebergs_000032.png,png,yes,800,600
Icebergs_000033.png,png,yes,800,600
Icebergs_000034.png,png,yes,800,600
Indie games_000002.png,png,yes,800,600
Indie games_000006.png,png,yes,800,600
Indie games_000008.png,png,yes,800,600
Indie games_000009.png,png,yes,800,600
Indie games_000010.png,png,yes,800,600
Indie games_000012.png,png,yes,800,600
Indie games_000013.png,png,yes,800,600
Indie games_000014.png,png,yes,800,600
Indie games_000015.png,png,yes,800,600
Indie games_000017.png,png,yes,800,600
Indie games_000018.png,png,yes,800,600
Indie games_000019.png,png,yes,800,600
Indie games_000020.png,png,yes,800,600
Indie music_000002.png,png,yes,800,600
Indie music_000003.png,png,yes,800,600
Indie music_000004.png,png,yes,800,600
Indie music_000005.png,png,yes,800,600
Indie music_000007.png,png,yes,800,600
Indie music_000009.png,png,yes,800,600
Indie music_000010.png,png,yes,800,600
Indie music_000012.png,png,yes,800,600
Indie music_000013.png,png,yes,800,600
Indoor plants_000003.png,png,yes,800,600
Indoor plants_000004.png,png,yes,800,600
Indoor plants_000007.png,png,yes,800,600
Indoor plants_000008.png,png,yes,800,600
Indoor plants_000009.png,png,yes,800,600
Indoor plants_000012.png,png,yes,800,600
Indoor plants_000014.png,png,yes,800,600
Indoor plants_000015.png,png,yes,800,600
Indoor plants_000017.png,png,yes,800,600
Indoor plants_000019.png,png,yes,800,600
Indoor plants_000020.png,png,yes,800,600
Indoor plants_000021.png,png,yes,800,600
Indoor plants_000022.png,png,yes,800,600
Indoor plants_000023.png,png,yes,800,600
Indoor plants_000024.png,png,yes,800,600
Indoor plants_000025.png,png,yes,800,600
Indoor plants_000027.png,png,yes,800,600
Indoor plants_000030.png,png,yes,800,600
Indoor plants_000031.png,png,yes,800,600
Indoor plants_000032.png,png,yes,800,600
Indoor plants_000033.png,png,yes,800,600
Indoor plants_000034.png,png,yes,800,600
Indoor plants_000035.png,png,yes,800,600
Indoor plants_000036.png,png,yes,800,600
Indoor plants_000037.png,png,yes,800,600
Indoor plants_000038.png,png,yes,800,600
Indoor plants_000039.png,png,yes,800,600
Indoor plants_000041.png,png,yes,800,600
Indoor plants_000042.png,png,yes,800,600
Indoor plants_000043.png,png,yes,800,600
Indoor plants_000044.png,png,yes,800,600
Indoor plants_000045.png,png,yes,800,600
Indoor plants_000046.png,png,yes,800,600
Indoor plants_000047.png,png,yes,800,600
Indoor plants_000048.png,png,yes,800,600
Indoor plants_000050.png,png,yes,800,600
Indoor plants_000051.png,png,yes,800,600
Indoor plants_000052.png,png,yes,800,600
Indoor plants_000055.png,png,yes,800,600
Indoor plants_000056.png,png,yes,800,600
Indoor plants_000057.png,png,yes,800,600
Indoor plants_000059.png,png,yes,800,600
Indoor plants_000061.png,png,yes,800,600
Indoor plants_000062.png,png,yes,800,600
Indoor plants_000065.png,png,yes,800,600
Influencer marketing_000001.png,png,yes,800,600
Influencer marketing_000002.png,png,yes,800,600
Influencer marketing_000005.png,png,yes,800,600
Influencer marketing_000007.png,png,yes,800,600
Influencer marketing_000008.png,png,yes,800,600
Influencer marketing_000009.png,png,yes,800,600
Influencer marketing_000011.png,png,yes,800,600
Influencer marketing_000012.png,png,yes,800,600
Influencer marketing_000015.png,png,yes,800,600
Influencer marketing_000018.png,png,yes,800,600
Influencer marketing_000020.png,png,yes,800,600
Influencer marketing_000021.png,png,yes,800,600
Influencers_000001.png,png,yes,800,600
Influencers_000002.png,png,yes,800,600
Influencers_000003.png,png,yes,800,600
Influencers_000006.png,png,yes,800,600
Influencers_000007.png,png,yes,800,600
Influencers_000009.png,png,yes,800,600
Influencers_000012.png,png,yes,800,600
Influencers_000013.png,png,yes,800,600
Influencers_000014.png,png,yes,800,600
Influencers_000015.png,png,yes,800,600
Influencers_000017.png,png,yes,800,600
Influencers_000018.png,png,yes,800,600
Influencers_000021.png,png,yes,800,600
Influencers_000022.png,png,yes,800,600
Influencers_000024.png,png,yes,800,600
Influencers_000025.png,png,yes,800,600
Influencers_000026.png,png,yes,800,600
Influencers_000027.png,png,yes,800,600
Influencers_000028.png,png,yes,800,600
Influencers_000030.png,png,yes,800,600
Influencers_000032.png,png,yes,800,600
Influencers_000033.png,png,yes,800,600
Innovations_000001.png,png,yes,800,600
Innovations_000002.png,png,yes,800,600
Innovations_000003.png,png,yes,800,600
Innovations_000006.png,png,yes,800,600
Innovations_000007.png,png,yes,800,600
Innovations_000008.png,png,yes,800,600
Innovations_000009.png,png,yes,800,600
Innovations_000012.png,png,yes,800,600
Innovations_000013.png,png,yes,800,600
Innovations_000014.png,png,yes,800,600
Innovations_000015.png,png,yes,800,600
Innovations_000016.png,png,yes,800,600
Innovations_000017.png,png,yes,800,600
Innovations_000019.png,png,yes,800,600
Innovations_000020.png,png,yes,800,600
Innovations_000022.png,png,yes,800,600
Innovations_000023.png,png,yes,800,600
Innovations_000024.png,png,yes,800,600
Innovations_000025.png,png,yes,800,600
Innovations_000026.png,png,yes,800,600
Innovations_000027.png,png,yes,800,600
Innovations_000028.png,png,yes,800,600
Innovations_000029.png,png,yes,800,600
Innovations_000031.png,png,yes,800,600
Innovations_000033.png,png,yes,800,600
Innovations_000034.png,png,yes,800,600
Innovations_000036.png,png,yes,800,600
Innovations_000037.png,png,yes,800,600
Innovations_000038.png,png,yes,800,600
Innovations_000039.png,png,yes,800,600
Innovations_000040.png,png,yes,800,600
Innovations_000041.png,png,yes,800,600
Innovations_000042.png,png,yes,800,600
Innovations_000043.png,png,yes,800,600
Innovations_000044.png,png,yes,800,600
Innovations_000045.png,png,yes,800,600
Innovations_000046.png,png,yes,800,600
Innovations_000048.png,png,yes,800,600
Innovations_000050.png,png,yes,800,600
Innovations_000051.png,png,yes,800,600
Innovations_000052.png,png,yes,800,600
Innovations_000053.png,png,yes,800,600
Innovations_000054.png,png,yes,800,600
Innovations_000055.png,png,yes,800,600
Innovations_000057.png,png,yes,800,600
Innovations_000058.png,png,yes,800,600
Innovations_000060.png,png,yes,800,600
Innovations_000061.png,png,yes,800,600
Innovations_000063.png,png,yes,800,600
Innovation_000001.png,png,yes,800,600
Innovation_000002.png,png,yes,800,600
Innovation_000003.png,png,yes,800,600
Innovation_000004.png,png,yes,800,600
Innovation_000006.png,png,yes,800,600
Innovation_000007.png,png,yes,800,600
Innovation_000010.png,png,yes,800,600
Innovation_000011.png,png,yes,800,600
Innovation_000012.png,png,yes,800,600
Innovation_000013.png,png,yes,800,600
Innovation_000016.png,png,yes,800,600
Innovation_000017.png,png,yes,800,600
Innovation_000018.png,png,yes,800,600
Innovation_000021.png,png,yes,800,600
Innovation_000022.png,png,yes,800,600
Innovation_000023.png,png,yes,800,600
Innovation_000024.png,png,yes,800,600
Insects_000003.png,png,yes,800,600
Insects_000005.png,png,yes,800,600
Insects_000006.png,png,yes,800,600
Insects_000007.png,png,yes,800,600
Insects_000008.png,png,yes,800,600
Insects_000009.png,png,yes,800,600
Insects_000011.png,png,yes,800,600
Insects_000012.png,png,yes,800,600
Insects_000013.png,png,yes,800,600
Insects_000015.png,png,yes,800,600
Insects_000016.png,png,yes,800,600
Insects_000017.png,png,yes,800,600
Insects_000018.png,png,yes,800,600
Insects_000019.png,png,yes,800,600
Insects_000021.png,png,yes,800,600
Insects_000022.png,png,yes,800,600
Insects_000023.png,png,yes,800,600
Insects_000024.png,png,yes,800,600
Insects_000025.png,png,yes,800,600
Insects_000026.png,png,yes,800,600
Insects_000027.png,png,yes,800,600
Insects_000028.png,png,yes,800,600
Insects_000029.png,png,yes,800,600
Insects_000030.png,png,yes,800,600
Insects_000031.png,png,yes,800,600
Insects_000032.png,png,yes,800,600
Insects_000033.png,png,yes,800,600
Insects_000034.png,png,yes,800,600
Insects_000035.png,png,yes,800,600
Insects_000037.png,png,yes,800,600
Insects_000038.png,png,yes,800,600
Insects_000040.png,png,yes,800,600
Insects_000042.png,png,yes,800,600
Inspirational quotes_000001.png,png,yes,800,600
Inspirational quotes_000002.png,png,yes,800,600
Inspirational quotes_000003.png,png,yes,800,600
Inspirational quotes_000004.png,png,yes,800,600
Inspirational quotes_000006.png,png,yes,800,600
Inspirational quotes_000008.png,png,yes,800,600
Inspirational quotes_000009.png,png,yes,800,600
Inspirational quotes_000010.png,png,yes,800,600
Inspirational quotes_000011.png,png,yes,800,600
Inspirational quotes_000012.png,png,yes,800,600
Inspirational quotes_000013.png,png,yes,800,600
Inspirational quotes_000014.png,png,yes,800,600
Inspirational quotes_000016.png,png,yes,800,600
Inspirational quotes_000017.png,png,yes,800,600
Inspirational quotes_000018.png,png,yes,800,600
Inspirational quotes_000019.png,png,yes,800,600
Inspirational quotes_000020.png,png,yes,800,600
Inspirational quotes_000021.png,png,yes,800,600
Inspirational quotes_000022.png,png,yes,800,600
Inspirational quotes_000023.png,png,yes,800,600
Inspirational quotes_000024.png,png,yes,800,600
Inspirational quotes_000025.png,png,yes,800,600
Inspirational quotes_000026.png,png,yes,800,600
Inspirational quotes_000028.png,png,yes,800,600
Inspirational quotes_000030.png,png,yes,800,600
Inspirational quotes_000032.png,png,yes,800,600
Inspirational quotes_000033.png,png,yes,800,600
Inspirational quotes_000034.png,png,yes,800,600
Inspirational quotes_000035.png,png,yes,800,600
Inspirational quotes_000036.png,png,yes,800,600
Inspirational quotes_000037.png,png,yes,800,600
Inspirational quotes_000038.png,png,yes,800,600
Inspirational quotes_000039.png,png,yes,800,600
Inspirational quotes_000040.png,png,yes,800,600
Inspirational quotes_000042.png,png,yes,800,600
Inspirational quotes_000043.png,png,yes,800,600
Inspirational quotes_000044.png,png,yes,800,600
Inspirational quotes_000045.png,png,yes,800,600
Inspirational quotes_000046.png,png,yes,800,600
Inspirational quotes_000047.png,png,yes,800,600
Inspirational stories_000001.png,png,yes,800,600
Inspirational stories_000002.png,png,yes,800,600
Inspirational stories_000003.png,png,yes,800,600
Inspirational stories_000004.png,png,yes,800,600
Inspirational stories_000005.png,png,yes,800,600
Inspirational stories_000006.png,png,yes,800,600
Inspirational stories_000007.png,png,yes,800,600
Inspirational stories_000008.png,png,yes,800,600
Inspirational stories_000010.png,png,yes,800,600
Inspirational stories_000011.png,png,yes,800,600
Inspirational stories_000012.png,png,yes,800,600
Inspirational stories_000014.png,png,yes,800,600
Inspirational stories_000015.png,png,yes,800,600
Inspirational stories_000016.png,png,yes,800,600
Inspirational stories_000017.png,png,yes,800,600
Inspirational stories_000018.png,png,yes,800,600
Inspirational stories_000019.png,png,yes,800,600
Inspirational stories_000020.png,png,yes,800,600
Inspirational stories_000021.png,png,yes,800,600
Inspirational stories_000022.png,png,yes,800,600
Inspirational stories_000024.png,png,yes,800,600
Inspirational stories_000026.png,png,yes,800,600
Inspirational stories_000028.png,png,yes,800,600
Inspirational stories_000029.png,png,yes,800,600
Inspirational stories_000030.png,png,yes,800,600
Inspirational stories_000031.png,png,yes,800,600
Inspirational stories_000035.png,png,yes,800,600
Inspirational stories_000036.png,png,yes,800,600
Inspirational stories_000038.png,png,yes,800,600
Inspirational stories_000040.png,png,yes,800,600
Inspirational stories_000042.png,png,yes,800,600
Inspirational stories_000043.png,png,yes,800,600
Inspirational stories_000044.png,png,yes,800,600
Inspirational stories_000045.png,png,yes,800,600
Inspirational stories_000046.png,png,yes,800,600
Inspirational stories_000047.png,png,yes,800,600
Inspirational stories_000048.png,png,yes,800,600
Inspirational stories_000050.png,png,yes,800,600
Inspirational stories_000051.png,png,yes,800,600
Inspirational stories_000052.png,png,yes,800,600
Inspirational stories_000055.png,png,yes,800,600
Inspirational stories_000056.png,png,yes,800,600
Inspirational stories_000057.png,png,yes,800,600
Instruments_000001.png,png,yes,800,600
Instruments_000004.png,png,yes,800,600
Instruments_000005.png,png,yes,800,600
Instruments_000006.png,png,yes,800,600
Instruments_000008.png,png,yes,800,600
Instruments_000009.png,png,yes,800,600
Instruments_000010.png,png,yes,800,600
Instruments_000011.png,png,yes,800,600
Instruments_000013.png,png,yes,800,600
Instruments_000014.png,png,yes,800,600
Instruments_000015.png,png,yes,800,600
Instruments_000016.png,png,yes,800,600
Instruments_000017.png,png,yes,800,600
Instruments_000018.png,png,yes,800,600
Instruments_000019.png,png,yes,800,600
Instruments_000020.png,png,yes,800,600
Instruments_000022.png,png,yes,800,600
Instruments_000023.png,png,yes,800,600
Instruments_000024.png,png,yes,800,600
Instruments_000025.png,png,yes,800,600
Instruments_000026.png,png,yes,800,600
Instruments_000027.png,png,yes,800,600
Instruments_000029.png,png,yes,800,600
Instruments_000030.png,png,yes,800,600
Instruments_000031.png,png,yes,800,600
Instruments_000032.png,png,yes,800,600
Instruments_000034.png,png,yes,800,600
Instruments_000035.png,png,yes,800,600
Interior design_000001.png,png,yes,800,600
Interior design_000002.png,png,yes,800,600
Interior design_000003.png,png,yes,800,600
Interior design_000005.png,png,yes,800,600
Interior design_000007.png,png,yes,800,600
Interior design_000009.png,png,yes,800,600
Interior design_000011.png,png,yes,800,600
Interior design_000012.png,png,yes,800,600
Interior design_000013.png,png,yes,800,600
Interior design_000015.png,png,yes,800,600
Interior design_000016.png,png,yes,800,600
Interior design_000018.png,png,yes,800,600
Interior design_000019.png,png,yes,800,600
Interior design_000020.png,png,yes,800,600
Interior design_000021.png,png,yes,800,600
Interior design_000023.png,png,yes,800,600
Interior design_000024.png,png,yes,800,600
Interior design_000025.png,png,yes,800,600
Interior design_000027.png,png,yes,800,600
Interior design_000028.png,png,yes,800,600
Interior styling_000001.png,png,yes,800,600
Interior styling_000002.png,png,yes,800,600
Interior styling_000003.png,png,yes,800,600
Interior styling_000004.png,png,yes,800,600
Interior styling_000005.png,png,yes,800,600
Interior styling_000006.png,png,yes,800,600
Interior styling_000007.png,png,yes,800,600
Interior styling_000009.png,png,yes,800,600
Interior styling_000010.png,png,yes,800,600
Interior styling_000012.png,png,yes,800,600
Interior styling_000015.png,png,yes,800,600
Interior styling_000017.png,png,yes,800,600
Interior styling_000019.png,png,yes,800,600
Interior styling_000020.png,png,yes,800,600
Interior styling_000021.png,png,yes,800,600
Interior styling_000022.png,png,yes,800,600
Interior styling_000023.png,png,yes,800,600
Interior styling_000027.png,png,yes,800,600
Interior styling_000030.png,png,yes,800,600
Interior styling_000031.png,png,yes,800,600
Interior styling_000032.png,png,yes,800,600
Interior styling_000033.png,png,yes,800,600
Interior styling_000034.png,png,yes,800,600
Interior styling_000035.png,png,yes,800,600
Interior styling_000036.png,png,yes,800,600
Interior styling_000037.png,png,yes,800,600
Interior styling_000038.png,png,yes,800,600
Interior styling_000039.png,png,yes,800,600
Interior styling_000040.png,png,yes,800,600
Interior styling_000042.png,png,yes,800,600
Interior styling_000043.png,png,yes,800,600
Interior styling_000044.png,png,yes,800,600
Interior styling_000045.png,png,yes,800,600
Interior styling_000046.png,png,yes,800,600
Interior styling_000047.png,png,yes,800,600
Interior styling_000048.png,png,yes,800,600
Interior styling_000050.png,png,yes,800,600
Interior styling_000051.png,png,yes,800,600
Interior styling_000052.png,png,yes,800,600
Interior styling_000059.png,png,yes,800,600
International cuisine_000002.png,png,yes,800,600
International cuisine_000003.png,png,yes,800,600
International cuisine_000004.png,png,yes,800,600
International cuisine_000005.png,png,yes,800,600
International cuisine_000006.png,png,yes,800,600
International cuisine_000007.png,png,yes,800,600
International cuisine_000008.png,png,yes,800,600
International cuisine_000009.png,png,yes,800,600
International cuisine_000010.png,png,yes,800,600
International cuisine_000014.png,png,yes,800,600
International cuisine_000015.png,png,yes,800,600
International cuisine_000016.png,png,yes,800,600
International cuisine_000018.png,png,yes,800,600
International cuisine_000019.png,png,yes,800,600
International cuisine_000020.png,png,yes,800,600
International cuisine_000021.png,png,yes,800,600
International cuisine_000022.png,png,yes,800,600
International cuisine_000023.png,png,yes,800,600
International cuisine_000024.png,png,yes,800,600
International cuisine_000025.png,png,yes,800,600
International cuisine_000028.png,png,yes,800,600
Internet of Things_000001.png,png,yes,800,600
Internet of Things_000002.png,png,yes,800,600
Internet of Things_000003.png,png,yes,800,600
Internet of Things_000004.png,png,yes,800,600
Internet of Things_000007.png,png,yes,800,600
Internet of Things_000008.png,png,yes,800,600
Internet of Things_000010.png,png,yes,800,600
Internet of Things_000012.png,png,yes,800,600
Internet of Things_000014.png,png,yes,800,600
Internet of Things_000015.png,png,yes,800,600
Internet of Things_000016.png,png,yes,800,600
Internet of Things_000017.png,png,yes,800,600
Internet of Things_000020.png,png,yes,800,600
Internet of Things_000021.png,png,yes,800,600
Internet of Things_000022.png,png,yes,800,600
Internet of Things_000023.png,png,yes,800,600
Internet of Things_000028.png,png,yes,800,600
Internet of Things_000032.png,png,yes,800,600
Internet of Things_000033.png,png,yes,800,600
Internet of Things_000034.png,png,yes,800,600
Internet of Things_000035.png,png,yes,800,600
Internet of Things_000039.png,png,yes,800,600
Internet of Things_000040.png,png,yes,800,600
Internet of Things_000043.png,png,yes,800,600
Islands_000001.png,png,yes,800,600
Islands_000003.png,png,yes,800,600
Islands_000004.png,png,yes,800,600
Islands_000007.png,png,yes,800,600
Islands_000009.png,png,yes,800,600
Islands_000011.png,png,yes,800,600
Islands_000012.png,png,yes,800,600
Islands_000013.png,png,yes,800,600
Islands_000014.png,png,yes,800,600
Islands_000015.png,png,yes,800,600
Islands_000016.png,png,yes,800,600
Islands_000017.png,png,yes,800,600
Islands_000018.png,png,yes,800,600
Islands_000019.png,png,yes,800,600
Islands_000020.png,png,yes,800,600
Islands_000021.png,png,yes,800,600
Islands_000022.png,png,yes,800,600
Islands_000023.png,png,yes,800,600
Islands_000025.png,png,yes,800,600
Islands_000026.png,png,yes,800,600
Islands_000030.png,png,yes,800,600
Islands_000031.png,png,yes,800,600
Islands_000033.png,png,yes,800,600
Islands_000034.png,png,yes,800,600
Islands_000035.png,png,yes,800,600
Islands_000036.png,png,yes,800,600
Islands_000037.png,png,yes,800,600
Islands_000038.png,png,yes,800,600
Islands_000039.png,png,yes,800,600
Jazz clubs_000001.png,png,yes,800,600
Jazz clubs_000002.png,png,yes,800,600
Jazz clubs_000003.png,png,yes,800,600
Jazz clubs_000005.png,png,yes,800,600
Jazz clubs_000006.png,png,yes,800,600
Jazz clubs_000009.png,png,yes,800,600
Jazz clubs_000012.png,png,yes,800,600
Jazz clubs_000013.png,png,yes,800,600
Jazz clubs_000014.png,png,yes,800,600
Jazz clubs_000015.png,png,yes,800,600
Jazz clubs_000016.png,png,yes,800,600
Jazz clubs_000017.png,png,yes,800,600
Jazz clubs_000018.png,png,yes,800,600
Jewelry_000001.png,png,yes,800,600
Jewelry_000002.png,png,yes,800,600
Jewelry_000003.png,png,yes,800,600
Jewelry_000005.png,png,yes,800,600
Jewelry_000006.png,png,yes,800,600
Jewelry_000007.png,png,yes,800,600
Jewelry_000008.png,png,yes,800,600
Jewelry_000013.png,png,yes,800,600
Jewelry_000014.png,png,yes,800,600
Jewelry_000015.png,png,yes,800,600
Jewelry_000016.png,png,yes,800,600
Jewelry_000017.png,png,yes,800,600
Jewelry_000019.png,png,yes,800,600
Jewelry_000020.png,png,yes,800,600
Jewelry_000021.png,png,yes,800,600
Jewelry_000023.png,png,yes,800,600
Jewelry_000025.png,png,yes,800,600
Jewelry_000026.png,png,yes,800,600
Jewelry_000027.png,png,yes,800,600
Jewelry_000028.png,png,yes,800,600
Jewelry_000029.png,png,yes,800,600
Jewelry_000031.png,png,yes,800,600
Jewelry_000032.png,png,yes,800,600
Journaling_000001.png,png,yes,800,600
Journaling_000002.png,png,yes,800,600
Journaling_000004.png,png,yes,800,600
Journaling_000005.png,png,yes,800,600
Journaling_000007.png,png,yes,800,600
Journaling_000008.png,png,yes,800,600
Journaling_000011.png,png,yes,800,600
Journaling_000012.png,png,yes,800,600
Journaling_000014.png,png,yes,800,600
Journaling_000015.png,png,yes,800,600
Journaling_000016.png,png,yes,800,600
Journaling_000017.png,png,yes,800,600
Journaling_000018.png,png,yes,800,600
Journaling_000019.png,png,yes,800,600
Journaling_000020.png,png,yes,800,600
Kangaroos_000001.png,png,yes,800,600
Kangaroos_000002.png,png,yes,800,600
Kangaroos_000003.png,png,yes,800,600
Kangaroos_000004.png,png,yes,800,600
Kangaroos_000005.png,png,yes,800,600
Kangaroos_000006.png,png,yes,800,600
Kangaroos_000007.png,png,yes,800,600
Kangaroos_000008.png,png,yes,800,600
Kangaroos_000009.png,png,yes,800,600
Kangaroos_000010.png,png,yes,800,600
Kangaroos_000011.png,png,yes,800,600
Kangaroos_000012.png,png,yes,800,600
Kangaroos_000013.png,png,yes,800,600
Kangaroos_000014.png,png,yes,800,600
Kangaroos_000015.png,png,yes,800,600
Kangaroos_000016.png,png,yes,800,600
Kangaroos_000017.png,png,yes,800,600
Kangaroos_000018.png,png,yes,800,600
Kangaroos_000019.png,png,yes,800,600
Kangaroos_000024.png,png,yes,800,600
Kangaroos_000025.png,png,yes,800,600
Kangaroos_000026.png,png,yes,800,600
Kangaroos_000027.png,png,yes,800,600
Kangaroos_000028.png,png,yes,800,600
Kangaroos_000030.png,png,yes,800,600
Koalas_000001.png,png,yes,800,600
Koalas_000005.png,png,yes,800,600
Koalas_000008.png,png,yes,800,600
Koalas_000009.png,png,yes,800,600
Koalas_000010.png,png,yes,800,600
Koalas_000012.png,png,yes,800,600
Koalas_000013.png,png,yes,800,600
Koalas_000016.png,png,yes,800,600
Koalas_000017.png,png,yes,800,600
Koalas_000018.png,png,yes,800,600
Koalas_000019.png,png,yes,800,600
Koalas_000020.png,png,yes,800,600
Koalas_000021.png,png,yes,800,600
Koalas_000022.png,png,yes,800,600
Koalas_000024.png,png,yes,800,600
Koalas_000025.png,png,yes,800,600
Koalas_000027.png,png,yes,800,600
Lakes_000001.png,png,yes,800,600
Lakes_000003.png,png,yes,800,600
Lakes_000004.png,png,yes,800,600
Lakes_000006.png,png,yes,800,600
Lakes_000007.png,png,yes,800,600
Lakes_000008.png,png,yes,800,600
Landscapes (art)_000001.png,png,yes,800,600
Landscapes (art)_000002.png,png,yes,800,600
Landscapes (art)_000004.png,png,yes,800,600
Landscapes (art)_000005.png,png,yes,800,600
Landscapes (art)_000007.png,png,yes,800,600
Landscapes (art)_000008.png,png,yes,800,600
Landscapes (art)_000009.png,png,yes,800,600
Landscapes (art)_000010.png,png,yes,800,600
Landscapes (art)_000012.png,png,yes,800,600
Landscapes (art)_000013.png,png,yes,800,600
Landscapes (art)_000014.png,png,yes,800,600
Landscapes (art)_000015.png,png,yes,800,600
Landscapes (art)_000017.png,png,yes,800,600
Landscapes (art)_000018.png,png,yes,800,600
Landscapes (art)_000019.png,png,yes,800,600
Landscapes (art)_000020.png,png,yes,800,600
Landscapes (art)_000021.png,png,yes,800,600
Landscapes (art)_000023.png,png,yes,800,600
Landscapes (art)_000025.png,png,yes,800,600
Landscapes (art)_000028.png,png,yes,800,600
Landscapes (art)_000031.png,png,yes,800,600
Landscapes (art)_000032.png,png,yes,800,600
Landscapes (art)_000033.png,png,yes,800,600
Landscapes (art)_000034.png,png,yes,800,600
Landscapes (art)_000036.png,png,yes,800,600
Landscapes (art)_000037.png,png,yes,800,600
Landscapes (art)_000038.png,png,yes,800,600
Landscapes (art)_000040.png,png,yes,800,600
Landscapes (art)_000041.png,png,yes,800,600
Landscapes (art)_000042.png,png,yes,800,600
Landscapes (art)_000043.png,png,yes,800,600
Landscapes (art)_000044.png,png,yes,800,600
Landscapes (art)_000045.png,png,yes,800,600
Landscapes (art)_000046.png,png,yes,800,600
Landscapes (art)_000050.png,png,yes,800,600
Landscapes (art)_000051.png,png,yes,800,600
Landscapes (art)_000052.png,png,yes,800,600
Landscapes (art)_000053.png,png,yes,800,600
Landscapes (art)_000054.png,png,yes,800,600
Landscapes (art)_000055.png,png,yes,800,600
Landscapes (art)_000057.png,png,yes,800,600
Landscapes (art)_000058.png,png,yes,800,600
Landscapes (art)_000059.png,png,yes,800,600
Landscapes (art)_000060.png,png,yes,800,600
Landscapes (art)_000061.png,png,yes,800,600
Landscapes (art)_000062.png,png,yes,800,600
Landscapes (art)_000063.png,png,yes,800,600
Landscapes (art)_000064.png,png,yes,800,600
Landscapes (art)_000065.png,png,yes,800,600
Landscapes (art)_000066.png,png,yes,800,600
Landscapes (art)_000067.png,png,yes,800,600
Landscapes (art)_000068.png,png,yes,800,600
Landscapes (art)_000069.png,png,yes,800,600
Landscapes (art)_000070.png,png,yes,800,600
Landscapes_000004.png,png,yes,800,600
Landscapes_000005.png,png,yes,800,600
Landscapes_000006.png,png,yes,800,600
Landscapes_000007.png,png,yes,800,600
Landscapes_000008.png,png,yes,800,600
Landscapes_000009.png,png,yes,800,600
Landscapes_000010.png,png,yes,800,600
Landscapes_000011.png,png,yes,800,600
Landscapes_000012.png,png,yes,800,600
Landscapes_000013.png,png,yes,800,600
Landscapes_000014.png,png,yes,800,600
Landscapes_000015.png,png,yes,800,600
Landscapes_000016.png,png,yes,800,600
Landscaping_000001.png,png,yes,800,600
Landscaping_000002.png,png,yes,800,600
Landscaping_000003.png,png,yes,800,600
Landscaping_000004.png,png,yes,800,600
Landscaping_000005.png,png,yes,800,600
Landscaping_000006.png,png,yes,800,600
Landscaping_000008.png,png,yes,800,600
Landscaping_000010.png,png,yes,800,600
Landscaping_000012.png,png,yes,800,600
Landscaping_000013.png,png,yes,800,600
Landscaping_000014.png,png,yes,800,600
Landscaping_000015.png,png,yes,800,600
Landscaping_000016.png,png,yes,800,600
Landscaping_000019.png,png,yes,800,600
Landscaping_000020.png,png,yes,800,600
Landscaping_000021.png,png,yes,800,600
Landscaping_000023.png,png,yes,800,600
Landscaping_000024.png,png,yes,800,600
Landscaping_000025.png,png,yes,800,600
Leadership_000001.png,png,yes,800,600
Leadership_000004.png,png,yes,800,600
Leadership_000005.png,png,yes,800,600
Leadership_000008.png,png,yes,800,600
Leadership_000010.png,png,yes,800,600
Leadership_000011.png,png,yes,800,600
Leadership_000012.png,png,yes,800,600
Leadership_000013.png,png,yes,800,600
Leadership_000014.png,png,yes,800,600
Leadership_000015.png,png,yes,800,600
Leadership_000018.png,png,yes,800,600
Leadership_000019.png,png,yes,800,600
Leadership_000020.png,png,yes,800,600
Leadership_000021.png,png,yes,800,600
Leadership_000022.png,png,yes,800,600
Leadership_000023.png,png,yes,800,600
Leadership_000024.png,png,yes,800,600
Leadership_000025.png,png,yes,800,600
Leadership_000026.png,png,yes,800,600
Leadership_000027.png,png,yes,800,600
Leadership_000029.png,png,yes,800,600
Leadership_000031.png,png,yes,800,600
Leadership_000032.png,png,yes,800,600
Leadership_000033.png,png,yes,800,600
Leadership_000034.png,png,yes,800,600
Leadership_000035.png,png,yes,800,600
Leadership_000036.png,png,yes,800,600
Leadership_000040.png,png,yes,800,600
Leadership_000041.png,png,yes,800,600
Libraries_000001.png,png,yes,800,600
Libraries_000002.png,png,yes,800,600
Libraries_000003.png,png,yes,800,600
Libraries_000004.png,png,yes,800,600
Libraries_000005.png,png,yes,800,600
Libraries_000007.png,png,yes,800,600
Libraries_000008.png,png,yes,800,600
Libraries_000011.png,png,yes,800,600
Libraries_000012.png,png,yes,800,600
Libraries_000013.png,png,yes,800,600
Libraries_000014.png,png,yes,800,600
Libraries_000015.png,png,yes,800,600
Libraries_000016.png,png,yes,800,600
Libraries_000019.png,png,yes,800,600
Libraries_000020.png,png,yes,800,600
Libraries_000022.png,png,yes,800,600
Libraries_000023.png,png,yes,800,600
Libraries_000024.png,png,yes,800,600
Libraries_000026.png,png,yes,800,600
Libraries_000027.png,png,yes,800,600
Libraries_000028.png,png,yes,800,600
Libraries_000029.png,png,yes,800,600
Libraries_000030.png,png,yes,800,600
Libraries_000031.png,png,yes,800,600
Libraries_000032.png,png,yes,800,600
Libraries_000033.png,png,yes,800,600
Libraries_000034.png,png,yes,800,600
Libraries_000037.png,png,yes,800,600
Libraries_000038.png,png,yes,800,600
Libraries_000039.png,png,yes,800,600
Life lessons_000002.png,png,yes,800,600
Life lessons_000003.png,png,yes,800,600
Life lessons_000004.png,png,yes,800,600
Life lessons_000005.png,png,yes,800,600
Life lessons_000006.png,png,yes,800,600
Life lessons_000007.png,png,yes,800,600
Life lessons_000008.png,png,yes,800,600
Life lessons_000009.png,png,yes,800,600
Life lessons_000011.png,png,yes,800,600
Life lessons_000012.png,png,yes,800,600
Life lessons_000013.png,png,yes,800,600
Life lessons_000014.png,png,yes,800,600
Life lessons_000015.png,png,yes,800,600
Life lessons_000016.png,png,yes,800,600
Life lessons_000017.png,png,yes,800,600
Life lessons_000018.png,png,yes,800,600
Lions_000001.png,png,yes,800,600
Lions_000002.png,png,yes,800,600
Lions_000003.png,png,yes,800,600
Lions_000004.png,png,yes,800,600
Lions_000005.png,png,yes,800,600
Lions_000006.png,png,yes,800,600
Lions_000007.png,png,yes,800,600
Lions_000008.png,png,yes,800,600
Lions_000009.png,png,yes,800,600
Lions_000010.png,png,yes,800,600
Lions_000014.png,png,yes,800,600
Lions_000015.png,png,yes,800,600
Lions_000016.png,png,yes,800,600
Lions_000017.png,png,yes,800,600
Lions_000018.png,png,yes,800,600
Lions_000019.png,png,yes,800,600
Lions_000020.png,png,yes,800,600
Lions_000021.png,png,yes,800,600
Lions_000022.png,png,yes,800,600
Lions_000023.png,png,yes,800,600
Lions_000028.png,png,yes,800,600
Lions_000029.png,png,yes,800,600
Lions_000030.png,png,yes,800,600
Lions_000032.png,png,yes,800,600
Lions_000033.png,png,yes,800,600
Lions_000034.png,png,yes,800,600
Lions_000035.png,png,yes,800,600
Local markets_000001.png,png,yes,800,600
Local markets_000002.png,png,yes,800,600
Local markets_000003.png,png,yes,800,600
Local markets_000005.png,png,yes,800,600
Local markets_000006.png,png,yes,800,600
Local markets_000007.png,png,yes,800,600
Local markets_000008.png,png,yes,800,600
Local markets_000009.png,png,yes,800,600
Local markets_000010.png,png,yes,800,600
Local markets_000012.png,png,yes,800,600
Local markets_000014.png,png,yes,800,600
Local markets_000017.png,png,yes,800,600
Local markets_000019.png,png,yes,800,600
Local markets_000020.png,png,yes,800,600
Local markets_000021.png,png,yes,800,600
Local markets_000023.png,png,yes,800,600
Local markets_000024.png,png,yes,800,600
Long exposure_000001.png,png,yes,800,600
Long exposure_000002.png,png,yes,800,600
Long exposure_000004.png,png,yes,800,600
Long exposure_000005.png,png,yes,800,600
Long exposure_000006.png,png,yes,800,600
Long exposure_000007.png,png,yes,800,600
Lookbooks_000004.png,png,yes,800,600
Lookbooks_000005.png,png,yes,800,600
Lookbooks_000006.png,png,yes,800,600
Lookbooks_000007.png,png,yes,800,600
Lookbooks_000008.png,png,yes,800,600
Lookbooks_000009.png,png,yes,800,600
Lookbooks_000010.png,png,yes,800,600
Lookbooks_000011.png,png,yes,800,600
Lookbooks_000012.png,png,yes,800,600
Lookbooks_000013.png,png,yes,800,600
Lookbooks_000014.png,png,yes,800,600
Lookbooks_000016.png,png,yes,800,600
Lookbooks_000017.png,png,yes,800,600
Lookbooks_000018.png,png,yes,800,600
Lookbooks_000019.png,png,yes,800,600
Lookbooks_000020.png,png,yes,800,600
Lookbooks_000023.png,png,yes,800,600
Lookbooks_000024.png,png,yes,800,600
Lookbooks_000025.png,png,yes,800,600
Lookbooks_000026.png,png,yes,800,600
Lookbooks_000027.png,png,yes,800,600
Lookbooks_000028.png,png,yes,800,600
Lookbooks_000029.png,png,yes,800,600
Lookbooks_000030.png,png,yes,800,600
Lookbooks_000031.png,png,yes,800,600
Lookbooks_000032.png,png,yes,800,600
Lookbooks_000035.png,png,yes,800,600
Lookbooks_000036.png,png,yes,800,600
Lookbooks_000038.png,png,yes,800,600
Lookbooks_000039.png,png,yes,800,600
Love_000001.png,png,yes,800,600
Love_000002.png,png,yes,800,600
Love_000004.png,png,yes,800,600
Love_000005.png,png,yes,800,600
Love_000006.png,png,yes,800,600
Love_000007.png,png,yes,800,600
Love_000008.png,png,yes,800,600
Love_000009.png,png,yes,800,600
Love_000011.png,png,yes,800,600
Love_000012.png,png,yes,800,600
Love_000013.png,png,yes,800,600
Love_000015.png,png,yes,800,600
Love_000016.png,png,yes,800,600
Love_000017.png,png,yes,800,600
Love_000018.png,png,yes,800,600
Love_000019.png,png,yes,800,600
Love_000022.png,png,yes,800,600
Love_000023.png,png,yes,800,600
Love_000025.png,png,yes,800,600
Love_000027.png,png,yes,800,600
Love_000028.png,png,yes,800,600
Love_000030.png,png,yes,800,600
Love_000031.png,png,yes,800,600
Love_000034.png,png,yes,800,600
Love_000035.png,png,yes,800,600
Love_000036.png,png,yes,800,600
Love_000038.png,png,yes,800,600
Love_000039.png,png,yes,800,600
Love_000041.png,png,yes,800,600
Love_000042.png,png,yes,800,600
Love_000044.png,png,yes,800,600
Lunch_000001.png,png,yes,800,600
Lunch_000002.png,png,yes,800,600
Lunch_000005.png,png,yes,800,600
Lunch_000008.png,png,yes,800,600
Lunch_000010.png,png,yes,800,600
Lunch_000011.png,png,yes,800,600
Lunch_000012.png,png,yes,800,600
Lunch_000013.png,png,yes,800,600
Lunch_000015.png,png,yes,800,600
Lunch_000016.png,png,yes,800,600
Lunch_000017.png,png,yes,800,600
Lunch_000018.png,png,yes,800,600
Lunch_000019.png,png,yes,800,600
Lunch_000021.png,png,yes,800,600
Lunch_000023.png,png,yes,800,600
Lunch_000024.png,png,yes,800,600
Lunch_000026.png,png,yes,800,600
Lunch_000028.png,png,yes,800,600
Lunch_000029.png,png,yes,800,600
Lunch_000030.png,png,yes,800,600
Lunch_000031.png,png,yes,800,600
Lunch_000032.png,png,yes,800,600
Lunch_000033.png,png,yes,800,600
Lunch_000034.png,png,yes,800,600
Lunch_000035.png,png,yes,800,600
Lunch_000036.png,png,yes,800,600
Lunch_000037.png,png,yes,800,600
Lunch_000038.png,png,yes,800,600
Macro photography_000002.png,png,yes,800,600
Macro photography_000003.png,png,yes,800,600
Macro photography_000004.png,png,yes,800,600
Macro photography_000007.png,png,yes,800,600
Macro photography_000008.png,png,yes,800,600
Macro photography_000009.png,png,yes,800,600
Macro photography_000010.png,png,yes,800,600
Macro photography_000011.png,png,yes,800,600
Macro photography_000014.png,png,yes,800,600
Macro photography_000016.png,png,yes,800,600
Macro photography_000017.png,png,yes,800,600
Macro photography_000018.png,png,yes,800,600
Macro photography_000019.png,png,yes,800,600
Macro photography_000020.png,png,yes,800,600
Macro photography_000021.png,png,yes,800,600
Macro photography_000023.png,png,yes,800,600
Macro photography_000024.png,png,yes,800,600
Macro photography_000025.png,png,yes,800,600
Macro photography_000026.png,png,yes,800,600
Macro photography_000027.png,png,yes,800,600
Macro photography_000028.png,png,yes,800,600
Macro photography_000030.png,png,yes,800,600
Macro photography_000032.png,png,yes,800,600
Macro photography_000033.png,png,yes,800,600
Macro photography_000034.png,png,yes,800,600
Macro photography_000035.png,png,yes,800,600
Makeup looks_000001.png,png,yes,800,600
Makeup looks_000002.png,png,yes,800,600
Makeup looks_000003.png,png,yes,800,600
Makeup looks_000004.png,png,yes,800,600
Makeup looks_000005.png,png,yes,800,600
Makeup looks_000006.png,png,yes,800,600
Makeup looks_000007.png,png,yes,800,600
Makeup looks_000008.png,png,yes,800,600
Makeup looks_000009.png,png,yes,800,600
Makeup looks_000010.png,png,yes,800,600
Makeup looks_000011.png,png,yes,800,600
Makeup looks_000012.png,png,yes,800,600
Makeup looks_000013.png,png,yes,800,600
Makeup looks_000014.png,png,yes,800,600
Makeup looks_000016.png,png,yes,800,600
Makeup looks_000017.png,png,yes,800,600
Makeup_000001.png,png,yes,800,600
Markets_000001.png,png,yes,800,600
Markets_000002.png,png,yes,800,600
Markets_000003.png,png,yes,800,600
Markets_000004.png,png,yes,800,600
Markets_000005.png,png,yes,800,600
Markets_000006.png,png,yes,800,600
Markets_000010.png,png,yes,800,600
Markets_000011.png,png,yes,800,600
Markets_000014.png,png,yes,800,600
Markets_000015.png,png,yes,800,600
Markets_000016.png,png,yes,800,600
Markets_000017.png,png,yes,800,600
Markets_000020.png,png,yes,800,600
Markets_000021.png,png,yes,800,600
Markets_000023.png,png,yes,800,600
Markets_000025.png,png,yes,800,600
Markets_000027.png,png,yes,800,600
Markets_000029.png,png,yes,800,600
Markets_000030.png,png,yes,800,600
Markets_000031.png,png,yes,800,600
Markets_000032.png,png,yes,800,600
Markets_000034.png,png,yes,800,600
Markets_000035.png,png,yes,800,600
Markets_000036.png,png,yes,800,600
Markets_000037.png,png,yes,800,600
Marshes_000001.png,png,yes,800,600
Marshes_000004.png,png,yes,800,600
Marshes_000007.png,png,yes,800,600
Marshes_000008.png,png,yes,800,600
Marshes_000009.png,png,yes,800,600
Marshes_000010.png,png,yes,800,600
Marshes_000011.png,png,yes,800,600
Marshes_000014.png,png,yes,800,600
Marshes_000015.png,png,yes,800,600
Marshes_000016.png,png,yes,800,600
Marshes_000017.png,png,yes,800,600
Marshes_000018.png,png,yes,800,600
Marshes_000019.png,png,yes,800,600
Marshes_000021.png,png,yes,800,600
Martial arts_000001.png,png,yes,800,600
Martial arts_000003.png,png,yes,800,600
Martial arts_000005.png,png,yes,800,600
Martial arts_000006.png,png,yes,800,600
Martial arts_000007.png,png,yes,800,600
Martial arts_000008.png,png,yes,800,600
Martial arts_000009.png,png,yes,800,600
Martial arts_000010.png,png,yes,800,600
Martial arts_000011.png,png,yes,800,600
Martial arts_000012.png,png,yes,800,600
Martial arts_000013.png,png,yes,800,600
Martial arts_000014.png,png,yes,800,600
Martial arts_000015.png,png,yes,800,600
Martial arts_000016.png,png,yes,800,600
Martial arts_000017.png,png,yes,800,600
Martial arts_000018.png,png,yes,800,600
Martial arts_000019.png,png,yes,800,600
Martial arts_000020.png,png,yes,800,600
Martial arts_000021.png,png,yes,800,600
Martial arts_000022.png,png,yes,800,600
Martial arts_000026.png,png,yes,800,600
Martial arts_000027.png,png,yes,800,600
Martial arts_000028.png,png,yes,800,600
Martial arts_000031.png,png,yes,800,600
Martial arts_000032.png,png,yes,800,600
Martial arts_000034.png,png,yes,800,600
Martial arts_000035.png,png,yes,800,600
Martial arts_000036.png,png,yes,800,600
Martial arts_000038.png,png,yes,800,600
Martial arts_000039.png,png,yes,800,600
Martial arts_000040.png,png,yes,800,600
Martial arts_000041.png,png,yes,800,600
Martial arts_000042.png,png,yes,800,600
Martial arts_000043.png,png,yes,800,600
Martial arts_000044.png,png,yes,800,600
Martial arts_000045.png,png,yes,800,600
Martial arts_000046.png,png,yes,800,600
Martial arts_000047.png,png,yes,800,600
Martial arts_000048.png,png,yes,800,600
Martial arts_000049.png,png,yes,800,600
Martial arts_000052.png,png,yes,800,600
Meadows_000002.png,png,yes,800,600
Meadows_000003.png,png,yes,800,600
Meadows_000004.png,png,yes,800,600
Meadows_000005.png,png,yes,800,600
Meadows_000007.png,png,yes,800,600
Meadows_000008.png,png,yes,800,600
Meadows_000009.png,png,yes,800,600
Meadows_000010.png,png,yes,800,600
Meadows_000011.png,png,yes,800,600
Meadows_000012.png,png,yes,800,600
Meadows_000014.png,png,yes,800,600
Meadows_000015.png,png,yes,800,600
Meadows_000017.png,png,yes,800,600
Meadows_000018.png,png,yes,800,600
Meadows_000020.png,png,yes,800,600
Meadows_000021.png,png,yes,800,600
Meadows_000022.png,png,yes,800,600
Meal prep_000001.png,png,yes,800,600
Meal prep_000002.png,png,yes,800,600
Meal prep_000003.png,png,yes,800,600
Meal prep_000004.png,png,yes,800,600
Meal prep_000005.png,png,yes,800,600
Meal prep_000007.png,png,yes,800,600
Meal prep_000008.png,png,yes,800,600
Meal prep_000010.png,png,yes,800,600
Meal prep_000011.png,png,yes,800,600
Meal prep_000012.png,png,yes,800,600
Meal prep_000013.png,png,yes,800,600
Meal prep_000014.png,png,yes,800,600
Meal prep_000015.png,png,yes,800,600
Meal prep_000016.png,png,yes,800,600
Meal prep_000017.png,png,yes,800,600
Meal prep_000018.png,png,yes,800,600
Meal prep_000019.png,png,yes,800,600
Meal prep_000020.png,png,yes,800,600
Meditation spots_000002.png,png,yes,800,600
Meditation spots_000004.png,png,yes,800,600
Meditation spots_000005.png,png,yes,800,600
Meditation spots_000007.png,png,yes,800,600
Meditation spots_000008.png,png,yes,800,600
Meditation spots_000009.png,png,yes,800,600
Meditation spots_000011.png,png,yes,800,600
Meditation spots_000012.png,png,yes,800,600
Meditation spots_000013.png,png,yes,800,600
Meditation spots_000014.png,png,yes,800,600
Meditation spots_000015.png,png,yes,800,600
Meditation spots_000016.png,png,yes,800,600
Meditation spots_000017.png,png,yes,800,600
Meditation spots_000018.png,png,yes,800,600
Meditation spots_000019.png,png,yes,800,600
Meditation spots_000020.png,png,yes,800,600
Mental health_000001.png,png,yes,800,600
Mental health_000002.png,png,yes,800,600
Mental health_000003.png,png,yes,800,600
Mental health_000004.png,png,yes,800,600
Mental health_000005.png,png,yes,800,600
Mental health_000006.png,png,yes,800,600
Mental health_000008.png,png,yes,800,600
Mental health_000009.png,png,yes,800,600
Mental health_000011.png,png,yes,800,600
Mental health_000012.png,png,yes,800,600
Mental health_000014.png,png,yes,800,600
Mental health_000015.png,png,yes,800,600
Mental health_000017.png,png,yes,800,600
Mental health_000018.png,png,yes,800,600
Mindfulness_000001.png,png,yes,800,600
Mindfulness_000002.png,png,yes,800,600
Mindfulness_000003.png,png,yes,800,600
Mindfulness_000004.png,png,yes,800,600
Mindfulness_000006.png,png,yes,800,600
Mindfulness_000007.png,png,yes,800,600
Mindfulness_000008.png,png,yes,800,600
Mindfulness_000009.png,png,yes,800,600
Mindfulness_000010.png,png,yes,800,600
Mindfulness_000011.png,png,yes,800,600
Mindfulness_000012.png,png,yes,800,600
Mindfulness_000015.png,png,yes,800,600
Mindfulness_000016.png,png,yes,800,600
Mindfulness_000017.png,png,yes,800,600
Mindfulness_000018.png,png,yes,800,600
Mindfulness_000020.png,png,yes,800,600
Mindfulness_000021.png,png,yes,800,600
Mindfulness_000022.png,png,yes,800,600
Mindfulness_000024.png,png,yes,800,600
Mindfulness_000025.png,png,yes,800,600
Minimalism_000001.png,png,yes,800,600
Minimalism_000002.png,png,yes,800,600
Minimalism_000003.png,png,yes,800,600
Minimalism_000004.png,png,yes,800,600
Minimalism_000005.png,png,yes,800,600
Minimalism_000006.png,png,yes,800,600
Minimalism_000007.png,png,yes,800,600
Minimalism_000008.png,png,yes,800,600
Minimalism_000009.png,png,yes,800,600
Minimalism_000010.png,png,yes,800,600
Minimalism_000011.png,png,yes,800,600
Minimalism_000012.png,png,yes,800,600
Minimalism_000013.png,png,yes,800,600
Minimalism_000016.png,png,yes,800,600
Minimalism_000018.png,png,yes,800,600
Minimalism_000019.png,png,yes,800,600
Minimalism_000021.png,png,yes,800,600
Minimalism_000022.png,png,yes,800,600
Minimalism_000023.png,png,yes,800,600
Minimalism_000024.png,png,yes,800,600
Minimalism_000025.png,png,yes,800,600
Minimalism_000026.png,png,yes,800,600
Minimalism_000027.png,png,yes,800,600
Minimalism_000028.png,png,yes,800,600
Minimalism_000030.png,png,yes,800,600
Minimalism_000031.png,png,yes,800,600
Minimalism_000032.png,png,yes,800,600
Minimalism_000033.png,png,yes,800,600
Minimalism_000034.png,png,yes,800,600
Minimalism_000035.png,png,yes,800,600
Minimalism_000036.png,png,yes,800,600
Minimalism_000037.png,png,yes,800,600
Minimalist living_000002.png,png,yes,800,600
Minimalist living_000003.png,png,yes,800,600
Minimalist living_000004.png,png,yes,800,600
Minimalist living_000005.png,png,yes,800,600
Minimalist living_000006.png,png,yes,800,600
Minimalist living_000007.png,png,yes,800,600
Minimalist living_000008.png,png,yes,800,600
Minimalist living_000011.png,png,yes,800,600
Minimalist living_000012.png,png,yes,800,600
Minimalist living_000014.png,png,yes,800,600
Minimalist living_000015.png,png,yes,800,600
Minimalist living_000016.png,png,yes,800,600
Minimalist living_000017.png,png,yes,800,600
Minimalist living_000018.png,png,yes,800,600
Minimalist living_000019.png,png,yes,800,600
Minimalist living_000020.png,png,yes,800,600
Minimalist living_000021.png,png,yes,800,600
Minimalist living_000022.png,png,yes,800,600
Minimalist living_000024.png,png,yes,800,600
Minimalist living_000025.png,png,yes,800,600
Minimalist living_000026.png,png,yes,800,600
Minimalist living_000027.png,png,yes,800,600
Minimalist living_000028.png,png,yes,800,600
Minimalist living_000029.png,png,yes,800,600
Minimalist living_000030.png,png,yes,800,600
Minimalist living_000031.png,png,yes,800,600
Minimalist living_000032.png,png,yes,800,600
Minimalist living_000034.png,png,yes,800,600
Minimalist living_000035.png,png,yes,800,600
Minimalist living_000036.png,png,yes,800,600
Minimalist living_000037.png,png,yes,800,600
Minimalist living_000039.png,png,yes,800,600
Minimalist living_000041.png,png,yes,800,600
Minimalist living_000043.png,png,yes,800,600
Minimalist living_000044.png,png,yes,800,600
Minimalist living_000047.png,png,yes,800,600
Minimalist living_000048.png,png,yes,800,600
Mood boards_000001.png,png,yes,800,600
Mood boards_000003.png,png,yes,800,600
Mood boards_000004.png,png,yes,800,600
Mood boards_000005.png,png,yes,800,600
Mood boards_000006.png,png,yes,800,600
Mood boards_000007.png,png,yes,800,600
Mood boards_000008.png,png,yes,800,600
Mood boards_000009.png,png,yes,800,600
Mood boards_000011.png,png,yes,800,600
Mood boards_000012.png,png,yes,800,600
Mood boards_000013.png,png,yes,800,600
Mood boards_000014.png,png,yes,800,600
Mood boards_000016.png,png,yes,800,600
Mood boards_000017.png,png,yes,800,600
Mood boards_000018.png,png,yes,800,600
Mood boards_000019.png,png,yes,800,600
Mood boards_000020.png,png,yes,800,600
Mood boards_000022.png,png,yes,800,600
Mood boards_000023.png,png,yes,800,600
Motivation_000001.png,png,yes,800,600
Mountains_000001.png,png,yes,800,600
Mountains_000004.png,png,yes,800,600
Mountains_000006.png,png,yes,800,600
Mountains_000007.png,png,yes,800,600
Mountains_000008.png,png,yes,800,600
Mountains_000009.png,png,yes,800,600
Mountains_000010.png,png,yes,800,600
Murals_000001.png,png,yes,800,600
Murals_000002.png,png,yes,800,600
Murals_000004.png,png,yes,800,600
Murals_000006.png,png,yes,800,600
Murals_000008.png,png,yes,800,600
Murals_000010.png,png,yes,800,600
Murals_000011.png,png,yes,800,600
Murals_000016.png,png,yes,800,600
Murals_000017.png,png,yes,800,600
Murals_000018.png,png,yes,800,600
Murals_000020.png,png,yes,800,600
Murals_000021.png,png,yes,800,600
Murals_000022.png,png,yes,800,600
Murals_000023.png,png,yes,800,600
Murals_000024.png,png,yes,800,600
Murals_000025.png,png,yes,800,600
Murals_000026.png,png,yes,800,600
Murals_000027.png,png,yes,800,600
Murals_000028.png,png,yes,800,600
Murals_000030.png,png,yes,800,600
Murals_000031.png,png,yes,800,600
Murals_000032.png,png,yes,800,600
Murals_000033.png,png,yes,800,600
Murals_000034.png,png,yes,800,600
Murals_000035.png,png,yes,800,600
Museums_000001.png,png,yes,800,600
Museums_000002.png,png,yes,800,600
Museums_000003.png,png,yes,800,600
Museums_000004.png,png,yes,800,600
Museums_000006.png,png,yes,800,600
Museums_000007.png,png,yes,800,600
Museums_000009.png,png,yes,800,600
Museums_000010.png,png,yes,800,600
Museums_000011.png,png,yes,800,600
Museums_000012.png,png,yes,800,600
Museums_000013.png,png,yes,800,600
Museums_000014.png,png,yes,800,600
Museums_000016.png,png,yes,800,600
Museums_000018.png,png,yes,800,600
Museums_000019.png,png,yes,800,600
Museums_000020.png,png,yes,800,600
Museums_000022.png,png,yes,800,600
Museums_000023.png,png,yes,800,600
Museums_000024.png,png,yes,800,600
Museums_000025.png,png,yes,800,600
Museums_000026.png,png,yes,800,600
Museums_000027.png,png,yes,800,600
Museums_000028.png,png,yes,800,600
Museums_000029.png,png,yes,800,600
Museums_000030.png,png,yes,800,600
Museums_000031.png,png,yes,800,600
Museums_000033.png,png,yes,800,600
Museums_000035.png,png,yes,800,600
Museums_000036.png,png,yes,800,600
Museums_000037.png,png,yes,800,600
Museums_000038.png,png,yes,800,600
Museums_000039.png,png,yes,800,600
Museums_000040.png,png,yes,800,600
Museums_000041.png,png,yes,800,600
Museums_000042.png,png,yes,800,600
Museums_000043.png,png,yes,800,600
Museums_000044.png,png,yes,800,600
Museums_000045.png,png,yes,800,600
Museums_000047.png,png,yes,800,600
Museums_000048.png,png,yes,800,600
Museums_000050.png,png,yes,800,600
Museums_000051.png,png,yes,800,600
Museums_000052.png,png,yes,800,600
Museums_000053.png,png,yes,800,600
Museums_000054.png,png,yes,800,600
Museums_000055.png,png,yes,800,600
Museums_000056.png,png,yes,800,600
Museums_000058.png,png,yes,800,600
Museums_000059.png,png,yes,800,600
Museums_000060.png,png,yes,800,600
Museums_000061.png,png,yes,800,600
Museums_000064.png,png,yes,800,600
Museums_000065.png,png,yes,800,600
Music awards_000001.png,png,yes,800,600
Music awards_000002.png,png,yes,800,600
Music awards_000003.png,png,yes,800,600
Music awards_000004.png,png,yes,800,600
Music awards_000005.png,png,yes,800,600
Music awards_000006.png,png,yes,800,600
Music awards_000007.png,png,yes,800,600
Music awards_000008.png,png,yes,800,600
Music festivals_000001.png,png,yes,800,600
Music festivals_000003.png,png,yes,800,600
Music lessons_000002.png,png,yes,800,600
Music lessons_000003.png,png,yes,800,600
Music lessons_000004.png,png,yes,800,600
Music lessons_000005.png,png,yes,800,600
Music lessons_000006.png,png,yes,800,600
Music lessons_000009.png,png,yes,800,600
Music lessons_000011.png,png,yes,800,600
Music lessons_000012.png,png,yes,800,600
Music lessons_000013.png,png,yes,800,600
Music lessons_000014.png,png,yes,800,600
Music lessons_000015.png,png,yes,800,600
Music lessons_000018.png,png,yes,800,600
Music lessons_000019.png,png,yes,800,600
Music lessons_000020.png,png,yes,800,600
Music lessons_000021.png,png,yes,800,600
Music lessons_000022.png,png,yes,800,600
Music lessons_000023.png,png,yes,800,600
Music lessons_000024.png,png,yes,800,600
Music lessons_000025.png,png,yes,800,600
Music lessons_000027.png,png,yes,800,600
Music production_000001.png,png,yes,800,600
Music production_000002.png,png,yes,800,600
Music production_000005.png,png,yes,800,600
Music production_000010.png,png,yes,800,600
Music production_000011.png,png,yes,800,600
Music production_000013.png,png,yes,800,600
Music production_000014.png,png,yes,800,600
Music production_000015.png,png,yes,800,600
Music production_000016.png,png,yes,800,600
Music production_000019.png,png,yes,800,600
Music production_000020.png,png,yes,800,600
Music production_000021.png,png,yes,800,600
Music production_000022.png,png,yes,800,600
Music production_000023.png,png,yes,800,600
Music production_000024.png,png,yes,800,600
Music production_000025.png,png,yes,800,600
Music production_000026.png,png,yes,800,600
Music production_000027.png,png,yes,800,600
Music production_000028.png,png,yes,800,600
Music production_000031.png,png,yes,800,600
Music production_000032.png,png,yes,800,600
Music videos_000001.png,png,yes,800,600
Music videos_000003.png,png,yes,800,600
Music videos_000004.png,png,yes,800,600
Music videos_000006.png,png,yes,800,600
Music videos_000008.png,png,yes,800,600
Musical theater_000001.png,png,yes,800,600
Musical theater_000005.png,png,yes,800,600
Musical theater_000007.png,png,yes,800,600
Musical theater_000009.png,png,yes,800,600
Musical theater_000010.png,png,yes,800,600
Musical theater_000011.png,png,yes,800,600
Musical theater_000013.png,png,yes,800,600
Musical theater_000014.png,png,yes,800,600
Musical theater_000016.png,png,yes,800,600
Musical theater_000017.png,png,yes,800,600
Musical theater_000018.png,png,yes,800,600
Nail art_000001.png,png,yes,800,600
Nail art_000002.png,png,yes,800,600
Nail art_000003.png,png,yes,800,600
Nail art_000006.png,png,yes,800,600
Nail art_000007.png,png,yes,800,600
Nail art_000008.png,png,yes,800,600
Nail art_000009.png,png,yes,800,600
Nail art_000010.png,png,yes,800,600
Nail art_000011.png,png,yes,800,600
Nail art_000012.png,png,yes,800,600
Nail art_000014.png,png,yes,800,600
Nail art_000015.png,png,yes,800,600
Nail art_000017.png,png,yes,800,600
Nail art_000018.png,png,yes,800,600
Nail art_000019.png,png,yes,800,600
Nail art_000020.png,png,yes,800,600
Nail art_000021.png,png,yes,800,600
Nail art_000022.png,png,yes,800,600
Nail art_000023.png,png,yes,800,600
Nail art_000024.png,png,yes,800,600
Nail art_000025.png,png,yes,800,600
Nail art_000027.png,png,yes,800,600
Nail art_000028.png,png,yes,800,600
Nail art_000030.png,png,yes,800,600
Nail art_000033.png,png,yes,800,600
Nail art_000034.png,png,yes,800,600
Nail art_000035.png,png,yes,800,600
Nail art_000036.png,png,yes,800,600
Nail art_000037.png,png,yes,800,600
Nail art_000038.png,png,yes,800,600
Nail art_000039.png,png,yes,800,600
Nail art_000040.png,png,yes,800,600
Nail art_000041.png,png,yes,800,600
Nail art_000042.png,png,yes,800,600
Nail art_000043.png,png,yes,800,600
Nail art_000044.png,png,yes,800,600
Nail art_000045.png,png,yes,800,600
Nail art_000046.png,png,yes,800,600
Nail art_000047.png,png,yes,800,600
Nail art_000049.png,png,yes,800,600
Nail art_000050.png,png,yes,800,600
Nail art_000051.png,png,yes,800,600
Nail art_000052.png,png,yes,800,600
Nail art_000053.png,png,yes,800,600
Nail art_000054.png,png,yes,800,600
Nail art_000055.png,png,yes,800,600
Nail art_000056.png,png,yes,800,600
Nail art_000057.png,png,yes,800,600
Nail art_000058.png,png,yes,800,600
Nail art_000059.png,png,yes,800,600
Nail art_000060.png,png,yes,800,600
Nail art_000062.png,png,yes,800,600
Nail art_000063.png,png,yes,800,600
Nail art_000065.png,png,yes,800,600
Nail art_000066.png,png,yes,800,600
Nail art_000068.png,png,yes,800,600
Nail art_000069.png,png,yes,800,600
Nail art_000070.png,png,yes,800,600
Nail art_000072.png,png,yes,800,600
Nail art_000074.png,png,yes,800,600
Nail art_000075.png,png,yes,800,600
Nail art_000077.png,png,yes,800,600
Nail art_000078.png,png,yes,800,600
Nail art_000079.png,png,yes,800,600
Nail art_000080.png,png,yes,800,600
Nail art_000082.png,png,yes,800,600
National parks_000001.png,png,yes,800,600
National parks_000003.png,png,yes,800,600
National parks_000005.png,png,yes,800,600
National parks_000006.png,png,yes,800,600
National parks_000007.png,png,yes,800,600
National parks_000008.png,png,yes,800,600
National parks_000010.png,png,yes,800,600
National parks_000011.png,png,yes,800,600
National parks_000012.png,png,yes,800,600
National parks_000013.png,png,yes,800,600
National parks_000014.png,png,yes,800,600
National parks_000015.png,png,yes,800,600
National parks_000017.png,png,yes,800,600
National parks_000019.png,png,yes,800,600
National parks_000020.png,png,yes,800,600
National parks_000022.png,png,yes,800,600
National parks_000024.png,png,yes,800,600
National parks_000025.png,png,yes,800,600
National parks_000026.png,png,yes,800,600
National parks_000027.png,png,yes,800,600
National parks_000028.png,png,yes,800,600
National parks_000029.png,png,yes,800,600
National parks_000030.png,png,yes,800,600
National parks_000031.png,png,yes,800,600
Nature close-ups_000001.png,png,yes,800,600
Nature close-ups_000002.png,png,yes,800,600
Nature close-ups_000004.png,png,yes,800,600
Nature close-ups_000005.png,png,yes,800,600
Nature close-ups_000007.png,png,yes,800,600
Nature close-ups_000009.png,png,yes,800,600
Nature close-ups_000011.png,png,yes,800,600
Nature close-ups_000012.png,png,yes,800,600
Nature close-ups_000013.png,png,yes,800,600
Nature close-ups_000014.png,png,yes,800,600
Nature close-ups_000016.png,png,yes,800,600
Nature close-ups_000017.png,png,yes,800,600
Nature close-ups_000018.png,png,yes,800,600
Nature close-ups_000019.png,png,yes,800,600
Nature close-ups_000020.png,png,yes,800,600
Nature close-ups_000021.png,png,yes,800,600
Nature close-ups_000022.png,png,yes,800,600
Nature close-ups_000023.png,png,yes,800,600
Nature close-ups_000024.png,png,yes,800,600
Nature close-ups_000025.png,png,yes,800,600
Nature close-ups_000026.png,png,yes,800,600
Nature close-ups_000027.png,png,yes,800,600
Nature close-ups_000028.png,png,yes,800,600
Nature close-ups_000029.png,png,yes,800,600
Nature close-ups_000030.png,png,yes,800,600
Nature close-ups_000031.png,png,yes,800,600
Nature close-ups_000033.png,png,yes,800,600
Nature wallpapers_000001.png,png,yes,800,600
Nature wallpapers_000003.png,png,yes,800,600
Nature wallpapers_000004.png,png,yes,800,600
Nature wallpapers_000005.png,png,yes,800,600
Nature wallpapers_000006.png,png,yes,800,600
Nature wallpapers_000008.png,png,yes,800,600
Nature wallpapers_000009.png,png,yes,800,600
Nature wallpapers_000011.png,png,yes,800,600
Nature wallpapers_000012.png,png,yes,800,600
Nature wallpapers_000013.png,png,yes,800,600
Nature wallpapers_000014.png,png,yes,800,600
Nature wallpapers_000015.png,png,yes,800,600
Nature wallpapers_000016.png,png,yes,800,600
Nature wallpapers_000018.png,png,yes,800,600
Nature wallpapers_000019.png,png,yes,800,600
Nature wallpapers_000020.png,png,yes,800,600
Nature wallpapers_000021.png,png,yes,800,600
Nature wallpapers_000024.png,png,yes,800,600
Nature wallpapers_000025.png,png,yes,800,600
Nature wallpapers_000026.png,png,yes,800,600
Nature_000001.png,png,yes,800,600
Nature_000004.png,png,yes,800,600
Nature_000005.png,png,yes,800,600
Nature_000006.png,png,yes,800,600
Nature_000007.png,png,yes,800,600
Nature_000009.png,png,yes,800,600
Nature_000011.png,png,yes,800,600
Nature_000012.png,png,yes,800,600
Nature_000013.png,png,yes,800,600
Nature_000015.png,png,yes,800,600
Nature_000017.png,png,yes,800,600
Nature_000018.png,png,yes,800,600
Nature_000019.png,png,yes,800,600
Nature_000024.png,png,yes,800,600
Nature_000025.png,png,yes,800,600
Nature_000026.png,png,yes,800,600
Networking events_000001.png,png,yes,800,600
Networking events_000002.png,png,yes,800,600
Networking events_000003.png,png,yes,800,600
Networking events_000004.png,png,yes,800,600
Night photography_000002.png,png,yes,800,600
Night photography_000003.png,png,yes,800,600
Night photography_000004.png,png,yes,800,600
Night photography_000005.png,png,yes,800,600
Night photography_000006.png,png,yes,800,600
Night photography_000007.png,png,yes,800,600
Night photography_000009.png,png,yes,800,600
Night photography_000010.png,png,yes,800,600
Night photography_000012.png,png,yes,800,600
Night photography_000013.png,png,yes,800,600
Night photography_000014.png,png,yes,800,600
Night photography_000015.png,png,yes,800,600
Night photography_000016.png,png,yes,800,600
Night photography_000017.png,png,yes,800,600
Night photography_000018.png,png,yes,800,600
Night photography_000021.png,png,yes,800,600
Night photography_000022.png,png,yes,800,600
Night photography_000023.png,png,yes,800,600
Night photography_000025.png,png,yes,800,600
Night photography_000026.png,png,yes,800,600
Night photography_000027.png,png,yes,800,600
Night photography_000028.png,png,yes,800,600
Night photography_000029.png,png,yes,800,600
Night photography_000030.png,png,yes,800,600
Night photography_000031.png,png,yes,800,600
Night photography_000032.png,png,yes,800,600
Night photography_000033.png,png,yes,800,600
Night sky_000001.png,png,yes,800,600
Night sky_000002.png,png,yes,800,600
Night sky_000005.png,png,yes,800,600
Night sky_000006.png,png,yes,800,600
Night sky_000011.png,png,yes,800,600
Nonprofit organizations_000003.png,png,yes,800,600
Nonprofit organizations_000005.png,png,yes,800,600
Nonprofit organizations_000006.png,png,yes,800,600
Nonprofit organizations_000007.png,png,yes,800,600
Nonprofit organizations_000008.png,png,yes,800,600
Nonprofit organizations_000009.png,png,yes,800,600
Nonprofit organizations_000010.png,png,yes,800,600
Nonprofit organizations_000011.png,png,yes,800,600
Nonprofit organizations_000013.png,png,yes,800,600
Nonprofit organizations_000015.png,png,yes,800,600
Nonprofit organizations_000016.png,png,yes,800,600
Nonprofit organizations_000017.png,png,yes,800,600
Nonprofit organizations_000019.png,png,yes,800,600
Nonprofit organizations_000020.png,png,yes,800,600
Nonprofit organizations_000022.png,png,yes,800,600
Nonprofit organizations_000023.png,png,yes,800,600
Nonprofit organizations_000024.png,png,yes,800,600
Nonprofit organizations_000025.png,png,yes,800,600
Nonprofit organizations_000026.png,png,yes,800,600
Nonprofit organizations_000027.png,png,yes,800,600
Nonprofit organizations_000028.png,png,yes,800,600
Nonprofit organizations_000029.png,png,yes,800,600
Nonprofit organizations_000032.png,png,yes,800,600
Nonprofit organizations_000033.png,png,yes,800,600
Nonprofit organizations_000034.png,png,yes,800,600
Nonprofit organizations_000035.png,png,yes,800,600
Nonprofit organizations_000036.png,png,yes,800,600
Nonprofit organizations_000038.png,png,yes,800,600
Nonprofit organizations_000039.png,png,yes,800,600
Nonprofit organizations_000040.png,png,yes,800,600
Nonprofit organizations_000041.png,png,yes,800,600
Nonprofit organizations_000042.png,png,yes,800,600
Nonprofit organizations_000043.png,png,yes,800,600
Ocean_000004.png,png,yes,800,600
Ocean_000006.png,png,yes,800,600
Ocean_000007.png,png,yes,800,600
Ocean_000008.png,png,yes,800,600
Ocean_000010.png,png,yes,800,600
Ocean_000012.png,png,yes,800,600
Ocean_000013.png,png,yes,800,600
Ocean_000015.png,png,yes,800,600
Ocean_000018.png,png,yes,800,600
Ocean_000019.png,png,yes,800,600
Ocean_000021.png,png,yes,800,600
Ocean_000022.png,png,yes,800,600
Ocean_000023.png,png,yes,800,600
Ocean_000024.png,png,yes,800,600
Ocean_000025.png,png,yes,800,600
Ocean_000027.png,png,yes,800,600
Online communities_000001.png,png,yes,800,600
Online learning_000002.png,png,yes,800,600
Online learning_000003.png,png,yes,800,600
Online learning_000005.png,png,yes,800,600
Online learning_000006.png,png,yes,800,600
Online learning_000008.png,png,yes,800,600
Online learning_000009.png,png,yes,800,600
Online learning_000010.png,png,yes,800,600
Online learning_000011.png,png,yes,800,600
Online learning_000014.png,png,yes,800,600
Online learning_000015.png,png,yes,800,600
Online learning_000016.png,png,yes,800,600
Online learning_000018.png,png,yes,800,600
Online learning_000020.png,png,yes,800,600
Online learning_000023.png,png,yes,800,600
Online learning_000025.png,png,yes,800,600
Online learning_000026.png,png,yes,800,600
Online learning_000027.png,png,yes,800,600
Opera_000002.png,png,yes,800,600
Opera_000003.png,png,yes,800,600
Opera_000004.png,png,yes,800,600
Opera_000005.png,png,yes,800,600
Opera_000006.png,png,yes,800,600
Opera_000007.png,png,yes,800,600
Opera_000008.png,png,yes,800,600
Opera_000010.png,png,yes,800,600
Opera_000011.png,png,yes,800,600
Opera_000012.png,png,yes,800,600
Opera_000013.png,png,yes,800,600
Opera_000015.png,png,yes,800,600
Opera_000016.png,png,yes,800,600
Opera_000017.png,png,yes,800,600
Opera_000020.png,png,yes,800,600
Opera_000022.png,png,yes,800,600
Opera_000023.png,png,yes,800,600
Opera_000025.png,png,yes,800,600
Opera_000026.png,png,yes,800,600
Opera_000028.png,png,yes,800,600
Opera_000029.png,png,yes,800,600
Opera_000030.png,png,yes,800,600
Opera_000032.png,png,yes,800,600
Opera_000033.png,png,yes,800,600
Opera_000035.png,png,yes,800,600
Opera_000038.png,png,yes,800,600
Opera_000039.png,png,yes,800,600
Opera_000040.png,png,yes,800,600
Opera_000041.png,png,yes,800,600
Opera_000044.png,png,yes,800,600
Opera_000045.png,png,yes,800,600
Opera_000046.png,png,yes,800,600
Opera_000047.png,png,yes,800,600
Opera_000048.png,png,yes,800,600
Opera_000049.png,png,yes,800,600
Opera_000050.png,png,yes,800,600
Opera_000051.png,png,yes,800,600
Opera_000052.png,png,yes,800,600
Opera_000055.png,png,yes,800,600
Opera_000056.png,png,yes,800,600
Opera_000057.png,png,yes,800,600
Opera_000059.png,png,yes,800,600
Opera_000060.png,png,yes,800,600
Opera_000061.png,png,yes,800,600
Opera_000062.png,png,yes,800,600
Opera_000064.png,png,yes,800,600
Opera_000065.png,png,yes,800,600
Opera_000066.png,png,yes,800,600
Opera_000067.png,png,yes,800,600
Opera_000068.png,png,yes,800,600
Organic farming_000001.png,png,yes,800,600
Organic gardening_000001.png,png,yes,800,600
Organic gardening_000002.png,png,yes,800,600
Organic gardening_000003.png,png,yes,800,600
Organic gardening_000005.png,png,yes,800,600
Organic gardening_000006.png,png,yes,800,600
Organic gardening_000007.png,png,yes,800,600
Organic gardening_000008.png,png,yes,800,600
Organic gardening_000010.png,png,yes,800,600
Organic gardening_000011.png,png,yes,800,600
Organic gardening_000012.png,png,yes,800,600
Organic gardening_000013.png,png,yes,800,600
Organic gardening_000015.png,png,yes,800,600
Organic gardening_000016.png,png,yes,800,600
Organic gardening_000017.png,png,yes,800,600
Organic gardening_000018.png,png,yes,800,600
Organic gardening_000019.png,png,yes,800,600
Organic gardening_000020.png,png,yes,800,600
Organic gardening_000023.png,png,yes,800,600
Organic gardening_000025.png,png,yes,800,600
Organic gardening_000026.png,png,yes,800,600
Organic gardening_000028.png,png,yes,800,600
Organic gardening_000031.png,png,yes,800,600
Organic gardening_000032.png,png,yes,800,600
Organic gardening_000033.png,png,yes,800,600
Organic gardening_000034.png,png,yes,800,600
Organic gardening_000035.png,png,yes,800,600
Organic gardening_000036.png,png,yes,800,600
Organic gardening_000039.png,png,yes,800,600
Organic gardening_000041.png,png,yes,800,600
Organic gardening_000042.png,png,yes,800,600
Organic gardening_000043.png,png,yes,800,600
Organic gardening_000044.png,png,yes,800,600
Organic gardening_000045.png,png,yes,800,600
Organic gardening_000046.png,png,yes,800,600
Organic gardening_000047.png,png,yes,800,600
Organic gardening_000048.png,png,yes,800,600
Organic gardening_000049.png,png,yes,800,600
Organic gardening_000050.png,png,yes,800,600
Organic gardening_000052.png,png,yes,800,600
Organic gardening_000053.png,png,yes,800,600
Organic gardening_000054.png,png,yes,800,600
Organic gardening_000055.png,png,yes,800,600
Organic gardening_000056.png,png,yes,800,600
Organic gardening_000057.png,png,yes,800,600
Organic gardening_000058.png,png,yes,800,600
Organic gardening_000059.png,png,yes,800,600
Organic gardening_000060.png,png,yes,800,600
Otters_000003.png,png,yes,800,600
Otters_000004.png,png,yes,800,600
Otters_000005.png,png,yes,800,600
Otters_000006.png,png,yes,800,600
Otters_000007.png,png,yes,800,600
Otters_000008.png,png,yes,800,600
Otters_000010.png,png,yes,800,600
Otters_000012.png,png,yes,800,600
Otters_000016.png,png,yes,800,600
Otters_000017.png,png,yes,800,600
Otters_000018.png,png,yes,800,600
Otters_000019.png,png,yes,800,600
Otters_000020.png,png,yes,800,600
Otters_000021.png,png,yes,800,600
Otters_000022.png,png,yes,800,600
Otters_000023.png,png,yes,800,600
Otters_000024.png,png,yes,800,600
Otters_000025.png,png,yes,800,600
Otters_000026.png,png,yes,800,600
Otters_000029.png,png,yes,800,600
Otters_000030.png,png,yes,800,600
Otters_000031.png,png,yes,800,600
Otters_000032.png,png,yes,800,600
Outdoor games_000001.png,png,yes,800,600
Outdoor games_000002.png,png,yes,800,600
Outdoor games_000005.png,png,yes,800,600
Outdoor games_000009.png,png,yes,800,600
Outdoor games_000011.png,png,yes,800,600
Outdoor games_000012.png,png,yes,800,600
Outdoor games_000013.png,png,yes,800,600
Outdoor games_000014.png,png,yes,800,600
Outdoor games_000015.png,png,yes,800,600
Outdoor games_000017.png,png,yes,800,600
Outdoor games_000019.png,png,yes,800,600
Outdoor games_000020.png,png,yes,800,600
Outdoor games_000021.png,png,yes,800,600
Outdoor games_000022.png,png,yes,800,600
Outdoor games_000024.png,png,yes,800,600
Outdoor games_000025.png,png,yes,800,600
Outdoor games_000026.png,png,yes,800,600
Outdoor games_000027.png,png,yes,800,600
Outdoor games_000030.png,png,yes,800,600
Outdoor games_000032.png,png,yes,800,600
Outdoor living_000001.png,png,yes,800,600
Outdoor living_000002.png,png,yes,800,600
Outdoor living_000003.png,png,yes,800,600
Outdoor living_000004.png,png,yes,800,600
Outdoor living_000005.png,png,yes,800,600
Outdoor living_000006.png,png,yes,800,600
Outdoor living_000008.png,png,yes,800,600
Outdoor living_000009.png,png,yes,800,600
Outdoor living_000010.png,png,yes,800,600
Outdoor living_000012.png,png,yes,800,600
Outdoor living_000014.png,png,yes,800,600
Outdoor living_000015.png,png,yes,800,600
Outdoor living_000016.png,png,yes,800,600
Outdoor living_000017.png,png,yes,800,600
Outdoor living_000020.png,png,yes,800,600
Paintings_000001.png,png,yes,800,600
Paintings_000003.png,png,yes,800,600
Paintings_000005.png,png,yes,800,600
Paintings_000006.png,png,yes,800,600
Paintings_000009.png,png,yes,800,600
Paintings_000010.png,png,yes,800,600
Paintings_000011.png,png,yes,800,600
Paintings_000012.png,png,yes,800,600
Paintings_000013.png,png,yes,800,600
Paintings_000015.png,png,yes,800,600
Paintings_000017.png,png,yes,800,600
Paintings_000019.png,png,yes,800,600
Paintings_000020.png,png,yes,800,600
Paintings_000022.png,png,yes,800,600
Paintings_000023.png,png,yes,800,600
Paintings_000025.png,png,yes,800,600
Paintings_000026.png,png,yes,800,600
Paintings_000027.png,png,yes,800,600
Paintings_000028.png,png,yes,800,600
Paintings_000029.png,png,yes,800,600
Paintings_000030.png,png,yes,800,600
Paintings_000031.png,png,yes,800,600
Paintings_000033.png,png,yes,800,600
Paintings_000034.png,png,yes,800,600
Paintings_000035.png,png,yes,800,600
Paintings_000037.png,png,yes,800,600
Paintings_000038.png,png,yes,800,600
Paintings_000039.png,png,yes,800,600
Paintings_000040.png,png,yes,800,600
Parrots_000001.png,png,yes,800,600
Parrots_000002.png,png,yes,800,600
Parrots_000003.png,png,yes,800,600
Parrots_000005.png,png,yes,800,600
Parrots_000006.png,png,yes,800,600
Parrots_000007.png,png,yes,800,600
Parrots_000008.png,png,yes,800,600
Parrots_000010.png,png,yes,800,600
Parrots_000011.png,png,yes,800,600
Parrots_000012.png,png,yes,800,600
Parrots_000013.png,png,yes,800,600
Parrots_000015.png,png,yes,800,600
Parrots_000016.png,png,yes,800,600
Parrots_000017.png,png,yes,800,600
Parrots_000021.png,png,yes,800,600
Parrots_000022.png,png,yes,800,600
Parrots_000023.png,png,yes,800,600
Parrots_000025.png,png,yes,800,600
Parrots_000026.png,png,yes,800,600
Parrots_000027.png,png,yes,800,600
Parrots_000028.png,png,yes,800,600
Parrots_000029.png,png,yes,800,600
Parrots_000030.png,png,yes,800,600
Parrots_000031.png,png,yes,800,600
Parrots_000032.png,png,yes,800,600
Parrots_000034.png,png,yes,800,600
Parrots_000036.png,png,yes,800,600
Parrots_000038.png,png,yes,800,600
Party games_000001.png,png,yes,800,600
Party games_000004.png,png,yes,800,600
Party games_000005.png,png,yes,800,600
Party games_000006.png,png,yes,800,600
Party games_000008.png,png,yes,800,600
Party games_000009.png,png,yes,800,600
Party games_000010.png,png,yes,800,600
Party games_000013.png,png,yes,800,600
Party games_000014.png,png,yes,800,600
Party games_000015.png,png,yes,800,600
Party games_000016.png,png,yes,800,600
Party games_000018.png,png,yes,800,600
Party games_000019.png,png,yes,800,600
Party games_000020.png,png,yes,800,600
Party games_000021.png,png,yes,800,600
Party games_000022.png,png,yes,800,600
Party games_000024.png,png,yes,800,600
Party games_000026.png,png,yes,800,600
Pasta_000001.png,png,yes,800,600
Pasta_000002.png,png,yes,800,600
Pasta_000003.png,png,yes,800,600
Pasta_000004.png,png,yes,800,600
Pasta_000005.png,png,yes,800,600
Pasta_000006.png,png,yes,800,600
Pasta_000007.png,png,yes,800,600
Pasta_000008.png,png,yes,800,600
Pasta_000009.png,png,yes,800,600
Pasta_000010.png,png,yes,800,600
Pasta_000011.png,png,yes,800,600
Pasta_000012.png,png,yes,800,600
Pasta_000014.png,png,yes,800,600
Pasta_000015.png,png,yes,800,600
Pasta_000016.png,png,yes,800,600
Pasta_000017.png,png,yes,800,600
Pasta_000018.png,png,yes,800,600
Pasta_000019.png,png,yes,800,600
Pasta_000020.png,png,yes,800,600
Pasta_000021.png,png,yes,800,600
Pasta_000022.png,png,yes,800,600
Pasta_000023.png,png,yes,800,600
Pasta_000024.png,png,yes,800,600
Pasta_000026.png,png,yes,800,600
Pasta_000028.png,png,yes,800,600
Pasta_000029.png,png,yes,800,600
Pasta_000030.png,png,yes,800,600
Pasta_000031.png,png,yes,800,600
Pasta_000032.png,png,yes,800,600
Pasta_000033.png,png,yes,800,600
Patio design_000001.png,png,yes,800,600
Patio design_000002.png,png,yes,800,600
Patio design_000003.png,png,yes,800,600
Patio design_000004.png,png,yes,800,600
Patio design_000008.png,png,yes,800,600
Patio design_000011.png,png,yes,800,600
Patio design_000012.png,png,yes,800,600
Patio design_000013.png,png,yes,800,600
Patio design_000014.png,png,yes,800,600
Patio design_000015.png,png,yes,800,600
Patio design_000017.png,png,yes,800,600
Patio design_000018.png,png,yes,800,600
Patio design_000019.png,png,yes,800,600
Patio design_000020.png,png,yes,800,600
Patio design_000022.png,png,yes,800,600
Patio design_000024.png,png,yes,800,600
Patio design_000025.png,png,yes,800,600
Patio design_000026.png,png,yes,800,600
Patio design_000029.png,png,yes,800,600
Patio design_000030.png,png,yes,800,600
Patio design_000031.png,png,yes,800,600
Patio design_000032.png,png,yes,800,600
Patio design_000033.png,png,yes,800,600
Patio design_000034.png,png,yes,800,600
Patio design_000035.png,png,yes,800,600
Patio design_000037.png,png,yes,800,600
Patio design_000039.png,png,yes,800,600
Patio design_000040.png,png,yes,800,600
Patio design_000041.png,png,yes,800,600
Patio design_000042.png,png,yes,800,600
Patio design_000043.png,png,yes,800,600
Patio design_000044.png,png,yes,800,600
Patio design_000045.png,png,yes,800,600
Patio design_000046.png,png,yes,800,600
Patio design_000048.png,png,yes,800,600
Patio design_000050.png,png,yes,800,600
Patio design_000051.png,png,yes,800,600
Patio design_000052.png,png,yes,800,600
Patio design_000054.png,png,yes,800,600
Patio design_000055.png,png,yes,800,600
Patio design_000056.png,png,yes,800,600
Patio design_000061.png,png,yes,800,600
Patio design_000062.png,png,yes,800,600
Patio design_000064.png,png,yes,800,600
Patio design_000065.png,png,yes,800,600
Patio design_000066.png,png,yes,800,600
Patio design_000067.png,png,yes,800,600
Patio design_000068.png,png,yes,800,600
Patio design_000069.png,png,yes,800,600
Patio design_000070.png,png,yes,800,600
Patterns_000001.png,png,yes,800,600
Patterns_000002.png,png,yes,800,600
Patterns_000003.png,png,yes,800,600
Patterns_000004.png,png,yes,800,600
Patterns_000005.png,png,yes,800,600
Patterns_000007.png,png,yes,800,600
Patterns_000009.png,png,yes,800,600
Patterns_000010.png,png,yes,800,600
Patterns_000011.png,png,yes,800,600
Patterns_000012.png,png,yes,800,600
Patterns_000014.png,png,yes,800,600
Patterns_000016.png,png,yes,800,600
Patterns_000017.png,png,yes,800,600
Patterns_000019.png,png,yes,800,600
Patterns_000020.png,png,yes,800,600
Patterns_000021.png,png,yes,800,600
Patterns_000022.png,png,yes,800,600
Patterns_000023.png,png,yes,800,600
Patterns_000024.png,png,yes,800,600
Patterns_000025.png,png,yes,800,600
Patterns_000027.png,png,yes,800,600
Patterns_000028.png,png,yes,800,600
Patterns_000029.png,png,yes,800,600
Patterns_000030.png,png,yes,800,600
Patterns_000031.png,png,yes,800,600
Patterns_000035.png,png,yes,800,600
Patterns_000036.png,png,yes,800,600
Patterns_000037.png,png,yes,800,600
Peacocks_000001.png,png,yes,800,600
Peacocks_000003.png,png,yes,800,600
Peacocks_000005.png,png,yes,800,600
Peacocks_000007.png,png,yes,800,600
Peacocks_000009.png,png,yes,800,600
Peacocks_000011.png,png,yes,800,600
Peacocks_000013.png,png,yes,800,600
Peacocks_000014.png,png,yes,800,600
Peacocks_000015.png,png,yes,800,600
Peacocks_000017.png,png,yes,800,600
Peacocks_000018.png,png,yes,800,600
Peacocks_000020.png,png,yes,800,600
Peacocks_000021.png,png,yes,800,600
Peacocks_000022.png,png,yes,800,600
Peacocks_000023.png,png,yes,800,600
Peacocks_000024.png,png,yes,800,600
Peacocks_000025.png,png,yes,800,600
Peacocks_000026.png,png,yes,800,600
Penguins_000001.png,png,yes,800,600
Penguins_000002.png,png,yes,800,600
Penguins_000003.png,png,yes,800,600
Penguins_000004.png,png,yes,800,600
Penguins_000005.png,png,yes,800,600
Penguins_000006.png,png,yes,800,600
Penguins_000009.png,png,yes,800,600
Penguins_000010.png,png,yes,800,600
Penguins_000012.png,png,yes,800,600
Penguins_000014.png,png,yes,800,600
Penguins_000015.png,png,yes,800,600
Penguins_000016.png,png,yes,800,600
Penguins_000018.png,png,yes,800,600
Penguins_000019.png,png,yes,800,600
Penguins_000020.png,png,yes,800,600
Penguins_000021.png,png,yes,800,600
Penguins_000022.png,png,yes,800,600
Penguins_000023.png,png,yes,800,600
Penguins_000024.png,png,yes,800,600
Penguins_000026.png,png,yes,800,600
Penguins_000027.png,png,yes,800,600
Penguins_000028.png,png,yes,800,600
Penguins_000029.png,png,yes,800,600
Penguins_000030.png,png,yes,800,600
Penguins_000031.png,png,yes,800,600
Permaculture_000001.png,png,yes,800,600
Permaculture_000003.png,png,yes,800,600
Permaculture_000004.png,png,yes,800,600
Permaculture_000005.png,png,yes,800,600
Permaculture_000006.png,png,yes,800,600
Permaculture_000007.png,png,yes,800,600
Permaculture_000009.png,png,yes,800,600
Permaculture_000010.png,png,yes,800,600
Permaculture_000011.png,png,yes,800,600
Permaculture_000012.png,png,yes,800,600
Permaculture_000013.png,png,yes,800,600
Permaculture_000015.png,png,yes,800,600
Permaculture_000016.png,png,yes,800,600
Permaculture_000019.png,png,yes,800,600
Permaculture_000020.png,png,yes,800,600
Permaculture_000021.png,png,yes,800,600
Permaculture_000022.png,png,yes,800,600
Permaculture_000024.png,png,yes,800,600
Permaculture_000025.png,png,yes,800,600
Permaculture_000026.png,png,yes,800,600
Permaculture_000027.png,png,yes,800,600
Permaculture_000029.png,png,yes,800,600
Permaculture_000031.png,png,yes,800,600
Permaculture_000032.png,png,yes,800,600
Permaculture_000033.png,png,yes,800,600
Personal branding_000001.png,png,yes,800,600
Personal branding_000002.png,png,yes,800,600
Personal branding_000003.png,png,yes,800,600
Personal branding_000004.png,png,yes,800,600
Personal branding_000005.png,png,yes,800,600
Personal branding_000007.png,png,yes,800,600
Personal branding_000008.png,png,yes,800,600
Personal branding_000009.png,png,yes,800,600
Personal branding_000011.png,png,yes,800,600
Personal branding_000012.png,png,yes,800,600
Personal branding_000013.png,png,yes,800,600
Personal branding_000017.png,png,yes,800,600
Personal branding_000018.png,png,yes,800,600
Personal branding_000019.png,png,yes,800,600
Personal branding_000020.png,png,yes,800,600
Personal branding_000021.png,png,yes,800,600
Personal branding_000023.png,png,yes,800,600
Personal branding_000024.png,png,yes,800,600
Personal branding_000026.png,png,yes,800,600
Personal branding_000027.png,png,yes,800,600
Personal branding_000028.png,png,yes,800,600
Personal branding_000029.png,png,yes,800,600
Personal branding_000030.png,png,yes,800,600
Personal branding_000031.png,png,yes,800,600
Personal branding_000032.png,png,yes,800,600
Personal branding_000033.png,png,yes,800,600
Personal branding_000034.png,png,yes,800,600
Personal branding_000035.png,png,yes,800,600
Personal branding_000039.png,png,yes,800,600
Personal branding_000040.png,png,yes,800,600
Personal branding_000041.png,png,yes,800,600
Personal branding_000042.png,png,yes,800,600
Personal branding_000043.png,png,yes,800,600
Personal branding_000044.png,png,yes,800,600
Personal branding_000045.png,png,yes,800,600
Personal branding_000046.png,png,yes,800,600
Personal development_000001.png,png,yes,800,600
Personal development_000002.png,png,yes,800,600
Personal development_000003.png,png,yes,800,600
Personal development_000005.png,png,yes,800,600
Personal development_000007.png,png,yes,800,600
Personal development_000009.png,png,yes,800,600
Personal development_000010.png,png,yes,800,600
Personal development_000011.png,png,yes,800,600
Personal development_000012.png,png,yes,800,600
Personal development_000013.png,png,yes,800,600
Personal development_000014.png,png,yes,800,600
Personal development_000015.png,png,yes,800,600
Personal development_000017.png,png,yes,800,600
Personal development_000018.png,png,yes,800,600
Personal development_000019.png,png,yes,800,600
Personal development_000020.png,png,yes,800,600
Personal development_000021.png,png,yes,800,600
Personal development_000023.png,png,yes,800,600
Personal development_000024.png,png,yes,800,600
Personal style_000001.png,png,yes,800,600
Personal style_000003.png,png,yes,800,600
Personal style_000004.png,png,yes,800,600
Personal style_000005.png,png,yes,800,600
Personal style_000006.png,png,yes,800,600
Personal style_000007.png,png,yes,800,600
Personal style_000008.png,png,yes,800,600
Personal style_000009.png,png,yes,800,600
Personal style_000010.png,png,yes,800,600
Personal style_000011.png,png,yes,800,600
Personal style_000012.png,png,yes,800,600
Personal style_000014.png,png,yes,800,600
Pets_000001.png,png,yes,800,600
Pets_000003.png,png,yes,800,600
Pets_000004.png,png,yes,800,600
Pets_000006.png,png,yes,800,600
Pets_000007.png,png,yes,800,600
Pets_000008.png,png,yes,800,600
Pets_000009.png,png,yes,800,600
Pets_000010.png,png,yes,800,600
Pets_000011.png,png,yes,800,600
Pets_000013.png,png,yes,800,600
Pets_000015.png,png,yes,800,600
Pets_000016.png,png,yes,800,600
Pets_000020.png,png,yes,800,600
Pets_000021.png,png,yes,800,600
Pets_000022.png,png,yes,800,600
Pets_000023.png,png,yes,800,600
Pets_000024.png,png,yes,800,600
Pets_000025.png,png,yes,800,600
Pets_000026.png,png,yes,800,600
Pets_000027.png,png,yes,800,600
Pets_000029.png,png,yes,800,600
Pets_000030.png,png,yes,800,600
Philanthropy_000001.png,png,yes,800,600
Philanthropy_000002.png,png,yes,800,600
Philanthropy_000005.png,png,yes,800,600
Philanthropy_000007.png,png,yes,800,600
Philanthropy_000010.png,png,yes,800,600
Philanthropy_000011.png,png,yes,800,600
Philanthropy_000012.png,png,yes,800,600
Philanthropy_000013.png,png,yes,800,600
Philanthropy_000014.png,png,yes,800,600
Philanthropy_000015.png,png,yes,800,600
Philanthropy_000016.png,png,yes,800,600
Philanthropy_000017.png,png,yes,800,600
Philanthropy_000023.png,png,yes,800,600
Philanthropy_000024.png,png,yes,800,600
Philanthropy_000025.png,png,yes,800,600
Philanthropy_000026.png,png,yes,800,600
Philanthropy_000027.png,png,yes,800,600
Philanthropy_000028.png,png,yes,800,600
Photography tips_000003.png,png,yes,800,600
Photography tips_000004.png,png,yes,800,600
Photography tips_000006.png,png,yes,800,600
Photography tips_000007.png,png,yes,800,600
Photography tips_000008.png,png,yes,800,600
Photography tips_000009.png,png,yes,800,600
Photography tips_000010.png,png,yes,800,600
Photography tips_000011.png,png,yes,800,600
Photography tips_000013.png,png,yes,800,600
Photography tips_000014.png,png,yes,800,600
Photography tips_000015.png,png,yes,800,600
Photography tips_000016.png,png,yes,800,600
Photography tips_000017.png,png,yes,800,600
Photography tips_000018.png,png,yes,800,600
Photography tips_000021.png,png,yes,800,600
Photography tips_000022.png,png,yes,800,600
Photography tips_000023.png,png,yes,800,600
Photography tips_000024.png,png,yes,800,600
Photography tips_000025.png,png,yes,800,600
Photography tips_000027.png,png,yes,800,600
Photography tips_000028.png,png,yes,800,600
Photography tips_000029.png,png,yes,800,600
Photography tips_000030.png,png,yes,800,600
Photography tips_000031.png,png,yes,800,600
Photography tips_000033.png,png,yes,800,600
Photography tips_000035.png,png,yes,800,600
Photography tips_000038.png,png,yes,800,600
Photography tips_000039.png,png,yes,800,600
Photography tips_000040.png,png,yes,800,600
Photography tips_000041.png,png,yes,800,600
Photography tips_000042.png,png,yes,800,600
Photography tips_000043.png,png,yes,800,600
Photography tips_000045.png,png,yes,800,600
Photography tips_000046.png,png,yes,800,600
Photography tips_000047.png,png,yes,800,600
Photography tips_000048.png,png,yes,800,600
Photography tips_000049.png,png,yes,800,600
Photography tips_000050.png,png,yes,800,600
Photography tips_000051.png,png,yes,800,600
Photography tips_000052.png,png,yes,800,600
Photography tips_000054.png,png,yes,800,600
Photography tips_000055.png,png,yes,800,600
Photography tips_000056.png,png,yes,800,600
Photography tips_000058.png,png,yes,800,600
Photography tips_000059.png,png,yes,800,600
Photography tips_000061.png,png,yes,800,600
Photography tips_000062.png,png,yes,800,600
Photography tips_000063.png,png,yes,800,600
Photography tips_000064.png,png,yes,800,600
Photography tips_000065.png,png,yes,800,600
Photography tips_000066.png,png,yes,800,600
Photography tips_000068.png,png,yes,800,600
Photography tips_000070.png,png,yes,800,600
Photography tips_000072.png,png,yes,800,600
Photography tips_000076.png,png,yes,800,600
Photography tips_000077.png,png,yes,800,600
Photography tips_000078.png,png,yes,800,600
Photography tips_000079.png,png,yes,800,600
Photography tips_000080.png,png,yes,800,600
Photography tips_000081.png,png,yes,800,600
Photography tips_000082.png,png,yes,800,600
Photography tips_000083.png,png,yes,800,600
Photography tips_000084.png,png,yes,800,600
Photography tips_000086.png,png,yes,800,600
Photography tips_000087.png,png,yes,800,600
Photography tips_000088.png,png,yes,800,600
Photography tips_000089.png,png,yes,800,600
Photography_000002.png,png,yes,800,600
Photography_000003.png,png,yes,800,600
Photography_000004.png,png,yes,800,600
Photography_000005.png,png,yes,800,600
Photography_000006.png,png,yes,800,600
Photography_000007.png,png,yes,800,600
Photography_000008.png,png,yes,800,600
Photography_000009.png,png,yes,800,600
Photography_000010.png,png,yes,800,600
Photography_000011.png,png,yes,800,600
Photography_000012.png,png,yes,800,600
Photography_000015.png,png,yes,800,600
Photography_000016.png,png,yes,800,600
Photography_000017.png,png,yes,800,600
Photography_000018.png,png,yes,800,600
Photography_000019.png,png,yes,800,600
Photography_000020.png,png,yes,800,600
Photography_000023.png,png,yes,800,600
Photography_000024.png,png,yes,800,600
Photography_000025.png,png,yes,800,600
Photography_000026.png,png,yes,800,600
Photography_000027.png,png,yes,800,600
Photography_000028.png,png,yes,800,600
Photography_000029.png,png,yes,800,600
Photography_000031.png,png,yes,800,600
Photography_000033.png,png,yes,800,600
Pizza_000003.png,png,yes,800,600
Pizza_000004.png,png,yes,800,600
Pizza_000005.png,png,yes,800,600
Pizza_000006.png,png,yes,800,600
Pizza_000008.png,png,yes,800,600
Pizza_000009.png,png,yes,800,600
Pizza_000011.png,png,yes,800,600
Pizza_000012.png,png,yes,800,600
Pizza_000013.png,png,yes,800,600
Pizza_000015.png,png,yes,800,600
Pizza_000016.png,png,yes,800,600
Pizza_000017.png,png,yes,800,600
Pizza_000020.png,png,yes,800,600
Pizza_000021.png,png,yes,800,600
Pizza_000022.png,png,yes,800,600
Pizza_000023.png,png,yes,800,600
Pizza_000024.png,png,yes,800,600
Pizza_000025.png,png,yes,800,600
Plant care_000001.png,png,yes,800,600
Plant care_000002.png,png,yes,800,600
Plant care_000003.png,png,yes,800,600
Plant care_000006.png,png,yes,800,600
Plant care_000008.png,png,yes,800,600
Plant care_000009.png,png,yes,800,600
Plant care_000010.png,png,yes,800,600
Plant care_000015.png,png,yes,800,600
Plant care_000017.png,png,yes,800,600
Plant care_000018.png,png,yes,800,600
Plant care_000019.png,png,yes,800,600
Plant care_000021.png,png,yes,800,600
Plant care_000022.png,png,yes,800,600
Plant care_000023.png,png,yes,800,600
Plant care_000025.png,png,yes,800,600
Plant care_000027.png,png,yes,800,600
Plant care_000028.png,png,yes,800,600
Plant care_000029.png,png,yes,800,600
Plant care_000030.png,png,yes,800,600
Plant care_000031.png,png,yes,800,600
Plant care_000032.png,png,yes,800,600
Plant care_000033.png,png,yes,800,600
Plant care_000034.png,png,yes,800,600
Plant care_000035.png,png,yes,800,600
Plant care_000036.png,png,yes,800,600
Plant care_000037.png,png,yes,800,600
Plant care_000040.png,png,yes,800,600
Plant care_000042.png,png,yes,800,600
Plant care_000044.png,png,yes,800,600
Plant care_000045.png,png,yes,800,600
Plant care_000046.png,png,yes,800,600
Plant care_000049.png,png,yes,800,600
Plant care_000050.png,png,yes,800,600
Plant care_000051.png,png,yes,800,600
Plant care_000052.png,png,yes,800,600
Plant care_000053.png,png,yes,800,600
Plant care_000054.png,png,yes,800,600
Plant care_000055.png,png,yes,800,600
Plant care_000057.png,png,yes,800,600
Plant care_000058.png,png,yes,800,600
Plant care_000059.png,png,yes,800,600
Plant care_000060.png,png,yes,800,600
Plant care_000061.png,png,yes,800,600
Plant care_000062.png,png,yes,800,600
Plant care_000063.png,png,yes,800,600
Plant care_000064.png,png,yes,800,600
Plant care_000065.png,png,yes,800,600
Plant care_000067.png,png,yes,800,600
Plant care_000068.png,png,yes,800,600
Plant care_000069.png,png,yes,800,600
Plant care_000070.png,png,yes,800,600
Plant care_000072.png,png,yes,800,600
Plant care_000073.png,png,yes,800,600
Plant care_000074.png,png,yes,800,600
Plant care_000075.png,png,yes,800,600
Plant care_000076.png,png,yes,800,600
Plant-based recipes_000001.png,png,yes,800,600
Plant-based recipes_000002.png,png,yes,800,600
Plant-based recipes_000004.png,png,yes,800,600
Plant-based recipes_000005.png,png,yes,800,600
Plant-based recipes_000006.png,png,yes,800,600
Plant-based recipes_000007.png,png,yes,800,600
Plant-based recipes_000008.png,png,yes,800,600
Plant-based recipes_000011.png,png,yes,800,600
Plant-based recipes_000012.png,png,yes,800,600
Plant-based recipes_000013.png,png,yes,800,600
Plant-based recipes_000014.png,png,yes,800,600
Plant-based recipes_000015.png,png,yes,800,600
Plant-based recipes_000019.png,png,yes,800,600
Plant-based recipes_000020.png,png,yes,800,600
Plant-based recipes_000022.png,png,yes,800,600
Plant-based recipes_000023.png,png,yes,800,600
Plant-based recipes_000024.png,png,yes,800,600
Plant-based recipes_000026.png,png,yes,800,600
Plant-based recipes_000028.png,png,yes,800,600
Plant-based recipes_000029.png,png,yes,800,600
Plant-based recipes_000030.png,png,yes,800,600
Plant-based recipes_000031.png,png,yes,800,600
Plant-based recipes_000033.png,png,yes,800,600
Plant-based recipes_000034.png,png,yes,800,600
Podcasts_000001.png,png,yes,800,600
Podcasts_000002.png,png,yes,800,600
Podcasts_000003.png,png,yes,800,600
Podcasts_000005.png,png,yes,800,600
Podcasts_000006.png,png,yes,800,600
Podcasts_000008.png,png,yes,800,600
Podcasts_000009.png,png,yes,800,600
Podcasts_000012.png,png,yes,800,600
Podcasts_000013.png,png,yes,800,600
Podcasts_000014.png,png,yes,800,600
Pop music_000001.png,png,yes,800,600
Pop music_000005.png,png,yes,800,600
Pop music_000006.png,png,yes,800,600
Pop music_000007.png,png,yes,800,600
Pop music_000008.png,png,yes,800,600
Portrait photography_000001.png,png,yes,800,600
Portraits_000002.png,png,yes,800,600
Portraits_000003.png,png,yes,800,600
Portraits_000004.png,png,yes,800,600
Portraits_000005.png,png,yes,800,600
Portraits_000007.png,png,yes,800,600
Portraits_000009.png,png,yes,800,600
Portraits_000010.png,png,yes,800,600
Portraits_000011.png,png,yes,800,600
Portraits_000012.png,png,yes,800,600
Portraits_000015.png,png,yes,800,600
Portraits_000016.png,png,yes,800,600
Portraits_000017.png,png,yes,800,600
Portraits_000018.png,png,yes,800,600
Portraits_000019.png,png,yes,800,600
Portraits_000020.png,png,yes,800,600
Portraits_000021.png,png,yes,800,600
Portraits_000022.png,png,yes,800,600
Portraits_000023.png,png,yes,800,600
Portraits_000024.png,png,yes,800,600
Portraits_000025.png,png,yes,800,600
Portraits_000027.png,png,yes,800,600
Portraits_000028.png,png,yes,800,600
Portraits_000030.png,png,yes,800,600
Portraits_000033.png,png,yes,800,600
Portraits_000034.png,png,yes,800,600
Productivity hacks_000001.png,png,yes,800,600
Productivity hacks_000002.png,png,yes,800,600
Productivity hacks_000004.png,png,yes,800,600
Productivity hacks_000005.png,png,yes,800,600
Productivity hacks_000007.png,png,yes,800,600
Productivity hacks_000008.png,png,yes,800,600
Productivity hacks_000009.png,png,yes,800,600
Productivity hacks_000011.png,png,yes,800,600
Productivity hacks_000013.png,png,yes,800,600
Productivity hacks_000015.png,png,yes,800,600
Productivity hacks_000018.png,png,yes,800,600
Productivity hacks_000019.png,png,yes,800,600
Productivity hacks_000020.png,png,yes,800,600
Productivity hacks_000021.png,png,yes,800,600
Productivity hacks_000022.png,png,yes,800,600
Productivity hacks_000023.png,png,yes,800,600
Puzzles_000001.png,png,yes,800,600
Puzzles_000002.png,png,yes,800,600
Puzzles_000003.png,png,yes,800,600
Puzzles_000004.png,png,yes,800,600
Puzzles_000005.png,png,yes,800,600
Puzzles_000006.png,png,yes,800,600
Puzzles_000008.png,png,yes,800,600
Puzzles_000009.png,png,yes,800,600
Puzzles_000011.png,png,yes,800,600
Puzzles_000012.png,png,yes,800,600
Puzzles_000013.png,png,yes,800,600
Puzzles_000014.png,png,yes,800,600
Puzzles_000015.png,png,yes,800,600
Puzzles_000016.png,png,yes,800,600
Puzzles_000017.png,png,yes,800,600
Puzzles_000019.png,png,yes,800,600
Puzzles_000020.png,png,yes,800,600
Puzzles_000021.png,png,yes,800,600
Puzzles_000023.png,png,yes,800,600
Puzzles_000024.png,png,yes,800,600
Puzzles_000025.png,png,yes,800,600
Puzzles_000028.png,png,yes,800,600
Puzzles_000029.png,png,yes,800,600
Puzzles_000031.png,png,yes,800,600
Raccoons_000002.png,png,yes,800,600
Raccoons_000003.png,png,yes,800,600
Raccoons_000004.png,png,yes,800,600
Raccoons_000007.png,png,yes,800,600
Raccoons_000008.png,png,yes,800,600
Raccoons_000009.png,png,yes,800,600
Raccoons_000010.png,png,yes,800,600
Raccoons_000011.png,png,yes,800,600
Raccoons_000012.png,png,yes,800,600
Raccoons_000014.png,png,yes,800,600
Raccoons_000015.png,png,yes,800,600
Raccoons_000016.png,png,yes,800,600
Raccoons_000017.png,png,yes,800,600
Raccoons_000018.png,png,yes,800,600
Raccoons_000020.png,png,yes,800,600
Raccoons_000021.png,png,yes,800,600
Raccoons_000022.png,png,yes,800,600
Raccoons_000024.png,png,yes,800,600
Raccoons_000025.png,png,yes,800,600
Raccoons_000027.png,png,yes,800,600
Raccoons_000030.png,png,yes,800,600
Raccoons_000031.png,png,yes,800,600
Raccoons_000032.png,png,yes,800,600
Raccoons_000033.png,png,yes,800,600
Raccoons_000035.png,png,yes,800,600
Rainforest_000001.png,png,yes,800,600
Rainforest_000006.png,png,yes,800,600
Rainforest_000007.png,png,yes,800,600
Rainforest_000008.png,png,yes,800,600
Rainforest_000009.png,png,yes,800,600
Rainforest_000011.png,png,yes,800,600
Rainforest_000012.png,png,yes,800,600
Rainforest_000013.png,png,yes,800,600
Rainforest_000014.png,png,yes,800,600
Rainforest_000015.png,png,yes,800,600
Rainforest_000016.png,png,yes,800,600
Rainforest_000017.png,png,yes,800,600
Rainforest_000019.png,png,yes,800,600
Rainforest_000021.png,png,yes,800,600
Rainforest_000022.png,png,yes,800,600
Rainforest_000023.png,png,yes,800,600
Recipe ideas_000001.png,png,yes,800,600
Recipe ideas_000002.png,png,yes,800,600
Recipe ideas_000004.png,png,yes,800,600
Recipe ideas_000005.png,png,yes,800,600
Recipe ideas_000006.png,png,yes,800,600
Recipe ideas_000007.png,png,yes,800,600
Recipe ideas_000008.png,png,yes,800,600
Recipe ideas_000009.png,png,yes,800,600
Recipe ideas_000011.png,png,yes,800,600
Recipe ideas_000013.png,png,yes,800,600
Recipe ideas_000014.png,png,yes,800,600
Recipe ideas_000016.png,png,yes,800,600
Recipe ideas_000018.png,png,yes,800,600
Recipe ideas_000020.png,png,yes,800,600
Recipe ideas_000021.png,png,yes,800,600
Religious sites_000001.png,png,yes,800,600
Religious sites_000002.png,png,yes,800,600
Religious sites_000004.png,png,yes,800,600
Religious sites_000007.png,png,yes,800,600
Religious sites_000008.png,png,yes,800,600
Religious sites_000009.png,png,yes,800,600
Religious sites_000011.png,png,yes,800,600
Religious sites_000012.png,png,yes,800,600
Religious sites_000013.png,png,yes,800,600
Renewable energy_000001.png,png,yes,800,600
Renewable energy_000003.png,png,yes,800,600
Renewable energy_000004.png,png,yes,800,600
Renewable energy_000005.png,png,yes,800,600
Renewable energy_000006.png,png,yes,800,600
Renewable energy_000007.png,png,yes,800,600
Renewable energy_000008.png,png,yes,800,600
Renewable energy_000009.png,png,yes,800,600
Renewable energy_000012.png,png,yes,800,600
Renewable energy_000014.png,png,yes,800,600
Renewable energy_000015.png,png,yes,800,600
Renewable energy_000016.png,png,yes,800,600
Renewable energy_000017.png,png,yes,800,600
Renovation projects_000003.png,png,yes,800,600
Renovation projects_000004.png,png,yes,800,600
Renovation projects_000005.png,png,yes,800,600
Renovation projects_000006.png,png,yes,800,600
Renovation projects_000007.png,png,yes,800,600
Renovation projects_000009.png,png,yes,800,600
Renovation projects_000010.png,png,yes,800,600
Renovation projects_000011.png,png,yes,800,600
Renovation projects_000014.png,png,yes,800,600
Renovation projects_000016.png,png,yes,800,600
Renovation projects_000017.png,png,yes,800,600
Renovation projects_000018.png,png,yes,800,600
Renovation projects_000019.png,png,yes,800,600
Renovation projects_000021.png,png,yes,800,600
Renovation projects_000022.png,png,yes,800,600
Renovation projects_000024.png,png,yes,800,600
Renovation projects_000025.png,png,yes,800,600
Renovation projects_000026.png,png,yes,800,600
Renovation projects_000027.png,png,yes,800,600
Renovation projects_000029.png,png,yes,800,600
Renovation projects_000030.png,png,yes,800,600
Renovation projects_000032.png,png,yes,800,600
Renovation projects_000033.png,png,yes,800,600
Reptiles_000001.png,png,yes,800,600
Reptiles_000002.png,png,yes,800,600
Reptiles_000003.png,png,yes,800,600
Reptiles_000004.png,png,yes,800,600
Reptiles_000005.png,png,yes,800,600
Reptiles_000006.png,png,yes,800,600
Reptiles_000007.png,png,yes,800,600
Reptiles_000008.png,png,yes,800,600
Reptiles_000010.png,png,yes,800,600
Reptiles_000011.png,png,yes,800,600
Reptiles_000012.png,png,yes,800,600
Reptiles_000013.png,png,yes,800,600
Reptiles_000014.png,png,yes,800,600
Reptiles_000015.png,png,yes,800,600
Reptiles_000016.png,png,yes,800,600
Reptiles_000017.png,png,yes,800,600
Reptiles_000018.png,png,yes,800,600
Reptiles_000019.png,png,yes,800,600
Reptiles_000022.png,png,yes,800,600
Reptiles_000023.png,png,yes,800,600
Reptiles_000024.png,png,yes,800,600
Reptiles_000025.png,png,yes,800,600
Reptiles_000026.png,png,yes,800,600
Reptiles_000028.png,png,yes,800,600
Reptiles_000031.png,png,yes,800,600
retreats_000001.png,png,yes,800,600
retreats_000002.png,png,yes,800,600
retreats_000003.png,png,yes,800,600
retreats_000004.png,png,yes,800,600
retreats_000005.png,png,yes,800,600
retreats_000006.png,png,yes,800,600
retreats_000008.png,png,yes,800,600
retreats_000011.png,png,yes,800,600
retreats_000012.png,png,yes,800,600
retreats_000013.png,png,yes,800,600
retreats_000014.png,png,yes,800,600
retreats_000015.png,png,yes,800,600
retreats_000016.png,png,yes,800,600
retreats_000019.png,png,yes,800,600
retreats_000022.png,png,yes,800,600
retreats_000023.png,png,yes,800,600
retreats_000024.png,png,yes,800,600
retreats_000025.png,png,yes,800,600
retreats_000027.png,png,yes,800,600
retreats_000028.png,png,yes,800,600
retreats_000029.png,png,yes,800,600
retreats_000030.png,png,yes,800,600
retreats_000032.png,png,yes,800,600
retreats_000033.png,png,yes,800,600
retreats_000034.png,png,yes,800,600
retreats_000035.png,png,yes,800,600
retreats_000037.png,png,yes,800,600
retreats_000038.png,png,yes,800,600
retreats_000040.png,png,yes,800,600
retreats_000041.png,png,yes,800,600
retreats_000042.png,png,yes,800,600
retreats_000043.png,png,yes,800,600
retreats_000045.png,png,yes,800,600
retreats_000047.png,png,yes,800,600
retreats_000048.png,png,yes,800,600
retreats_000049.png,png,yes,800,600
retreats_000050.png,png,yes,800,600
retreats_000051.png,png,yes,800,600
retreats_000054.png,png,yes,800,600
retreats_000055.png,png,yes,800,600
Retro_000001.png,png,yes,800,600
Retro_000005.png,png,yes,800,600
Retro_000006.png,png,yes,800,600
Retro_000007.png,png,yes,800,600
Retro_000009.png,png,yes,800,600
Retro_000010.png,png,yes,800,600
Retro_000011.png,png,yes,800,600
Retro_000012.png,png,yes,800,600
Retro_000014.png,png,yes,800,600
Retro_000016.png,png,yes,800,600
Retro_000018.png,png,yes,800,600
Retro_000019.png,png,yes,800,600
Retro_000020.png,png,yes,800,600
Retro_000022.png,png,yes,800,600
Retro_000023.png,png,yes,800,600
Retro_000024.png,png,yes,800,600
Rivers_000001.png,png,yes,800,600
Rivers_000003.png,png,yes,800,600
Rivers_000004.png,png,yes,800,600
Rivers_000005.png,png,yes,800,600
Rivers_000006.png,png,yes,800,600
Rivers_000007.png,png,yes,800,600
Rivers_000009.png,png,yes,800,600
Rivers_000011.png,png,yes,800,600
Rivers_000012.png,png,yes,800,600
Rivers_000013.png,png,yes,800,600
Rivers_000015.png,png,yes,800,600
Rivers_000016.png,png,yes,800,600
Rivers_000018.png,png,yes,800,600
Rivers_000020.png,png,yes,800,600
Rivers_000021.png,png,yes,800,600
Rivers_000023.png,png,yes,800,600
Rivers_000026.png,png,yes,800,600
Rivers_000027.png,png,yes,800,600
Road trips_000001.png,png,yes,800,600
Road trips_000002.png,png,yes,800,600
Road trips_000003.png,png,yes,800,600
Road trips_000004.png,png,yes,800,600
Road trips_000005.png,png,yes,800,600
Road trips_000007.png,png,yes,800,600
Road trips_000008.png,png,yes,800,600
Road trips_000009.png,png,yes,800,600
Road trips_000010.png,png,yes,800,600
Road trips_000011.png,png,yes,800,600
Road trips_000012.png,png,yes,800,600
Road trips_000013.png,png,yes,800,600
Road trips_000014.png,png,yes,800,600
Road trips_000015.png,png,yes,800,600
Road trips_000016.png,png,yes,800,600
Road trips_000017.png,png,yes,800,600
Road trips_000018.png,png,yes,800,600
Road trips_000020.png,png,yes,800,600
Road trips_000022.png,png,yes,800,600
Road trips_000023.png,png,yes,800,600
Road trips_000024.png,png,yes,800,600
Road trips_000025.png,png,yes,800,600
Road trips_000026.png,png,yes,800,600
Robots_000001.png,png,yes,800,600
Robots_000002.png,png,yes,800,600
Robots_000004.png,png,yes,800,600
Robots_000005.png,png,yes,800,600
Robots_000008.png,png,yes,800,600
Robots_000009.png,png,yes,800,600
Robots_000010.png,png,yes,800,600
Robots_000012.png,png,yes,800,600
Robots_000013.png,png,yes,800,600
Robots_000014.png,png,yes,800,600
Robots_000017.png,png,yes,800,600
Robots_000018.png,png,yes,800,600
Robots_000019.png,png,yes,800,600
Robots_000021.png,png,yes,800,600
Robots_000022.png,png,yes,800,600
Robots_000024.png,png,yes,800,600
Robots_000025.png,png,yes,800,600
Rock concerts_000001.png,png,yes,800,600
Rock concerts_000003.png,png,yes,800,600
Rock concerts_000005.png,png,yes,800,600
Rock concerts_000006.png,png,yes,800,600
Rock concerts_000007.png,png,yes,800,600
Rock concerts_000008.png,png,yes,800,600
Rock concerts_000009.png,png,yes,800,600
Rock concerts_000011.png,png,yes,800,600
Rock concerts_000012.png,png,yes,800,600
Rock concerts_000013.png,png,yes,800,600
Rock concerts_000014.png,png,yes,800,600
Rock concerts_000015.png,png,yes,800,600
Rocky mountains_000001.png,png,yes,800,600
Rocky mountains_000002.png,png,yes,800,600
Rocky mountains_000004.png,png,yes,800,600
Rocky mountains_000005.png,png,yes,800,600
Rocky mountains_000006.png,png,yes,800,600
Rocky mountains_000007.png,png,yes,800,600
Rocky mountains_000008.png,png,yes,800,600
Rocky mountains_000009.png,png,yes,800,600
Rocky mountains_000011.png,png,yes,800,600
Rocky mountains_000014.png,png,yes,800,600
Rocky mountains_000016.png,png,yes,800,600
Rocky mountains_000017.png,png,yes,800,600
Rocky mountains_000019.png,png,yes,800,600
Rocky mountains_000020.png,png,yes,800,600
Rocky mountains_000021.png,png,yes,800,600
Rocky mountains_000022.png,png,yes,800,600
Rocky mountains_000023.png,png,yes,800,600
Running_000001.png,png,yes,800,600
Running_000002.png,png,yes,800,600
Running_000003.png,png,yes,800,600
Running_000004.png,png,yes,800,600
Running_000006.png,png,yes,800,600
Running_000008.png,png,yes,800,600
Running_000009.png,png,yes,800,600
Running_000010.png,png,yes,800,600
Running_000012.png,png,yes,800,600
Running_000013.png,png,yes,800,600
Running_000015.png,png,yes,800,600
Running_000017.png,png,yes,800,600
Running_000019.png,png,yes,800,600
Running_000020.png,png,yes,800,600
Running_000023.png,png,yes,800,600
Running_000025.png,png,yes,800,600
Running_000026.png,png,yes,800,600
Running_000027.png,png,yes,800,600
Running_000029.png,png,yes,800,600
Running_000030.png,png,yes,800,600
Running_000032.png,png,yes,800,600
Running_000033.png,png,yes,800,600
Running_000034.png,png,yes,800,600
Running_000035.png,png,yes,800,600
Runway shows_000001.png,png,yes,800,600
Runway shows_000002.png,png,yes,800,600
Runway shows_000003.png,png,yes,800,600
Runway shows_000005.png,png,yes,800,600
Runway shows_000006.png,png,yes,800,600
Runway shows_000007.png,png,yes,800,600
Runway shows_000008.png,png,yes,800,600
Runway shows_000009.png,png,yes,800,600
Rural landscapes_000001.png,png,yes,800,600
Rural landscapes_000002.png,png,yes,800,600
Rural landscapes_000003.png,png,yes,800,600
Rural landscapes_000005.png,png,yes,800,600
Rural landscapes_000008.png,png,yes,800,600
Rural landscapes_000009.png,png,yes,800,600
Rural landscapes_000010.png,png,yes,800,600
Rural landscapes_000011.png,png,yes,800,600
Rural landscapes_000013.png,png,yes,800,600
Rural landscapes_000015.png,png,yes,800,600
Rural landscapes_000016.png,png,yes,800,600
Rural landscapes_000017.png,png,yes,800,600
Rural landscapes_000018.png,png,yes,800,600
Rural landscapes_000020.png,png,yes,800,600
Rural landscapes_000021.png,png,yes,800,600
Rural landscapes_000022.png,png,yes,800,600
Rural landscapes_000023.png,png,yes,800,600
Rural landscapes_000024.png,png,yes,800,600
Rural landscapes_000025.png,png,yes,800,600
Rural landscapes_000026.png,png,yes,800,600
Rural landscapes_000027.png,png,yes,800,600
Rural landscapes_000028.png,png,yes,800,600
Rural landscapes_000030.png,png,yes,800,600
Rural landscapes_000031.png,png,yes,800,600
Rural landscapes_000032.png,png,yes,800,600
Rural landscapes_000033.png,png,yes,800,600
Rural landscapes_000034.png,png,yes,800,600
Rural landscapes_000035.png,png,yes,800,600
Rural landscapes_000037.png,png,yes,800,600
Rural landscapes_000038.png,png,yes,800,600
Rural landscapes_000039.png,png,yes,800,600
Rural landscapes_000041.png,png,yes,800,600
Rural landscapes_000042.png,png,yes,800,600
Rural landscapes_000043.png,png,yes,800,600
Rural landscapes_000044.png,png,yes,800,600
Rural landscapes_000045.png,png,yes,800,600
Rural landscapes_000046.png,png,yes,800,600
Rural landscapes_000047.png,png,yes,800,600
Rural landscapes_000048.png,png,yes,800,600
Rural landscapes_000049.png,png,yes,800,600
Rural landscapes_000050.png,png,yes,800,600
Rural landscapes_000051.png,png,yes,800,600
Rural landscapes_000052.png,png,yes,800,600
Rural landscapes_000055.png,png,yes,800,600
Rural landscapes_000056.png,png,yes,800,600
Rural landscapes_000057.png,png,yes,800,600
Rural landscapes_000059.png,png,yes,800,600
Rural landscapes_000060.png,png,yes,800,600
Rural landscapes_000061.png,png,yes,800,600
Rural landscapes_000062.png,png,yes,800,600
Rural landscapes_000064.png,png,yes,800,600
Rural landscapes_000065.png,png,yes,800,600
Rural landscapes_000066.png,png,yes,800,600
Rural landscapes_000067.png,png,yes,800,600
Rural landscapes_000068.png,png,yes,800,600
Salads_000001.png,png,yes,800,600
Salads_000004.png,png,yes,800,600
Salads_000005.png,png,yes,800,600
Salads_000006.png,png,yes,800,600
Salads_000007.png,png,yes,800,600
Salads_000011.png,png,yes,800,600
Salads_000013.png,png,yes,800,600
Salads_000015.png,png,yes,800,600
Salads_000016.png,png,yes,800,600
Salads_000018.png,png,yes,800,600
Salads_000019.png,png,yes,800,600
Salads_000021.png,png,yes,800,600
Salads_000022.png,png,yes,800,600
Salads_000024.png,png,yes,800,600
Salads_000029.png,png,yes,800,600
Salads_000030.png,png,yes,800,600
Salads_000032.png,png,yes,800,600
Salads_000033.png,png,yes,800,600
Salads_000034.png,png,yes,800,600
Savannah_000001.png,png,yes,800,600
Savannah_000002.png,png,yes,800,600
Savannah_000003.png,png,yes,800,600
Savannah_000004.png,png,yes,800,600
Savannah_000007.png,png,yes,800,600
Savannah_000008.png,png,yes,800,600
Savannah_000009.png,png,yes,800,600
Savannah_000010.png,png,yes,800,600
Savannah_000011.png,png,yes,800,600
Savannah_000012.png,png,yes,800,600
Scarves_000001.png,png,yes,800,600
Scarves_000003.png,png,yes,800,600
Scarves_000004.png,png,yes,800,600
Scarves_000005.png,png,yes,800,600
Scarves_000006.png,png,yes,800,600
Scarves_000007.png,png,yes,800,600
Scarves_000008.png,png,yes,800,600
Scarves_000009.png,png,yes,800,600
Scarves_000010.png,png,yes,800,600
Scarves_000011.png,png,yes,800,600
Scarves_000013.png,png,yes,800,600
Scarves_000015.png,png,yes,800,600
Scarves_000017.png,png,yes,800,600
Scarves_000018.png,png,yes,800,600
Scarves_000020.png,png,yes,800,600
Scarves_000021.png,png,yes,800,600
Scarves_000022.png,png,yes,800,600
Scarves_000023.png,png,yes,800,600
Scarves_000024.png,png,yes,800,600
Scarves_000025.png,png,yes,800,600
Scarves_000026.png,png,yes,800,600
Scarves_000027.png,png,yes,800,600
Scarves_000029.png,png,yes,800,600
Scarves_000030.png,png,yes,800,600
Scarves_000032.png,png,yes,800,600
Scarves_000033.png,png,yes,800,600
Scarves_000034.png,png,yes,800,600
Scarves_000035.png,png,yes,800,600
Scarves_000036.png,png,yes,800,600
Scarves_000037.png,png,yes,800,600
Scarves_000038.png,png,yes,800,600
Scarves_000040.png,png,yes,800,600
Scarves_000041.png,png,yes,800,600
Scarves_000043.png,png,yes,800,600
Scarves_000045.png,png,yes,800,600
Scarves_000047.png,png,yes,800,600
Scarves_000048.png,png,yes,800,600
Scarves_000049.png,png,yes,800,600
Scarves_000051.png,png,yes,800,600
Scarves_000053.png,png,yes,800,600
Scarves_000054.png,png,yes,800,600
Scarves_000055.png,png,yes,800,600
Scarves_000056.png,png,yes,800,600
Scarves_000058.png,png,yes,800,600
Scarves_000059.png,png,yes,800,600
Scarves_000060.png,png,yes,800,600
Sculptures_000001.png,png,yes,800,600
Sculptures_000002.png,png,yes,800,600
Sculptures_000006.png,png,yes,800,600
Sculptures_000007.png,png,yes,800,600
Sculptures_000008.png,png,yes,800,600
Sculptures_000009.png,png,yes,800,600
Sculptures_000010.png,png,yes,800,600
Sculptures_000011.png,png,yes,800,600
Sculptures_000012.png,png,yes,800,600
Sculptures_000015.png,png,yes,800,600
Sculptures_000016.png,png,yes,800,600
Sculptures_000017.png,png,yes,800,600
Sculptures_000018.png,png,yes,800,600
Sculptures_000019.png,png,yes,800,600
Sculptures_000020.png,png,yes,800,600
Sculptures_000023.png,png,yes,800,600
Sculptures_000025.png,png,yes,800,600
Sculptures_000026.png,png,yes,800,600
Sculptures_000027.png,png,yes,800,600
Sculptures_000028.png,png,yes,800,600
Sculptures_000030.png,png,yes,800,600
Sculptures_000032.png,png,yes,800,600
Sculptures_000033.png,png,yes,800,600
Sculptures_000035.png,png,yes,800,600
Sculptures_000036.png,png,yes,800,600
Sculptures_000037.png,png,yes,800,600
Sculptures_000038.png,png,yes,800,600
Sculptures_000039.png,png,yes,800,600
Sculptures_000041.png,png,yes,800,600
Sculptures_000042.png,png,yes,800,600
Sculptures_000043.png,png,yes,800,600
Sculptures_000044.png,png,yes,800,600
Sculptures_000045.png,png,yes,800,600
Sculptures_000046.png,png,yes,800,600
Sculptures_000047.png,png,yes,800,600
Sculptures_000048.png,png,yes,800,600
Sculptures_000049.png,png,yes,800,600
Sculptures_000050.png,png,yes,800,600
Sculptures_000051.png,png,yes,800,600
Sculptures_000052.png,png,yes,800,600
Sculptures_000053.png,png,yes,800,600
Sculptures_000055.png,png,yes,800,600
Sculptures_000056.png,png,yes,800,600
Sculptures_000057.png,png,yes,800,600
Sculptures_000058.png,png,yes,800,600
Sculptures_000059.png,png,yes,800,600
Sculptures_000061.png,png,yes,800,600
Seafood_000001.png,png,yes,800,600
Seafood_000004.png,png,yes,800,600
Seafood_000005.png,png,yes,800,600
Seafood_000006.png,png,yes,800,600
Seafood_000007.png,png,yes,800,600
Seafood_000008.png,png,yes,800,600
Seafood_000009.png,png,yes,800,600
Seafood_000010.png,png,yes,800,600
Seafood_000012.png,png,yes,800,600
Seafood_000013.png,png,yes,800,600
Seafood_000015.png,png,yes,800,600
Seafood_000016.png,png,yes,800,600
Seafood_000018.png,png,yes,800,600
Seafood_000019.png,png,yes,800,600
Seafood_000020.png,png,yes,800,600
Seafood_000021.png,png,yes,800,600
Seafood_000023.png,png,yes,800,600
Seafood_000024.png,png,yes,800,600
Seafood_000025.png,png,yes,800,600
Seafood_000026.png,png,yes,800,600
Seafood_000027.png,png,yes,800,600
Seasonal changes_000003.png,png,yes,800,600
Seasonal changes_000004.png,png,yes,800,600
Seasonal changes_000005.png,png,yes,800,600
Seasonal changes_000006.png,png,yes,800,600
Seasonal changes_000007.png,png,yes,800,600
Seasonal changes_000009.png,png,yes,800,600
Seasonal changes_000010.png,png,yes,800,600
Seasonal changes_000011.png,png,yes,800,600
Seasonal changes_000014.png,png,yes,800,600
Seasonal changes_000015.png,png,yes,800,600
Seasonal changes_000018.png,png,yes,800,600
Seasonal changes_000019.png,png,yes,800,600
Seasonal changes_000020.png,png,yes,800,600
Seasonal changes_000021.png,png,yes,800,600
Seasonal changes_000023.png,png,yes,800,600
Seasonal changes_000024.png,png,yes,800,600
Seasonal changes_000025.png,png,yes,800,600
Seasonal changes_000026.png,png,yes,800,600
Seasonal changes_000028.png,png,yes,800,600
Seasonal changes_000029.png,png,yes,800,600
Seasonal changes_000030.png,png,yes,800,600
Seasonal gardening_000001.png,png,yes,800,600
Seasonal gardening_000002.png,png,yes,800,600
Seasonal gardening_000003.png,png,yes,800,600
Seasonal gardening_000004.png,png,yes,800,600
Seasonal gardening_000005.png,png,yes,800,600
Seasonal gardening_000006.png,png,yes,800,600
Seasonal gardening_000007.png,png,yes,800,600
Seasonal gardening_000009.png,png,yes,800,600
Seasonal gardening_000010.png,png,yes,800,600
Seasonal gardening_000011.png,png,yes,800,600
Seasonal gardening_000012.png,png,yes,800,600
Seasonal gardening_000014.png,png,yes,800,600
Seasonal gardening_000017.png,png,yes,800,600
Seasonal gardening_000020.png,png,yes,800,600
Seasonal gardening_000022.png,png,yes,800,600
Seasonal gardening_000023.png,png,yes,800,600
Seasonal gardening_000024.png,png,yes,800,600
Seasonal gardening_000025.png,png,yes,800,600
Seasonal gardening_000026.png,png,yes,800,600
Seasonal gardening_000028.png,png,yes,800,600
Seasonal gardening_000029.png,png,yes,800,600
Seasonal gardening_000030.png,png,yes,800,600
Seasonal gardening_000031.png,png,yes,800,600
Seasonal gardening_000032.png,png,yes,800,600
Seasonal gardening_000033.png,png,yes,800,600
Seasonal gardening_000034.png,png,yes,800,600
Seasonal gardening_000037.png,png,yes,800,600
Seasonal gardening_000038.png,png,yes,800,600
Seasonal gardening_000039.png,png,yes,800,600
Seasonal gardening_000041.png,png,yes,800,600
Seasonal gardening_000042.png,png,yes,800,600
Seasonal gardening_000044.png,png,yes,800,600
Seasonal gardening_000045.png,png,yes,800,600
Seasonal gardening_000046.png,png,yes,800,600
Seasonal gardening_000047.png,png,yes,800,600
Seasonal styles_000002.png,png,yes,800,600
Seasonal styles_000003.png,png,yes,800,600
Seasonal styles_000004.png,png,yes,800,600
Seasonal styles_000005.png,png,yes,800,600
Seasonal styles_000007.png,png,yes,800,600
Seasonal styles_000008.png,png,yes,800,600
Seasonal styles_000009.png,png,yes,800,600
Seasonal styles_000010.png,png,yes,800,600
Seasonal styles_000012.png,png,yes,800,600
Seasonal styles_000013.png,png,yes,800,600
Seasonal styles_000014.png,png,yes,800,600
Seasonal styles_000015.png,png,yes,800,600
Seasonal styles_000016.png,png,yes,800,600
Seasonal styles_000017.png,png,yes,800,600
Seasonal styles_000019.png,png,yes,800,600
Seasonal styles_000022.png,png,yes,800,600
Seasonal styles_000025.png,png,yes,800,600
Seasonal styles_000026.png,png,yes,800,600
Seasonal styles_000027.png,png,yes,800,600
Seasonal styles_000028.png,png,yes,800,600
Self-care_000002.png,png,yes,800,600
Self-care_000003.png,png,yes,800,600
Self-care_000004.png,png,yes,800,600
Self-care_000005.png,png,yes,800,600
Self-care_000006.png,png,yes,800,600
Self-care_000007.png,png,yes,800,600
Self-care_000008.png,png,yes,800,600
Self-care_000009.png,png,yes,800,600
Self-care_000011.png,png,yes,800,600
Self-care_000012.png,png,yes,800,600
Self-care_000013.png,png,yes,800,600
Self-care_000014.png,png,yes,800,600
Self-care_000015.png,png,yes,800,600
Self-care_000016.png,png,yes,800,600
Self-care_000017.png,png,yes,800,600
Self-care_000018.png,png,yes,800,600
Self-care_000020.png,png,yes,800,600
Self-care_000023.png,png,yes,800,600
Self-care_000024.png,png,yes,800,600
Self-care_000029.png,png,yes,800,600
SEO techniques_000002.png,png,yes,800,600
SEO techniques_000003.png,png,yes,800,600
SEO techniques_000005.png,png,yes,800,600
SEO techniques_000006.png,png,yes,800,600
SEO techniques_000007.png,png,yes,800,600
SEO techniques_000008.png,png,yes,800,600
SEO techniques_000009.png,png,yes,800,600
SEO techniques_000010.png,png,yes,800,600
SEO techniques_000011.png,png,yes,800,600
SEO techniques_000012.png,png,yes,800,600
SEO techniques_000013.png,png,yes,800,600
SEO techniques_000015.png,png,yes,800,600
SEO techniques_000016.png,png,yes,800,600
SEO techniques_000017.png,png,yes,800,600
SEO techniques_000021.png,png,yes,800,600
SEO techniques_000022.png,png,yes,800,600
SEO techniques_000023.png,png,yes,800,600
SEO techniques_000026.png,png,yes,800,600
SEO techniques_000027.png,png,yes,800,600
SEO techniques_000028.png,png,yes,800,600
SEO techniques_000029.png,png,yes,800,600
SEO techniques_000030.png,png,yes,800,600
SEO techniques_000031.png,png,yes,800,600
SEO techniques_000033.png,png,yes,800,600
SEO techniques_000034.png,png,yes,800,600
SEO techniques_000038.png,png,yes,800,600
SEO techniques_000039.png,png,yes,800,600
SEO techniques_000040.png,png,yes,800,600
Sheep_000001.png,png,yes,800,600
Sheep_000004.png,png,yes,800,600
Sheep_000006.png,png,yes,800,600
Sheep_000007.png,png,yes,800,600
Sheep_000009.png,png,yes,800,600
Sheep_000011.png,png,yes,800,600
Sheep_000013.png,png,yes,800,600
Sheep_000015.png,png,yes,800,600
Sheep_000016.png,png,yes,800,600
Sheep_000017.png,png,yes,800,600
Sheep_000018.png,png,yes,800,600
Sheep_000021.png,png,yes,800,600
Sheep_000022.png,png,yes,800,600
Sheep_000023.png,png,yes,800,600
Sheep_000025.png,png,yes,800,600
Sheep_000026.png,png,yes,800,600
Skiing_000003.png,png,yes,800,600
Skiing_000004.png,png,yes,800,600
Skiing_000007.png,png,yes,800,600
Skiing_000008.png,png,yes,800,600
Skiing_000009.png,png,yes,800,600
Skiing_000010.png,png,yes,800,600
Skiing_000011.png,png,yes,800,600
Skiing_000013.png,png,yes,800,600
Skiing_000014.png,png,yes,800,600
Skiing_000016.png,png,yes,800,600
Skiing_000017.png,png,yes,800,600
Skiing_000018.png,png,yes,800,600
Skiing_000019.png,png,yes,800,600
Skiing_000020.png,png,yes,800,600
Skiing_000021.png,png,yes,800,600
Skiing_000022.png,png,yes,800,600
Skiing_000023.png,png,yes,800,600
Skiing_000026.png,png,yes,800,600
Skiing_000027.png,png,yes,800,600
Skiing_000028.png,png,yes,800,600
Skiing_000030.png,png,yes,800,600
Skiing_000031.png,png,yes,800,600
Skiing_000032.png,png,yes,800,600
Skiing_000033.png,png,yes,800,600
Skiing_000034.png,png,yes,800,600
Skincare routines_000001.png,png,yes,800,600
Skincare routines_000002.png,png,yes,800,600
Skincare routines_000005.png,png,yes,800,600
Skincare routines_000006.png,png,yes,800,600
Skincare routines_000007.png,png,yes,800,600
Skincare routines_000008.png,png,yes,800,600
Skincare routines_000009.png,png,yes,800,600
Skincare routines_000010.png,png,yes,800,600
Skincare routines_000011.png,png,yes,800,600
Skincare routines_000013.png,png,yes,800,600
Skincare routines_000014.png,png,yes,800,600
Skincare routines_000015.png,png,yes,800,600
Skincare routines_000016.png,png,yes,800,600
Skincare routines_000018.png,png,yes,800,600
Skincare routines_000019.png,png,yes,800,600
Skincare routines_000020.png,png,yes,800,600
Skincare routines_000021.png,png,yes,800,600
Skincare routines_000022.png,png,yes,800,600
Skincare routines_000023.png,png,yes,800,600
Skincare routines_000024.png,png,yes,800,600
Skincare routines_000025.png,png,yes,800,600
Skincare routines_000026.png,png,yes,800,600
Skincare routines_000028.png,png,yes,800,600
Skincare routines_000030.png,png,yes,800,600
Skincare routines_000031.png,png,yes,800,600
Skincare routines_000032.png,png,yes,800,600
Skincare routines_000033.png,png,yes,800,600
Skincare routines_000036.png,png,yes,800,600
Skincare_000002.png,png,yes,800,600
Skincare_000003.png,png,yes,800,600
Skincare_000004.png,png,yes,800,600
Skincare_000005.png,png,yes,800,600
Skincare_000006.png,png,yes,800,600
Skincare_000007.png,png,yes,800,600
Skincare_000010.png,png,yes,800,600
Skincare_000011.png,png,yes,800,600
Skincare_000012.png,png,yes,800,600
Skincare_000013.png,png,yes,800,600
Skincare_000015.png,png,yes,800,600
Skincare_000016.png,png,yes,800,600
Skincare_000017.png,png,yes,800,600
Skincare_000019.png,png,yes,800,600
Skincare_000021.png,png,yes,800,600
Skincare_000023.png,png,yes,800,600
Skincare_000024.png,png,yes,800,600
Skincare_000027.png,png,yes,800,600
Skincare_000028.png,png,yes,800,600
Skincare_000032.png,png,yes,800,600
Skincare_000034.png,png,yes,800,600
Skincare_000035.png,png,yes,800,600
Skincare_000036.png,png,yes,800,600
Skincare_000039.png,png,yes,800,600
Skincare_000040.png,png,yes,800,600
Skincare_000041.png,png,yes,800,600
Skincare_000043.png,png,yes,800,600
Skincare_000044.png,png,yes,800,600
Skincare_000045.png,png,yes,800,600
Skincare_000046.png,png,yes,800,600
Smart home technology_000001.png,png,yes,800,600
Smart home technology_000002.png,png,yes,800,600
Smart home technology_000004.png,png,yes,800,600
Smart home technology_000005.png,png,yes,800,600
Smart home technology_000007.png,png,yes,800,600
Smart home technology_000008.png,png,yes,800,600
Smart home technology_000009.png,png,yes,800,600
Smart home technology_000010.png,png,yes,800,600
Smart home technology_000012.png,png,yes,800,600
Smart home technology_000013.png,png,yes,800,600
Smart home technology_000015.png,png,yes,800,600
Smart home technology_000016.png,png,yes,800,600
Smart home technology_000017.png,png,yes,800,600
Smart home technology_000018.png,png,yes,800,600
Smart home technology_000019.png,png,yes,800,600
Smart home technology_000020.png,png,yes,800,600
Smart home technology_000021.png,png,yes,800,600
Smart home technology_000022.png,png,yes,800,600
Smart home technology_000023.png,png,yes,800,600
Smart home technology_000025.png,png,yes,800,600
Smart home technology_000026.png,png,yes,800,600
Smart home technology_000027.png,png,yes,800,600
Smart home technology_000028.png,png,yes,800,600
Smart home technology_000029.png,png,yes,800,600
Smart home technology_000030.png,png,yes,800,600
Smart home technology_000031.png,png,yes,800,600
Smartphones_000001.png,png,yes,800,600
Smartwatches_000001.png,png,yes,800,600
Smartwatches_000002.png,png,yes,800,600
Smartwatches_000003.png,png,yes,800,600
Smartwatches_000004.png,png,yes,800,600
Smartwatches_000005.png,png,yes,800,600
Smartwatches_000007.png,png,yes,800,600
Smartwatches_000008.png,png,yes,800,600
Smartwatches_000009.png,png,yes,800,600
Smartwatches_000010.png,png,yes,800,600
Smartwatches_000011.png,png,yes,800,600
Smartwatches_000013.png,png,yes,800,600
Smartwatches_000014.png,png,yes,800,600
Smartwatches_000015.png,png,yes,800,600
Smartwatches_000016.png,png,yes,800,600
Smartwatches_000017.png,png,yes,800,600
Smartwatches_000018.png,png,yes,800,600
Smartwatches_000021.png,png,yes,800,600
Smartwatches_000022.png,png,yes,800,600
Smartwatches_000023.png,png,yes,800,600
Smartwatches_000026.png,png,yes,800,600
Smartwatches_000028.png,png,yes,800,600
Smartwatches_000032.png,png,yes,800,600
Smartwatches_000033.png,png,yes,800,600
Smartwatches_000034.png,png,yes,800,600
Smartwatches_000035.png,png,yes,800,600
Smartwatches_000036.png,png,yes,800,600
Smartwatches_000039.png,png,yes,800,600
Smartwatches_000040.png,png,yes,800,600
Smartwatches_000044.png,png,yes,800,600
Smartwatches_000046.png,png,yes,800,600
Smartwatches_000048.png,png,yes,800,600
Smartwatches_000049.png,png,yes,800,600
Smartwatches_000050.png,png,yes,800,600
Smartwatches_000052.png,png,yes,800,600
Smartwatches_000053.png,png,yes,800,600
Smartwatches_000054.png,png,yes,800,600
Smartwatches_000055.png,png,yes,800,600
Smartwatches_000056.png,png,yes,800,600
Smartwatches_000057.png,png,yes,800,600
Smartwatches_000058.png,png,yes,800,600
Smartwatches_000060.png,png,yes,800,600
Smartwatches_000063.png,png,yes,800,600
Smartwatches_000064.png,png,yes,800,600
Smartwatches_000065.png,png,yes,800,600
Smartwatches_000066.png,png,yes,800,600
Smartwatches_000067.png,png,yes,800,600
Smartwatches_000068.png,png,yes,800,600
Smartwatches_000069.png,png,yes,800,600
Smartwatches_000071.png,png,yes,800,600
Smartwatches_000072.png,png,yes,800,600
Smartwatches_000073.png,png,yes,800,600
Smartwatches_000074.png,png,yes,800,600
Smartwatches_000075.png,png,yes,800,600
Smartwatches_000076.png,png,yes,800,600
Smartwatches_000077.png,png,yes,800,600
Smartwatches_000078.png,png,yes,800,600
Smartwatches_000079.png,png,yes,800,600
Smartwatches_000082.png,png,yes,800,600
Smoothies_000001.png,png,yes,800,600
Smoothies_000002.png,png,yes,800,600
Smoothies_000003.png,png,yes,800,600
Smoothies_000004.png,png,yes,800,600
Smoothies_000005.png,png,yes,800,600
Smoothies_000006.png,png,yes,800,600
Smoothies_000007.png,png,yes,800,600
Smoothies_000008.png,png,yes,800,600
Smoothies_000010.png,png,yes,800,600
Smoothies_000011.png,png,yes,800,600
Smoothies_000012.png,png,yes,800,600
Smoothies_000013.png,png,yes,800,600
Smoothies_000014.png,png,yes,800,600
Smoothies_000015.png,png,yes,800,600
Smoothies_000017.png,png,yes,800,600
Smoothies_000019.png,png,yes,800,600
Smoothies_000021.png,png,yes,800,600
Smoothies_000024.png,png,yes,800,600
Smoothies_000025.png,png,yes,800,600
Smoothies_000026.png,png,yes,800,600
Smoothies_000027.png,png,yes,800,600
Smoothies_000028.png,png,yes,800,600
Smoothies_000029.png,png,yes,800,600
Snacks_000001.png,png,yes,800,600
Snacks_000002.png,png,yes,800,600
Snacks_000003.png,png,yes,800,600
Snacks_000004.png,png,yes,800,600
Snacks_000006.png,png,yes,800,600
Snacks_000007.png,png,yes,800,600
Snacks_000008.png,png,yes,800,600
Snacks_000011.png,png,yes,800,600
Snacks_000012.png,png,yes,800,600
Snacks_000013.png,png,yes,800,600
Snacks_000014.png,png,yes,800,600
Snacks_000015.png,png,yes,800,600
Snacks_000017.png,png,yes,800,600
Snacks_000019.png,png,yes,800,600
Snacks_000020.png,png,yes,800,600
Snacks_000021.png,png,yes,800,600
Snacks_000022.png,png,yes,800,600
Snacks_000024.png,png,yes,800,600
Snacks_000026.png,png,yes,800,600
Snacks_000027.png,png,yes,800,600
Snacks_000028.png,png,yes,800,600
Snacks_000030.png,png,yes,800,600
Snacks_000031.png,png,yes,800,600
Snacks_000032.png,png,yes,800,600
Snacks_000034.png,png,yes,800,600
Snacks_000036.png,png,yes,800,600
Snacks_000038.png,png,yes,800,600
Snacks_000040.png,png,yes,800,600
Snacks_000041.png,png,yes,800,600
Snacks_000042.png,png,yes,800,600
Snacks_000043.png,png,yes,800,600
Snacks_000044.png,png,yes,800,600
Snacks_000045.png,png,yes,800,600
Snacks_000047.png,png,yes,800,600
Snacks_000048.png,png,yes,800,600
Snacks_000050.png,png,yes,800,600
Snacks_000051.png,png,yes,800,600
Snacks_000052.png,png,yes,800,600
Snacks_000053.png,png,yes,800,600
Snacks_000054.png,png,yes,800,600
Snacks_000056.png,png,yes,800,600
Snacks_000057.png,png,yes,800,600
Snacks_000059.png,png,yes,800,600
Snacks_000060.png,png,yes,800,600
Snakes_000001.png,png,yes,800,600
Snakes_000002.png,png,yes,800,600
Snakes_000003.png,png,yes,800,600
Snakes_000004.png,png,yes,800,600
Snakes_000006.png,png,yes,800,600
Snakes_000009.png,png,yes,800,600
Snakes_000012.png,png,yes,800,600
Snakes_000014.png,png,yes,800,600
Snakes_000015.png,png,yes,800,600
Snakes_000016.png,png,yes,800,600
Snakes_000018.png,png,yes,800,600
Snakes_000021.png,png,yes,800,600
Snakes_000022.png,png,yes,800,600
Snakes_000023.png,png,yes,800,600
Snakes_000024.png,png,yes,800,600
Snakes_000025.png,png,yes,800,600
Snakes_000026.png,png,yes,800,600
Snakes_000027.png,png,yes,800,600
Snakes_000030.png,png,yes,800,600
Snakes_000031.png,png,yes,800,600
Snakes_000032.png,png,yes,800,600
Snowboarding_000003.png,png,yes,800,600
Snowboarding_000004.png,png,yes,800,600
Snowboarding_000005.png,png,yes,800,600
Snowboarding_000006.png,png,yes,800,600
Snowboarding_000007.png,png,yes,800,600
Snowboarding_000008.png,png,yes,800,600
Snowboarding_000009.png,png,yes,800,600
Snowboarding_000010.png,png,yes,800,600
Snowboarding_000011.png,png,yes,800,600
Snowboarding_000012.png,png,yes,800,600
Snowboarding_000013.png,png,yes,800,600
Snowboarding_000015.png,png,yes,800,600
Snowboarding_000017.png,png,yes,800,600
Snowboarding_000019.png,png,yes,800,600
Snowboarding_000020.png,png,yes,800,600
Snowboarding_000021.png,png,yes,800,600
Snowboarding_000022.png,png,yes,800,600
Snowboarding_000024.png,png,yes,800,600
Snowboarding_000025.png,png,yes,800,600
Snowboarding_000026.png,png,yes,800,600
Snowboarding_000028.png,png,yes,800,600
Snowboarding_000029.png,png,yes,800,600
Snowboarding_000030.png,png,yes,800,600
Snowboarding_000031.png,png,yes,800,600
Snowboarding_000032.png,png,yes,800,600
Snowboarding_000033.png,png,yes,800,600
Snowboarding_000037.png,png,yes,800,600
Snowboarding_000038.png,png,yes,800,600
Snowboarding_000040.png,png,yes,800,600
Snowboarding_000041.png,png,yes,800,600
Snowboarding_000043.png,png,yes,800,600
Snowboarding_000044.png,png,yes,800,600
Snow_000001.png,png,yes,800,600
Snow_000003.png,png,yes,800,600
Snow_000005.png,png,yes,800,600
Snow_000006.png,png,yes,800,600
Snow_000010.png,png,yes,800,600
Snow_000011.png,png,yes,800,600
Snow_000013.png,png,yes,800,600
Snow_000014.png,png,yes,800,600
Snow_000015.png,png,yes,800,600
Snow_000018.png,png,yes,800,600
Snow_000019.png,png,yes,800,600
Snow_000020.png,png,yes,800,600
Snow_000021.png,png,yes,800,600
Soccer_000001.png,png,yes,800,600
Soccer_000002.png,png,yes,800,600
Soccer_000003.png,png,yes,800,600
Soccer_000005.png,png,yes,800,600
Soccer_000006.png,png,yes,800,600
Soccer_000007.png,png,yes,800,600
Soccer_000008.png,png,yes,800,600
Soccer_000009.png,png,yes,800,600
Soccer_000010.png,png,yes,800,600
Soccer_000011.png,png,yes,800,600
Soccer_000013.png,png,yes,800,600
Soccer_000014.png,png,yes,800,600
Soccer_000015.png,png,yes,800,600
Soccer_000016.png,png,yes,800,600
Soccer_000017.png,png,yes,800,600
Soccer_000019.png,png,yes,800,600
Soccer_000020.png,png,yes,800,600
Soccer_000021.png,png,yes,800,600
Soccer_000022.png,png,yes,800,600
Soccer_000023.png,png,yes,800,600
Soccer_000024.png,png,yes,800,600
Soccer_000025.png,png,yes,800,600
Soccer_000027.png,png,yes,800,600
Soccer_000028.png,png,yes,800,600
Soccer_000029.png,png,yes,800,600
Soccer_000032.png,png,yes,800,600
Social justice_000001.png,png,yes,800,600
Social justice_000002.png,png,yes,800,600
Social justice_000005.png,png,yes,800,600
Social justice_000007.png,png,yes,800,600
Social justice_000009.png,png,yes,800,600
Social justice_000011.png,png,yes,800,600
Social justice_000012.png,png,yes,800,600
Social justice_000013.png,png,yes,800,600
Social justice_000014.png,png,yes,800,600
Social justice_000015.png,png,yes,800,600
Social justice_000016.png,png,yes,800,600
Social justice_000017.png,png,yes,800,600
Social justice_000018.png,png,yes,800,600
Social justice_000019.png,png,yes,800,600
Social justice_000020.png,png,yes,800,600
Social justice_000021.png,png,yes,800,600
Social justice_000025.png,png,yes,800,600
Social justice_000027.png,png,yes,800,600
Social justice_000028.png,png,yes,800,600
Social media strategies_000001.png,png,yes,800,600
Social media strategies_000002.png,png,yes,800,600
Social media strategies_000003.png,png,yes,800,600
Social media strategies_000004.png,png,yes,800,600
Social media strategies_000005.png,png,yes,800,600
Social media strategies_000007.png,png,yes,800,600
Social media strategies_000009.png,png,yes,800,600
Social media strategies_000010.png,png,yes,800,600
Social media strategies_000012.png,png,yes,800,600
Social media strategies_000013.png,png,yes,800,600
Social media strategies_000015.png,png,yes,800,600
Social media strategies_000016.png,png,yes,800,600
Social media strategies_000017.png,png,yes,800,600
Social media strategies_000018.png,png,yes,800,600
Social media strategies_000019.png,png,yes,800,600
Social media strategies_000020.png,png,yes,800,600
Social media strategies_000022.png,png,yes,800,600
Social media strategies_000024.png,png,yes,800,600
Social media strategies_000025.png,png,yes,800,600
Social media strategies_000027.png,png,yes,800,600
Social media strategies_000028.png,png,yes,800,600
Social media strategies_000029.png,png,yes,800,600
Social media strategies_000031.png,png,yes,800,600
Social media strategies_000033.png,png,yes,800,600
Social media strategies_000035.png,png,yes,800,600
Social media strategies_000036.png,png,yes,800,600
Social media strategies_000037.png,png,yes,800,600
Social media strategies_000038.png,png,yes,800,600
Social media strategies_000039.png,png,yes,800,600
Social media strategies_000040.png,png,yes,800,600
Social media strategies_000041.png,png,yes,800,600
Social media strategies_000042.png,png,yes,800,600
Social media strategies_000043.png,png,yes,800,600
Social media strategies_000044.png,png,yes,800,600
Social media strategies_000045.png,png,yes,800,600
Social media strategies_000048.png,png,yes,800,600
Social media strategies_000049.png,png,yes,800,600
Social media strategies_000052.png,png,yes,800,600
Social media strategies_000053.png,png,yes,800,600
Social media strategies_000054.png,png,yes,800,600
Social media strategies_000055.png,png,yes,800,600
Social media strategies_000056.png,png,yes,800,600
Social media strategies_000058.png,png,yes,800,600
Social media strategies_000059.png,png,yes,800,600
Social media strategies_000060.png,png,yes,800,600
Social media strategies_000061.png,png,yes,800,600
Social media strategies_000062.png,png,yes,800,600
Social media strategies_000063.png,png,yes,800,600
Social media strategies_000064.png,png,yes,800,600
Social media strategies_000065.png,png,yes,800,600
Social media strategies_000066.png,png,yes,800,600
Social media strategies_000067.png,png,yes,800,600
Social media strategies_000069.png,png,yes,800,600
Social media strategies_000070.png,png,yes,800,600
Social media strategies_000071.png,png,yes,800,600
Social media strategies_000074.png,png,yes,800,600
Social media strategies_000075.png,png,yes,800,600
Social media_000001.png,png,yes,800,600
Social media_000002.png,png,yes,800,600
Social media_000003.png,png,yes,800,600
Social media_000004.png,png,yes,800,600
Social media_000005.png,png,yes,800,600
Social media_000006.png,png,yes,800,600
Social media_000007.png,png,yes,800,600
Social media_000008.png,png,yes,800,600
Social media_000009.png,png,yes,800,600
Social media_000010.png,png,yes,800,600
Social media_000012.png,png,yes,800,600
Social media_000013.png,png,yes,800,600
Social media_000014.png,png,yes,800,600
Social media_000016.png,png,yes,800,600
Social media_000017.png,png,yes,800,600
Software tips_000001.png,png,yes,800,600
Software tips_000002.png,png,yes,800,600
Software tips_000003.png,png,yes,800,600
Software tips_000004.png,png,yes,800,600
Software tips_000006.png,png,yes,800,600
Software tips_000007.png,png,yes,800,600
Software tips_000008.png,png,yes,800,600
Software tips_000010.png,png,yes,800,600
Software tips_000011.png,png,yes,800,600
Software tips_000012.png,png,yes,800,600
Software tips_000013.png,png,yes,800,600
Software tips_000014.png,png,yes,800,600
Software tips_000018.png,png,yes,800,600
Software tips_000019.png,png,yes,800,600
Software tips_000020.png,png,yes,800,600
Software tips_000021.png,png,yes,800,600
Software tips_000022.png,png,yes,800,600
Software tips_000023.png,png,yes,800,600
Software tips_000024.png,png,yes,800,600
Software tips_000025.png,png,yes,800,600
Software tips_000026.png,png,yes,800,600
Software tips_000027.png,png,yes,800,600
Software tips_000029.png,png,yes,800,600
Software tips_000032.png,png,yes,800,600
Software tips_000033.png,png,yes,800,600
Software tips_000034.png,png,yes,800,600
Software tips_000035.png,png,yes,800,600
Software tips_000037.png,png,yes,800,600
Software tips_000038.png,png,yes,800,600
Software tips_000039.png,png,yes,800,600
Software tips_000040.png,png,yes,800,600
Software tips_000041.png,png,yes,800,600
Software tips_000043.png,png,yes,800,600
Software tips_000045.png,png,yes,800,600
Software tips_000046.png,png,yes,800,600
Software tips_000049.png,png,yes,800,600
Software tips_000050.png,png,yes,800,600
Software tips_000051.png,png,yes,800,600
Software tips_000052.png,png,yes,800,600
Software tips_000053.png,png,yes,800,600
Software tips_000055.png,png,yes,800,600
Software tips_000056.png,png,yes,800,600
Software tips_000057.png,png,yes,800,600
Software tips_000058.png,png,yes,800,600
Software tips_000059.png,png,yes,800,600
Software tips_000060.png,png,yes,800,600
Software tips_000061.png,png,yes,800,600
Software tips_000063.png,png,yes,800,600
Software_000002.png,png,yes,800,600
Software_000003.png,png,yes,800,600
Software_000005.png,png,yes,800,600
Software_000009.png,png,yes,800,600
Software_000012.png,png,yes,800,600
Software_000013.png,png,yes,800,600
Software_000017.png,png,yes,800,600
Software_000018.png,png,yes,800,600
Software_000020.png,png,yes,800,600
Software_000021.png,png,yes,800,600
Software_000022.png,png,yes,800,600
Software_000023.png,png,yes,800,600
Software_000026.png,png,yes,800,600
Software_000028.png,png,yes,800,600
Software_000030.png,png,yes,800,600
Software_000031.png,png,yes,800,600
Software_000032.png,png,yes,800,600
Software_000034.png,png,yes,800,600
Software_000035.png,png,yes,800,600
Software_000036.png,png,yes,800,600
Software_000038.png,png,yes,800,600
Software_000040.png,png,yes,800,600
Software_000041.png,png,yes,800,600
Songwriting_000002.png,png,yes,800,600
Songwriting_000003.png,png,yes,800,600
Songwriting_000004.png,png,yes,800,600
Songwriting_000005.png,png,yes,800,600
Songwriting_000006.png,png,yes,800,600
Songwriting_000007.png,png,yes,800,600
Songwriting_000008.png,png,yes,800,600
Songwriting_000009.png,png,yes,800,600
Songwriting_000011.png,png,yes,800,600
Songwriting_000012.png,png,yes,800,600
Songwriting_000014.png,png,yes,800,600
Songwriting_000016.png,png,yes,800,600
Songwriting_000018.png,png,yes,800,600
Songwriting_000019.png,png,yes,800,600
Songwriting_000020.png,png,yes,800,600
Songwriting_000021.png,png,yes,800,600
Spices_000002.png,png,yes,800,600
Spices_000004.png,png,yes,800,600
Spices_000006.png,png,yes,800,600
Spices_000007.png,png,yes,800,600
Spices_000008.png,png,yes,800,600
Spices_000009.png,png,yes,800,600
Spices_000010.png,png,yes,800,600
Spices_000011.png,png,yes,800,600
Spices_000013.png,png,yes,800,600
Spices_000015.png,png,yes,800,600
Spices_000016.png,png,yes,800,600
Spices_000017.png,png,yes,800,600
Spices_000018.png,png,yes,800,600
Spices_000021.png,png,yes,800,600
Spices_000022.png,png,yes,800,600
Spices_000023.png,png,yes,800,600
Spices_000024.png,png,yes,800,600
Spices_000025.png,png,yes,800,600
Spices_000026.png,png,yes,800,600
Spices_000027.png,png,yes,800,600
Spices_000028.png,png,yes,800,600
Spiritual places_000001.png,png,yes,800,600
Spiritual places_000002.png,png,yes,800,600
Spiritual places_000003.png,png,yes,800,600
Spiritual places_000004.png,png,yes,800,600
Spiritual places_000005.png,png,yes,800,600
Spiritual places_000006.png,png,yes,800,600
Spiritual places_000007.png,png,yes,800,600
Spiritual places_000009.png,png,yes,800,600
Spiritual places_000011.png,png,yes,800,600
Spiritual places_000012.png,png,yes,800,600
Spiritual places_000015.png,png,yes,800,600
Spiritual places_000016.png,png,yes,800,600
Spiritual places_000017.png,png,yes,800,600
Spiritual places_000020.png,png,yes,800,600
Spiritual places_000021.png,png,yes,800,600
Spiritual places_000022.png,png,yes,800,600
Spiritual places_000024.png,png,yes,800,600
Spiritual places_000026.png,png,yes,800,600
Spiritual places_000027.png,png,yes,800,600
Spiritual places_000029.png,png,yes,800,600
Spiritual places_000030.png,png,yes,800,600
Spiritual places_000031.png,png,yes,800,600
Spiritual places_000032.png,png,yes,800,600
Spiritual places_000033.png,png,yes,800,600
Spiritual places_000034.png,png,yes,800,600
Spiritual places_000036.png,png,yes,800,600
Spiritual places_000037.png,png,yes,800,600
Spiritual places_000038.png,png,yes,800,600
Spiritual places_000039.png,png,yes,800,600
Spiritual places_000043.png,png,yes,800,600
Spiritual places_000044.png,png,yes,800,600
Spiritual places_000047.png,png,yes,800,600
Spiritual places_000049.png,png,yes,800,600
Spiritual places_000050.png,png,yes,800,600
Spiritual places_000051.png,png,yes,800,600
Spiritual places_000052.png,png,yes,800,600
Spiritual places_000053.png,png,yes,800,600
Spiritual places_000054.png,png,yes,800,600
Spiritual places_000055.png,png,yes,800,600
Spiritual places_000056.png,png,yes,800,600
Spiritual places_000058.png,png,yes,800,600
Sportswear_000002.png,png,yes,800,600
Sportswear_000003.png,png,yes,800,600
Sportswear_000006.png,png,yes,800,600
Sportswear_000007.png,png,yes,800,600
Sportswear_000008.png,png,yes,800,600
Sportswear_000011.png,png,yes,800,600
Sportswear_000012.png,png,yes,800,600
Sportswear_000013.png,png,yes,800,600
Sportswear_000016.png,png,yes,800,600
Sportswear_000017.png,png,yes,800,600
Sportswear_000018.png,png,yes,800,600
Sportswear_000019.png,png,yes,800,600
Sportswear_000020.png,png,yes,800,600
Sportswear_000022.png,png,yes,800,600
Sportswear_000023.png,png,yes,800,600
Sportswear_000025.png,png,yes,800,600
Sportswear_000026.png,png,yes,800,600
Sportswear_000027.png,png,yes,800,600
Sportswear_000028.png,png,yes,800,600
Sportswear_000030.png,png,yes,800,600
Sportswear_000031.png,png,yes,800,600
Sportswear_000032.png,png,yes,800,600
Sportswear_000033.png,png,yes,800,600
Sportswear_000034.png,png,yes,800,600
Sportswear_000035.png,png,yes,800,600
Sportswear_000036.png,png,yes,800,600
Sportswear_000038.png,png,yes,800,600
Sportswear_000039.png,png,yes,800,600
Sportswear_000040.png,png,yes,800,600
Sportswear_000042.png,png,yes,800,600
Sportswear_000044.png,png,yes,800,600
Sportswear_000045.png,png,yes,800,600
Sportswear_000046.png,png,yes,800,600
Sportswear_000047.png,png,yes,800,600
Sportswear_000048.png,png,yes,800,600
Sportswear_000050.png,png,yes,800,600
Sportswear_000051.png,png,yes,800,600
Sportswear_000052.png,png,yes,800,600
Sportswear_000053.png,png,yes,800,600
Sportswear_000054.png,png,yes,800,600
Sportswear_000056.png,png,yes,800,600
Sportswear_000057.png,png,yes,800,600
Sportswear_000058.png,png,yes,800,600
Sportswear_000059.png,png,yes,800,600
Sportswear_000063.png,png,yes,800,600
Sportswear_000065.png,png,yes,800,600
Sportswear_000067.png,png,yes,800,600
Sportswear_000068.png,png,yes,800,600
Sportswear_000069.png,png,yes,800,600
Sportswear_000071.png,png,yes,800,600
Sportswear_000072.png,png,yes,800,600
Sportswear_000073.png,png,yes,800,600
Sportswear_000074.png,png,yes,800,600
Sportswear_000075.png,png,yes,800,600
Sportswear_000077.png,png,yes,800,600
Sportswear_000078.png,png,yes,800,600
Sportswear_000079.png,png,yes,800,600
Sportswear_000081.png,png,yes,800,600
Sportswear_000082.png,png,yes,800,600
Sportswear_000083.png,png,yes,800,600
Sportswear_000085.png,png,yes,800,600
Sportswear_000086.png,png,yes,800,600
Sportswear_000087.png,png,yes,800,600
Sportswear_000089.png,png,yes,800,600
Sportswear_000090.png,png,yes,800,600
Sportswear_000092.png,png,yes,800,600
Sportswear_000093.png,png,yes,800,600
Sportswear_000094.png,png,yes,800,600
Sportswear_000095.png,png,yes,800,600
Spring blooms_000001.png,png,yes,800,600
Spring blooms_000002.png,png,yes,800,600
Spring blooms_000004.png,png,yes,800,600
Spring blooms_000005.png,png,yes,800,600
Spring blooms_000006.png,png,yes,800,600
Spring blooms_000007.png,png,yes,800,600
Spring blooms_000009.png,png,yes,800,600
Spring blooms_000011.png,png,yes,800,600
Spring blooms_000013.png,png,yes,800,600
Spring blooms_000014.png,png,yes,800,600
Spring blooms_000016.png,png,yes,800,600
Spring blooms_000017.png,png,yes,800,600
Spring blooms_000018.png,png,yes,800,600
Spring blooms_000021.png,png,yes,800,600
Spring blooms_000024.png,png,yes,800,600
Spring blooms_000025.png,png,yes,800,600
Spring blooms_000026.png,png,yes,800,600
Spring blooms_000027.png,png,yes,800,600
Spring blooms_000029.png,png,yes,800,600
Spring blooms_000030.png,png,yes,800,600
Spring blooms_000031.png,png,yes,800,600
Spring blooms_000032.png,png,yes,800,600
Spring blooms_000033.png,png,yes,800,600
Spring blooms_000034.png,png,yes,800,600
Spring blooms_000035.png,png,yes,800,600
Spring blooms_000036.png,png,yes,800,600
Spring blooms_000037.png,png,yes,800,600
Spring blooms_000038.png,png,yes,800,600
Spring blooms_000039.png,png,yes,800,600
Spring blooms_000040.png,png,yes,800,600
Spring blooms_000041.png,png,yes,800,600
Spring blooms_000043.png,png,yes,800,600
Spring blooms_000044.png,png,yes,800,600
Spring blooms_000045.png,png,yes,800,600
Spring blooms_000046.png,png,yes,800,600
Spring blooms_000047.png,png,yes,800,600
Spring blooms_000048.png,png,yes,800,600
Spring blooms_000049.png,png,yes,800,600
Spring blooms_000050.png,png,yes,800,600
Spring blooms_000051.png,png,yes,800,600
Spring blooms_000052.png,png,yes,800,600
Spring blooms_000053.png,png,yes,800,600
Spring blooms_000054.png,png,yes,800,600
Spring blooms_000055.png,png,yes,800,600
Spring blooms_000056.png,png,yes,800,600
Spring blooms_000057.png,png,yes,800,600
Spring blooms_000058.png,png,yes,800,600
Spring blooms_000059.png,png,yes,800,600
Spring blooms_000060.png,png,yes,800,600
Squirrels_000001.png,png,yes,800,600
Squirrels_000002.png,png,yes,800,600
Squirrels_000004.png,png,yes,800,600
Squirrels_000005.png,png,yes,800,600
Squirrels_000006.png,png,yes,800,600
Squirrels_000007.png,png,yes,800,600
Squirrels_000008.png,png,yes,800,600
Squirrels_000009.png,png,yes,800,600
Squirrels_000010.png,png,yes,800,600
Squirrels_000012.png,png,yes,800,600
Squirrels_000014.png,png,yes,800,600
Squirrels_000015.png,png,yes,800,600
Squirrels_000016.png,png,yes,800,600
Squirrels_000018.png,png,yes,800,600
Squirrels_000019.png,png,yes,800,600
Squirrels_000020.png,png,yes,800,600
Squirrels_000022.png,png,yes,800,600
Squirrels_000023.png,png,yes,800,600
Squirrels_000024.png,png,yes,800,600
Squirrels_000025.png,png,yes,800,600
Squirrels_000026.png,png,yes,800,600
Squirrels_000027.png,png,yes,800,600
Squirrels_000030.png,png,yes,800,600
Squirrels_000031.png,png,yes,800,600
Squirrels_000032.png,png,yes,800,600
Squirrels_000033.png,png,yes,800,600
Squirrels_000034.png,png,yes,800,600
Squirrels_000035.png,png,yes,800,600
Squirrels_000036.png,png,yes,800,600
Stars_000002.png,png,yes,800,600
Stars_000003.png,png,yes,800,600
Stars_000004.png,png,yes,800,600
Stars_000005.png,png,yes,800,600
Stars_000006.png,png,yes,800,600
Stars_000009.png,png,yes,800,600
Stars_000011.png,png,yes,800,600
Stars_000013.png,png,yes,800,600
Stars_000014.png,png,yes,800,600
Stars_000015.png,png,yes,800,600
Stars_000017.png,png,yes,800,600
Stars_000019.png,png,yes,800,600
Stars_000020.png,png,yes,800,600
Stars_000022.png,png,yes,800,600
Stars_000024.png,png,yes,800,600
Stars_000025.png,png,yes,800,600
Stars_000026.png,png,yes,800,600
Stars_000028.png,png,yes,800,600
Startup culture_000001.png,png,yes,800,600
Startup culture_000003.png,png,yes,800,600
Startup culture_000005.png,png,yes,800,600
Startup culture_000006.png,png,yes,800,600
Startup culture_000007.png,png,yes,800,600
Startup culture_000008.png,png,yes,800,600
Startup culture_000009.png,png,yes,800,600
Startup culture_000010.png,png,yes,800,600
Startup culture_000011.png,png,yes,800,600
Startup culture_000012.png,png,yes,800,600
Startup culture_000013.png,png,yes,800,600
Startup culture_000014.png,png,yes,800,600
Startup culture_000017.png,png,yes,800,600
Startup culture_000019.png,png,yes,800,600
Startup culture_000020.png,png,yes,800,600
Startup culture_000021.png,png,yes,800,600
Startup culture_000022.png,png,yes,800,600
Startups_000001.png,png,yes,800,600
Startups_000002.png,png,yes,800,600
Startups_000003.png,png,yes,800,600
Startups_000005.png,png,yes,800,600
Startups_000006.png,png,yes,800,600
Startups_000007.png,png,yes,800,600
Startups_000009.png,png,yes,800,600
Startups_000010.png,png,yes,800,600
Startups_000011.png,png,yes,800,600
Startups_000012.png,png,yes,800,600
Startups_000015.png,png,yes,800,600
Startups_000016.png,png,yes,800,600
Startups_000017.png,png,yes,800,600
Startups_000019.png,png,yes,800,600
Startups_000020.png,png,yes,800,600
Startups_000021.png,png,yes,800,600
Startups_000022.png,png,yes,800,600
Startups_000023.png,png,yes,800,600
Startups_000024.png,png,yes,800,600
Startups_000026.png,png,yes,800,600
Startups_000027.png,png,yes,800,600
Startups_000028.png,png,yes,800,600
Startups_000029.png,png,yes,800,600
Startups_000031.png,png,yes,800,600
Startups_000032.png,png,yes,800,600
Startups_000033.png,png,yes,800,600
Startups_000034.png,png,yes,800,600
Startups_000035.png,png,yes,800,600
Startups_000037.png,png,yes,800,600
Startups_000038.png,png,yes,800,600
Startups_000039.png,png,yes,800,600
Startups_000041.png,png,yes,800,600
Startups_000043.png,png,yes,800,600
Startups_000044.png,png,yes,800,600
Startups_000046.png,png,yes,800,600
Startups_000047.png,png,yes,800,600
Startups_000048.png,png,yes,800,600
Startups_000049.png,png,yes,800,600
Startups_000050.png,png,yes,800,600
Startups_000052.png,png,yes,800,600
Startups_000054.png,png,yes,800,600
Startups_000055.png,png,yes,800,600
Startups_000056.png,png,yes,800,600
Startups_000057.png,png,yes,800,600
Streaming services_000001.png,png,yes,800,600
Streaming services_000002.png,png,yes,800,600
Streaming services_000003.png,png,yes,800,600
Streaming services_000005.png,png,yes,800,600
Streaming services_000006.png,png,yes,800,600
Streaming services_000007.png,png,yes,800,600
Streaming services_000008.png,png,yes,800,600
Streaming services_000009.png,png,yes,800,600
Streaming services_000011.png,png,yes,800,600
Streaming services_000013.png,png,yes,800,600
Streaming services_000014.png,png,yes,800,600
Streaming services_000016.png,png,yes,800,600
Streaming services_000017.png,png,yes,800,600
Streaming services_000018.png,png,yes,800,600
Streaming services_000020.png,png,yes,800,600
Streaming services_000021.png,png,yes,800,600
Streaming services_000022.png,png,yes,800,600
Streaming services_000025.png,png,yes,800,600
Streaming services_000026.png,png,yes,800,600
Streaming services_000027.png,png,yes,800,600
Streaming services_000028.png,png,yes,800,600
Street art festivals_000003.png,png,yes,800,600
Street art festivals_000004.png,png,yes,800,600
Street art festivals_000005.png,png,yes,800,600
Street art festivals_000008.png,png,yes,800,600
Street art festivals_000013.png,png,yes,800,600
Street art festivals_000015.png,png,yes,800,600
Street art festivals_000017.png,png,yes,800,600
Street art festivals_000018.png,png,yes,800,600
Street art festivals_000020.png,png,yes,800,600
Street art festivals_000023.png,png,yes,800,600
Street art festivals_000024.png,png,yes,800,600
Street art festivals_000025.png,png,yes,800,600
Street art festivals_000026.png,png,yes,800,600
Street art festivals_000027.png,png,yes,800,600
Street art festivals_000028.png,png,yes,800,600
Street art festivals_000029.png,png,yes,800,600
Street art festivals_000030.png,png,yes,800,600
Street art festivals_000031.png,png,yes,800,600
Street art_000001.png,png,yes,800,600
Street art_000002.png,png,yes,800,600
Street art_000003.png,png,yes,800,600
Street art_000005.png,png,yes,800,600
Street art_000008.png,png,yes,800,600
Street art_000009.png,png,yes,800,600
Street art_000010.png,png,yes,800,600
Street art_000011.png,png,yes,800,600
Street art_000012.png,png,yes,800,600
Street art_000013.png,png,yes,800,600
Street art_000014.png,png,yes,800,600
Street art_000016.png,png,yes,800,600
Street art_000017.png,png,yes,800,600
Street art_000018.png,png,yes,800,600
Street art_000021.png,png,yes,800,600
Street art_000022.png,png,yes,800,600
Street art_000023.png,png,yes,800,600
Street art_000024.png,png,yes,800,600
Street art_000025.png,png,yes,800,600
Street art_000026.png,png,yes,800,600
Street art_000027.png,png,yes,800,600
Street art_000028.png,png,yes,800,600
Street art_000029.png,png,yes,800,600
Street art_000030.png,png,yes,800,600
Street art_000031.png,png,yes,800,600
Street art_000032.png,png,yes,800,600
Street food_000002.png,png,yes,800,600
Street food_000003.png,png,yes,800,600
Street food_000006.png,png,yes,800,600
Street food_000007.png,png,yes,800,600
Street food_000009.png,png,yes,800,600
Street food_000010.png,png,yes,800,600
Street food_000011.png,png,yes,800,600
Street food_000012.png,png,yes,800,600
Street food_000013.png,png,yes,800,600
Street food_000015.png,png,yes,800,600
Street food_000016.png,png,yes,800,600
Street food_000017.png,png,yes,800,600
Street food_000019.png,png,yes,800,600
Street food_000020.png,png,yes,800,600
Street food_000021.png,png,yes,800,600
Street food_000022.png,png,yes,800,600
Street food_000023.png,png,yes,800,600
Street food_000024.png,png,yes,800,600
Street food_000025.png,png,yes,800,600
Street food_000026.png,png,yes,800,600
Street food_000027.png,png,yes,800,600
Street food_000028.png,png,yes,800,600
Street food_000029.png,png,yes,800,600
Street food_000030.png,png,yes,800,600
Street food_000031.png,png,yes,800,600
Street food_000032.png,png,yes,800,600
Street food_000033.png,png,yes,800,600
Street food_000034.png,png,yes,800,600
Street food_000035.png,png,yes,800,600
Street food_000036.png,png,yes,800,600
Street food_000039.png,png,yes,800,600
Street food_000040.png,png,yes,800,600
Street food_000041.png,png,yes,800,600
Street food_000042.png,png,yes,800,600
Street food_000043.png,png,yes,800,600
Street food_000044.png,png,yes,800,600
Street food_000046.png,png,yes,800,600
Street food_000048.png,png,yes,800,600
Street food_000051.png,png,yes,800,600
Street food_000055.png,png,yes,800,600
Street food_000056.png,png,yes,800,600
Street food_000057.png,png,yes,800,600
Street food_000058.png,png,yes,800,600
Street food_000059.png,png,yes,800,600
Street food_000060.png,png,yes,800,600
Street food_000061.png,png,yes,800,600
Street food_000063.png,png,yes,800,600
Street food_000064.png,png,yes,800,600
Street food_000065.png,png,yes,800,600
Street food_000067.png,png,yes,800,600
Street photography_000001.png,png,yes,800,600
Street photography_000002.png,png,yes,800,600
Street photography_000003.png,png,yes,800,600
Street photography_000004.png,png,yes,800,600
Street photography_000005.png,png,yes,800,600
Street photography_000006.png,png,yes,800,600
Street photography_000007.png,png,yes,800,600
Street photography_000008.png,png,yes,800,600
Street photography_000009.png,png,yes,800,600
Street photography_000010.png,png,yes,800,600
Street photography_000011.png,png,yes,800,600
Street photography_000016.png,png,yes,800,600
Street photography_000017.png,png,yes,800,600
Street photography_000018.png,png,yes,800,600
Street photography_000019.png,png,yes,800,600
Street photography_000020.png,png,yes,800,600
Street photography_000021.png,png,yes,800,600
Street style_000001.png,png,yes,800,600
Street style_000003.png,png,yes,800,600
Street style_000004.png,png,yes,800,600
Street style_000005.png,png,yes,800,600
Street style_000006.png,png,yes,800,600
Street style_000008.png,png,yes,800,600
Street style_000009.png,png,yes,800,600
Street style_000010.png,png,yes,800,600
Street style_000011.png,png,yes,800,600
Street style_000015.png,png,yes,800,600
Street style_000017.png,png,yes,800,600
Street style_000018.png,png,yes,800,600
Street style_000019.png,png,yes,800,600
Street style_000020.png,png,yes,800,600
Street style_000021.png,png,yes,800,600
Street style_000022.png,png,yes,800,600
Street style_000023.png,png,yes,800,600
Street style_000024.png,png,yes,800,600
Street style_000025.png,png,yes,800,600
Studio sessions_000002.png,png,yes,800,600
Studio sessions_000003.png,png,yes,800,600
Studio sessions_000004.png,png,yes,800,600
Studio sessions_000006.png,png,yes,800,600
Studio sessions_000007.png,png,yes,800,600
Studio sessions_000008.png,png,yes,800,600
Studio sessions_000009.png,png,yes,800,600
Studio sessions_000010.png,png,yes,800,600
Studio sessions_000011.png,png,yes,800,600
Studio sessions_000012.png,png,yes,800,600
Studio sessions_000013.png,png,yes,800,600
Studio sessions_000014.png,png,yes,800,600
Studio sessions_000016.png,png,yes,800,600
Studio sessions_000017.png,png,yes,800,600
Studio sessions_000018.png,png,yes,800,600
Style blogs_000001.png,png,yes,800,600
Style guides_000001.png,png,yes,800,600
Style guides_000002.png,png,yes,800,600
Style guides_000003.png,png,yes,800,600
Style guides_000005.png,png,yes,800,600
Style guides_000007.png,png,yes,800,600
Style guides_000008.png,png,yes,800,600
Style guides_000010.png,png,yes,800,600
Style guides_000011.png,png,yes,800,600
Style guides_000015.png,png,yes,800,600
Style guides_000016.png,png,yes,800,600
Style guides_000021.png,png,yes,800,600
Style guides_000022.png,png,yes,800,600
Style guides_000024.png,png,yes,800,600
Style guides_000026.png,png,yes,800,600
Style guides_000027.png,png,yes,800,600
Style guides_000028.png,png,yes,800,600
Style guides_000029.png,png,yes,800,600
Style guides_000030.png,png,yes,800,600
Style guides_000031.png,png,yes,800,600
Style guides_000032.png,png,yes,800,600
Style guides_000034.png,png,yes,800,600
Style guides_000036.png,png,yes,800,600
Style guides_000037.png,png,yes,800,600
Style guides_000038.png,png,yes,800,600
Style guides_000039.png,png,yes,800,600
Style guides_000041.png,png,yes,800,600
Style guides_000042.png,png,yes,800,600
Style guides_000044.png,png,yes,800,600
Style guides_000045.png,png,yes,800,600
Style guides_000046.png,png,yes,800,600
Style guides_000047.png,png,yes,800,600
Style guides_000048.png,png,yes,800,600
Style guides_000049.png,png,yes,800,600
Style guides_000052.png,png,yes,800,600
Success stories_000002.png,png,yes,800,600
Success stories_000003.png,png,yes,800,600
Success stories_000005.png,png,yes,800,600
Success stories_000006.png,png,yes,800,600
Success stories_000008.png,png,yes,800,600
Success stories_000010.png,png,yes,800,600
Success stories_000011.png,png,yes,800,600
Success stories_000012.png,png,yes,800,600
Success stories_000013.png,png,yes,800,600
Success stories_000014.png,png,yes,800,600
Success stories_000015.png,png,yes,800,600
Success stories_000018.png,png,yes,800,600
Success stories_000020.png,png,yes,800,600
Success stories_000021.png,png,yes,800,600
Success stories_000023.png,png,yes,800,600
Success stories_000025.png,png,yes,800,600
Success stories_000026.png,png,yes,800,600
Success stories_000027.png,png,yes,800,600
Success stories_000028.png,png,yes,800,600
Success stories_000029.png,png,yes,800,600
Success stories_000033.png,png,yes,800,600
Success stories_000034.png,png,yes,800,600
Success stories_000035.png,png,yes,800,600
Success stories_000036.png,png,yes,800,600
Success stories_000038.png,png,yes,800,600
Success stories_000040.png,png,yes,800,600
Success stories_000041.png,png,yes,800,600
Success stories_000042.png,png,yes,800,600
Success stories_000044.png,png,yes,800,600
Success stories_000045.png,png,yes,800,600
Success stories_000046.png,png,yes,800,600
Success stories_000047.png,png,yes,800,600
Sunglasses_000001.png,png,yes,800,600
Sunglasses_000002.png,png,yes,800,600
Sunglasses_000003.png,png,yes,800,600
Sunglasses_000004.png,png,yes,800,600
Sunglasses_000006.png,png,yes,800,600
Sunglasses_000010.png,png,yes,800,600
Sunglasses_000011.png,png,yes,800,600
Sunglasses_000012.png,png,yes,800,600
Sunglasses_000013.png,png,yes,800,600
Sunglasses_000014.png,png,yes,800,600
Sunglasses_000015.png,png,yes,800,600
Sunglasses_000016.png,png,yes,800,600
Sunglasses_000017.png,png,yes,800,600
Sunglasses_000018.png,png,yes,800,600
Sunglasses_000019.png,png,yes,800,600
Sunglasses_000021.png,png,yes,800,600
Sunglasses_000022.png,png,yes,800,600
Sunglasses_000023.png,png,yes,800,600
Sunglasses_000025.png,png,yes,800,600
Sunglasses_000026.png,png,yes,800,600
Sunglasses_000027.png,png,yes,800,600
Sunglasses_000029.png,png,yes,800,600
Sunglasses_000030.png,png,yes,800,600
Sunglasses_000031.png,png,yes,800,600
Sunglasses_000032.png,png,yes,800,600
Sunglasses_000033.png,png,yes,800,600
Sunglasses_000034.png,png,yes,800,600
Sunglasses_000035.png,png,yes,800,600
Sunglasses_000036.png,png,yes,800,600
Sunglasses_000037.png,png,yes,800,600
Sunglasses_000038.png,png,yes,800,600
Sunglasses_000039.png,png,yes,800,600
Sunglasses_000040.png,png,yes,800,600
Sunglasses_000041.png,png,yes,800,600
Sunglasses_000042.png,png,yes,800,600
Sunglasses_000044.png,png,yes,800,600
Sunglasses_000045.png,png,yes,800,600
Sunglasses_000046.png,png,yes,800,600
Sunglasses_000049.png,png,yes,800,600
Sunglasses_000050.png,png,yes,800,600
Sunglasses_000051.png,png,yes,800,600
Sunglasses_000053.png,png,yes,800,600
Sunrise_000001.png,png,yes,800,600
Sunrise_000002.png,png,yes,800,600
Sunrise_000003.png,png,yes,800,600
Sunrise_000006.png,png,yes,800,600
Sunrise_000008.png,png,yes,800,600
Sunrise_000010.png,png,yes,800,600
Sunrise_000011.png,png,yes,800,600
Sunrise_000012.png,png,yes,800,600
Sunrise_000013.png,png,yes,800,600
Sunrise_000014.png,png,yes,800,600
Sunrise_000015.png,png,yes,800,600
Sunrise_000016.png,png,yes,800,600
Sunrise_000018.png,png,yes,800,600
Sunrise_000019.png,png,yes,800,600
Sunset_000001.png,png,yes,800,600
Sunset_000002.png,png,yes,800,600
Sunset_000003.png,png,yes,800,600
Sunset_000004.png,png,yes,800,600
Sunset_000005.png,png,yes,800,600
Sunset_000006.png,png,yes,800,600
Sunset_000007.png,png,yes,800,600
Sunset_000008.png,png,yes,800,600
Sunset_000009.png,png,yes,800,600
Sunset_000010.png,png,yes,800,600
Sunset_000012.png,png,yes,800,600
Surfing_000001.png,png,yes,800,600
Sushi_000001.png,png,yes,800,600
Sushi_000002.png,png,yes,800,600
Sushi_000003.png,png,yes,800,600
Sushi_000004.png,png,yes,800,600
Sushi_000005.png,png,yes,800,600
Sushi_000007.png,png,yes,800,600
Sushi_000008.png,png,yes,800,600
Sushi_000009.png,png,yes,800,600
Sushi_000011.png,png,yes,800,600
Sushi_000012.png,png,yes,800,600
Sushi_000013.png,png,yes,800,600
Sushi_000014.png,png,yes,800,600
Sushi_000018.png,png,yes,800,600
Sushi_000019.png,png,yes,800,600
Sushi_000020.png,png,yes,800,600
Sushi_000021.png,png,yes,800,600
Sushi_000022.png,png,yes,800,600
Sushi_000023.png,png,yes,800,600
Sushi_000025.png,png,yes,800,600
Sushi_000026.png,png,yes,800,600
Sushi_000029.png,png,yes,800,600
Sushi_000030.png,png,yes,800,600
Sushi_000031.png,png,yes,800,600
Sushi_000032.png,png,yes,800,600
Sushi_000033.png,png,yes,800,600
Sushi_000034.png,png,yes,800,600
Sustainability_000001.png,png,yes,800,600
Sustainability_000002.png,png,yes,800,600
Sustainability_000003.png,png,yes,800,600
Sustainability_000004.png,png,yes,800,600
Sustainability_000005.png,png,yes,800,600
Sustainability_000006.png,png,yes,800,600
Sustainability_000007.png,png,yes,800,600
Sustainability_000008.png,png,yes,800,600
Sustainability_000010.png,png,yes,800,600
Sustainability_000013.png,png,yes,800,600
Sustainability_000014.png,png,yes,800,600
Sustainability_000016.png,png,yes,800,600
Sustainability_000017.png,png,yes,800,600
Sustainability_000018.png,png,yes,800,600
Sustainability_000019.png,png,yes,800,600
Sustainability_000020.png,png,yes,800,600
Sustainable living_000001.png,png,yes,800,600
Sustainable living_000002.png,png,yes,800,600
Sustainable living_000003.png,png,yes,800,600
Sustainable living_000005.png,png,yes,800,600
Sustainable living_000006.png,png,yes,800,600
Sustainable living_000011.png,png,yes,800,600
Sustainable living_000012.png,png,yes,800,600
Sustainable living_000013.png,png,yes,800,600
Sustainable tourism_000002.png,png,yes,800,600
Sustainable tourism_000003.png,png,yes,800,600
Sustainable tourism_000005.png,png,yes,800,600
Sustainable tourism_000008.png,png,yes,800,600
Sustainable tourism_000010.png,png,yes,800,600
Sustainable tourism_000011.png,png,yes,800,600
Sustainable tourism_000013.png,png,yes,800,600
Sustainable tourism_000015.png,png,yes,800,600
Sustainable tourism_000016.png,png,yes,800,600
Sustainable tourism_000017.png,png,yes,800,600
Sustainable tourism_000018.png,png,yes,800,600
Swimming_000002.png,png,yes,800,600
Swimming_000005.png,png,yes,800,600
Swimming_000006.png,png,yes,800,600
Swimming_000007.png,png,yes,800,600
Swimming_000009.png,png,yes,800,600
Swimming_000010.png,png,yes,800,600
Swimming_000011.png,png,yes,800,600
Swimming_000013.png,png,yes,800,600
Swimming_000018.png,png,yes,800,600
Swimming_000019.png,png,yes,800,600
Swimming_000021.png,png,yes,800,600
Swimming_000022.png,png,yes,800,600
Swimming_000027.png,png,yes,800,600
Swimwear_000001.png,png,yes,800,600
Swimwear_000004.png,png,yes,800,600
Swimwear_000007.png,png,yes,800,600
Swimwear_000008.png,png,yes,800,600
Swimwear_000009.png,png,yes,800,600
Swimwear_000010.png,png,yes,800,600
Swimwear_000011.png,png,yes,800,600
Swimwear_000013.png,png,yes,800,600
Swimwear_000014.png,png,yes,800,600
Swimwear_000016.png,png,yes,800,600
Swimwear_000017.png,png,yes,800,600
Swimwear_000019.png,png,yes,800,600
Swimwear_000020.png,png,yes,800,600
Swimwear_000021.png,png,yes,800,600
Swimwear_000023.png,png,yes,800,600
Swimwear_000024.png,png,yes,800,600
Swimwear_000025.png,png,yes,800,600
Swimwear_000028.png,png,yes,800,600
Swimwear_000029.png,png,yes,800,600
Swimwear_000030.png,png,yes,800,600
Swimwear_000031.png,png,yes,800,600
Swimwear_000032.png,png,yes,800,600
Swimwear_000033.png,png,yes,800,600
Swimwear_000034.png,png,yes,800,600
Swimwear_000035.png,png,yes,800,600
Swimwear_000036.png,png,yes,800,600
Swimwear_000038.png,png,yes,800,600
Swimwear_000039.png,png,yes,800,600
Swimwear_000040.png,png,yes,800,600
Swimwear_000041.png,png,yes,800,600
Swimwear_000042.png,png,yes,800,600
Swimwear_000043.png,png,yes,800,600
Swimwear_000044.png,png,yes,800,600
Swimwear_000045.png,png,yes,800,600
Swimwear_000046.png,png,yes,800,600
Swimwear_000047.png,png,yes,800,600
Swimwear_000048.png,png,yes,800,600
Swimwear_000050.png,png,yes,800,600
Swimwear_000052.png,png,yes,800,600
Swimwear_000053.png,png,yes,800,600
Swimwear_000054.png,png,yes,800,600
Swimwear_000055.png,png,yes,800,600
Swimwear_000057.png,png,yes,800,600
Swimwear_000058.png,png,yes,800,600
Swimwear_000059.png,png,yes,800,600
Swimwear_000060.png,png,yes,800,600
Swimwear_000061.png,png,yes,800,600
Tablets_000003.png,png,yes,800,600
Tablets_000004.png,png,yes,800,600
Tablets_000005.png,png,yes,800,600
Tablets_000006.png,png,yes,800,600
Tablets_000009.png,png,yes,800,600
Tablets_000010.png,png,yes,800,600
Tablets_000011.png,png,yes,800,600
Tablets_000012.png,png,yes,800,600
Tablets_000013.png,png,yes,800,600
Tablets_000014.png,png,yes,800,600
Tablets_000017.png,png,yes,800,600
Tablets_000018.png,png,yes,800,600
Tablets_000021.png,png,yes,800,600
Tablets_000022.png,png,yes,800,600
Tablets_000024.png,png,yes,800,600
Tablets_000025.png,png,yes,800,600
Tablets_000027.png,png,yes,800,600
Tablets_000028.png,png,yes,800,600
Tablets_000029.png,png,yes,800,600
Tablets_000030.png,png,yes,800,600
Tablets_000031.png,png,yes,800,600
Tablets_000032.png,png,yes,800,600
Tablets_000034.png,png,yes,800,600
Tablets_000036.png,png,yes,800,600
Tablets_000037.png,png,yes,800,600
Tablets_000038.png,png,yes,800,600
Tablets_000040.png,png,yes,800,600
Tablets_000041.png,png,yes,800,600
Tablets_000042.png,png,yes,800,600
Tablets_000043.png,png,yes,800,600
Tablets_000044.png,png,yes,800,600
Tablets_000045.png,png,yes,800,600
Tablets_000046.png,png,yes,800,600
Tablets_000047.png,png,yes,800,600
Tablets_000049.png,png,yes,800,600
Tablets_000050.png,png,yes,800,600
Tablets_000051.png,png,yes,800,600
Tablets_000052.png,png,yes,800,600
Tablets_000053.png,png,yes,800,600
Tablets_000054.png,png,yes,800,600
Tablets_000055.png,png,yes,800,600
Tablets_000056.png,png,yes,800,600
Tablets_000057.png,png,yes,800,600
Tablets_000058.png,png,yes,800,600
Tablets_000059.png,png,yes,800,600
Tablets_000060.png,png,yes,800,600
Tablets_000061.png,png,yes,800,600
Tablets_000062.png,png,yes,800,600
Tablets_000063.png,png,yes,800,600
Team building_000001.png,png,yes,800,600
Team building_000002.png,png,yes,800,600
Team building_000003.png,png,yes,800,600
Team building_000004.png,png,yes,800,600
Team building_000005.png,png,yes,800,600
Team building_000006.png,png,yes,800,600
Team building_000007.png,png,yes,800,600
Team building_000008.png,png,yes,800,600
Team building_000010.png,png,yes,800,600
Team building_000011.png,png,yes,800,600
Team building_000012.png,png,yes,800,600
Team building_000014.png,png,yes,800,600
Team building_000017.png,png,yes,800,600
Team building_000019.png,png,yes,800,600
Team building_000021.png,png,yes,800,600
Team building_000022.png,png,yes,800,600
Team building_000023.png,png,yes,800,600
Team building_000024.png,png,yes,800,600
Team building_000026.png,png,yes,800,600
Team building_000027.png,png,yes,800,600
Team building_000028.png,png,yes,800,600
Team building_000029.png,png,yes,800,600
Tea_000001.png,png,yes,800,600
Tea_000002.png,png,yes,800,600
Tea_000003.png,png,yes,800,600
Tea_000004.png,png,yes,800,600
Tea_000005.png,png,yes,800,600
Tea_000006.png,png,yes,800,600
Tea_000007.png,png,yes,800,600
Tea_000008.png,png,yes,800,600
Tea_000009.png,png,yes,800,600
Tea_000012.png,png,yes,800,600
Tea_000013.png,png,yes,800,600
Tea_000017.png,png,yes,800,600
Tea_000018.png,png,yes,800,600
Tea_000019.png,png,yes,800,600
Tea_000020.png,png,yes,800,600
Tea_000022.png,png,yes,800,600
Tea_000023.png,png,yes,800,600
Tea_000024.png,png,yes,800,600
Tech events_000002.png,png,yes,800,600
Tech events_000004.png,png,yes,800,600
Tech events_000005.png,png,yes,800,600
Tech events_000006.png,png,yes,800,600
Tech events_000007.png,png,yes,800,600
Tech events_000008.png,png,yes,800,600
Tech events_000009.png,png,yes,800,600
Tech events_000011.png,png,yes,800,600
Tech events_000012.png,png,yes,800,600
Tech events_000013.png,png,yes,800,600
Tech events_000014.png,png,yes,800,600
Tech events_000015.png,png,yes,800,600
Tech events_000016.png,png,yes,800,600
Tech events_000018.png,png,yes,800,600
Tech events_000019.png,png,yes,800,600
Tech events_000021.png,png,yes,800,600
Tech events_000022.png,png,yes,800,600
Tech events_000023.png,png,yes,800,600
Tech events_000024.png,png,yes,800,600
Tech events_000026.png,png,yes,800,600
Tech events_000027.png,png,yes,800,600
Tech events_000028.png,png,yes,800,600
Tech events_000031.png,png,yes,800,600
Tech events_000032.png,png,yes,800,600
Tech reviews_000001.png,png,yes,800,600
Tech reviews_000003.png,png,yes,800,600
Tech reviews_000004.png,png,yes,800,600
Tech reviews_000006.png,png,yes,800,600
Tech reviews_000007.png,png,yes,800,600
Tech reviews_000008.png,png,yes,800,600
Tech reviews_000009.png,png,yes,800,600
Tech reviews_000010.png,png,yes,800,600
Tech reviews_000012.png,png,yes,800,600
Tech reviews_000013.png,png,yes,800,600
Tech reviews_000014.png,png,yes,800,600
Tech reviews_000015.png,png,yes,800,600
Tech reviews_000016.png,png,yes,800,600
Tech reviews_000017.png,png,yes,800,600
Tech reviews_000018.png,png,yes,800,600
Tech reviews_000020.png,png,yes,800,600
Tech reviews_000021.png,png,yes,800,600
Tech reviews_000023.png,png,yes,800,600
Tech reviews_000024.png,png,yes,800,600
Tech reviews_000025.png,png,yes,800,600
Tech reviews_000026.png,png,yes,800,600
Tech reviews_000027.png,png,yes,800,600
Tech reviews_000031.png,png,yes,800,600
Tech reviews_000032.png,png,yes,800,600
Tech reviews_000033.png,png,yes,800,600
Tech reviews_000034.png,png,yes,800,600
Tech tutorials_000002.png,png,yes,800,600
Tech tutorials_000003.png,png,yes,800,600
Tech tutorials_000004.png,png,yes,800,600
Tech tutorials_000007.png,png,yes,800,600
Tech tutorials_000009.png,png,yes,800,600
Tech tutorials_000011.png,png,yes,800,600
Tech tutorials_000012.png,png,yes,800,600
Tech tutorials_000013.png,png,yes,800,600
Tech tutorials_000014.png,png,yes,800,600
Tech tutorials_000015.png,png,yes,800,600
Temples_000001.png,png,yes,800,600
Temples_000002.png,png,yes,800,600
Temples_000003.png,png,yes,800,600
Temples_000004.png,png,yes,800,600
Temples_000005.png,png,yes,800,600
Temples_000006.png,png,yes,800,600
Temples_000007.png,png,yes,800,600
Temples_000008.png,png,yes,800,600
Temples_000010.png,png,yes,800,600
Temples_000011.png,png,yes,800,600
Temples_000012.png,png,yes,800,600
Temples_000013.png,png,yes,800,600
Temples_000015.png,png,yes,800,600
Temples_000016.png,png,yes,800,600
Temples_000017.png,png,yes,800,600
Temples_000018.png,png,yes,800,600
Temples_000019.png,png,yes,800,600
Temples_000021.png,png,yes,800,600
Temples_000023.png,png,yes,800,600
Temples_000024.png,png,yes,800,600
Temples_000026.png,png,yes,800,600
Temples_000028.png,png,yes,800,600
Temples_000029.png,png,yes,800,600
Temples_000030.png,png,yes,800,600
Temples_000033.png,png,yes,800,600
Temples_000034.png,png,yes,800,600
Temples_000036.png,png,yes,800,600
Temples_000037.png,png,yes,800,600
Temples_000038.png,png,yes,800,600
Temples_000039.png,png,yes,800,600
Temples_000040.png,png,yes,800,600
Temples_000041.png,png,yes,800,600
Temples_000042.png,png,yes,800,600
Temples_000044.png,png,yes,800,600
Temples_000045.png,png,yes,800,600
Temples_000046.png,png,yes,800,600
Tennis_000001.png,png,yes,800,600
Tennis_000002.png,png,yes,800,600
Tennis_000003.png,png,yes,800,600
Tennis_000004.png,png,yes,800,600
Tennis_000005.png,png,yes,800,600
Tennis_000008.png,png,yes,800,600
Tennis_000010.png,png,yes,800,600
Tennis_000011.png,png,yes,800,600
Tennis_000013.png,png,yes,800,600
Tennis_000014.png,png,yes,800,600
Tennis_000016.png,png,yes,800,600
Tennis_000018.png,png,yes,800,600
Tennis_000019.png,png,yes,800,600
Tennis_000020.png,png,yes,800,600
Tennis_000021.png,png,yes,800,600
Tennis_000022.png,png,yes,800,600
Tennis_000023.png,png,yes,800,600
Tennis_000024.png,png,yes,800,600
Tennis_000026.png,png,yes,800,600
Tennis_000029.png,png,yes,800,600
Tennis_000030.png,png,yes,800,600
Textures_000001.png,png,yes,800,600
Textures_000003.png,png,yes,800,600
Textures_000004.png,png,yes,800,600
Textures_000005.png,png,yes,800,600
Textures_000007.png,png,yes,800,600
Textures_000008.png,png,yes,800,600
Textures_000010.png,png,yes,800,600
Textures_000014.png,png,yes,800,600
Textures_000016.png,png,yes,800,600
Textures_000018.png,png,yes,800,600
Textures_000020.png,png,yes,800,600
Textures_000022.png,png,yes,800,600
Textures_000023.png,png,yes,800,600
Textures_000024.png,png,yes,800,600
Textures_000025.png,png,yes,800,600
Textures_000026.png,png,yes,800,600
Textures_000027.png,png,yes,800,600
Textures_000028.png,png,yes,800,600
Textures_000029.png,png,yes,800,600
Textures_000030.png,png,yes,800,600
Textures_000032.png,png,yes,800,600
Textures_000033.png,png,yes,800,600
Textures_000034.png,png,yes,800,600
Textures_000035.png,png,yes,800,600
Textures_000036.png,png,yes,800,600
Theater_000001.png,png,yes,800,600
Theater_000002.png,png,yes,800,600
Theater_000003.png,png,yes,800,600
Theater_000004.png,png,yes,800,600
Theater_000006.png,png,yes,800,600
Theater_000007.png,png,yes,800,600
Theater_000008.png,png,yes,800,600
Theater_000009.png,png,yes,800,600
Theater_000010.png,png,yes,800,600
Theater_000011.png,png,yes,800,600
Theater_000012.png,png,yes,800,600
Theater_000013.png,png,yes,800,600
Theater_000015.png,png,yes,800,600
Theater_000016.png,png,yes,800,600
Theater_000017.png,png,yes,800,600
Theater_000018.png,png,yes,800,600
Theater_000019.png,png,yes,800,600
Theater_000020.png,png,yes,800,600
Theater_000021.png,png,yes,800,600
Thrift stores_000001.png,png,yes,800,600
Thrift stores_000002.png,png,yes,800,600
Thrift stores_000004.png,png,yes,800,600
Thrift stores_000005.png,png,yes,800,600
Thrift stores_000006.png,png,yes,800,600
Thrift stores_000007.png,png,yes,800,600
Thrift stores_000008.png,png,yes,800,600
Thrift stores_000009.png,png,yes,800,600
Thrift stores_000010.png,png,yes,800,600
Thrift stores_000012.png,png,yes,800,600
Thrift stores_000013.png,png,yes,800,600
Thrift stores_000015.png,png,yes,800,600
Thrift stores_000016.png,png,yes,800,600
Thrift stores_000017.png,png,yes,800,600
Thrift stores_000018.png,png,yes,800,600
Thrift stores_000020.png,png,yes,800,600
Thrift stores_000021.png,png,yes,800,600
Thrift stores_000022.png,png,yes,800,600
Thrift stores_000024.png,png,yes,800,600
Thrift stores_000025.png,png,yes,800,600
Thrift stores_000026.png,png,yes,800,600
Thrift stores_000028.png,png,yes,800,600
Tigers_000001.png,png,yes,800,600
Tigers_000002.png,png,yes,800,600
Tigers_000003.png,png,yes,800,600
Tigers_000004.png,png,yes,800,600
Tigers_000006.png,png,yes,800,600
Tigers_000007.png,png,yes,800,600
Tigers_000008.png,png,yes,800,600
Tigers_000010.png,png,yes,800,600
Tigers_000012.png,png,yes,800,600
Tigers_000013.png,png,yes,800,600
Tigers_000014.png,png,yes,800,600
Tigers_000015.png,png,yes,800,600
Tigers_000016.png,png,yes,800,600
Tigers_000017.png,png,yes,800,600
Tigers_000018.png,png,yes,800,600
Tigers_000019.png,png,yes,800,600
Tigers_000020.png,png,yes,800,600
Tigers_000021.png,png,yes,800,600
Tigers_000022.png,png,yes,800,600
Tigers_000023.png,png,yes,800,600
Tigers_000024.png,png,yes,800,600
Tigers_000026.png,png,yes,800,600
Tigers_000027.png,png,yes,800,600
Tigers_000028.png,png,yes,800,600
Tigers_000031.png,png,yes,800,600
Time-lapse_000001.png,png,yes,800,600
Time-lapse_000002.png,png,yes,800,600
Time-lapse_000003.png,png,yes,800,600
Time-lapse_000004.png,png,yes,800,600
Time-lapse_000005.png,png,yes,800,600
Time-lapse_000006.png,png,yes,800,600
Time-lapse_000009.png,png,yes,800,600
Time-lapse_000010.png,png,yes,800,600
Time-lapse_000013.png,png,yes,800,600
Time-lapse_000014.png,png,yes,800,600
Time-lapse_000018.png,png,yes,800,600
Time-lapse_000019.png,png,yes,800,600
Time-lapse_000020.png,png,yes,800,600
Time-lapse_000023.png,png,yes,800,600
Time-lapse_000024.png,png,yes,800,600
Time-lapse_000025.png,png,yes,800,600
Time-lapse_000026.png,png,yes,800,600
Time-lapse_000027.png,png,yes,800,600
Time-lapse_000031.png,png,yes,800,600
Time-lapse_000032.png,png,yes,800,600
Time-lapse_000033.png,png,yes,800,600
Time-lapse_000034.png,png,yes,800,600
Time-lapse_000035.png,png,yes,800,600
Time-lapse_000036.png,png,yes,800,600
Time-lapse_000037.png,png,yes,800,600
Time-lapse_000039.png,png,yes,800,600
Time-lapse_000040.png,png,yes,800,600
Time-lapse_000041.png,png,yes,800,600
Time-lapse_000042.png,png,yes,800,600
Time-lapse_000043.png,png,yes,800,600
Time-lapse_000044.png,png,yes,800,600
Time-lapse_000045.png,png,yes,800,600
Time-lapse_000046.png,png,yes,800,600
Time-lapse_000050.png,png,yes,800,600
Time-lapse_000051.png,png,yes,800,600
Time-lapse_000054.png,png,yes,800,600
Time-lapse_000055.png,png,yes,800,600
Time-lapse_000056.png,png,yes,800,600
Time-lapse_000057.png,png,yes,800,600
Time-lapse_000058.png,png,yes,800,600
Time-lapse_000059.png,png,yes,800,600
Time-lapse_000061.png,png,yes,800,600
Time-lapse_000063.png,png,yes,800,600
Time-lapse_000064.png,png,yes,800,600
Time-lapse_000065.png,png,yes,800,600
Time-lapse_000066.png,png,yes,800,600
Traditional ceremonies_000001.png,png,yes,800,600
Traditional ceremonies_000002.png,png,yes,800,600
Traditional ceremonies_000003.png,png,yes,800,600
Travel destinations_000001.png,png,yes,800,600
Travel photography tips_000001.png,png,yes,800,600
Travel photography tips_000002.png,png,yes,800,600
Travel photography tips_000003.png,png,yes,800,600
Travel photography tips_000006.png,png,yes,800,600
Travel photography tips_000007.png,png,yes,800,600
Travel photography tips_000008.png,png,yes,800,600
Travel photography tips_000009.png,png,yes,800,600
Travel photography tips_000010.png,png,yes,800,600
Travel photography tips_000011.png,png,yes,800,600
Travel photography tips_000014.png,png,yes,800,600
Travel photography tips_000015.png,png,yes,800,600
Travel photography tips_000017.png,png,yes,800,600
Travel photography tips_000018.png,png,yes,800,600
Travel photography tips_000019.png,png,yes,800,600
Travel photography tips_000020.png,png,yes,800,600
Travel photography tips_000021.png,png,yes,800,600
Travel photography tips_000022.png,png,yes,800,600
Travel photography tips_000023.png,png,yes,800,600
Travel photography tips_000024.png,png,yes,800,600
Travel photography tips_000025.png,png,yes,800,600
Travel photography tips_000026.png,png,yes,800,600
Travel photography tips_000028.png,png,yes,800,600
Travel photography tips_000029.png,png,yes,800,600
Travel photography tips_000030.png,png,yes,800,600
Travel photography tips_000031.png,png,yes,800,600
Travel photography tips_000032.png,png,yes,800,600
Trees_000001.png,png,yes,800,600
Trees_000003.png,png,yes,800,600
Trees_000004.png,png,yes,800,600
Trees_000007.png,png,yes,800,600
Trees_000008.png,png,yes,800,600
Trees_000011.png,png,yes,800,600
Trees_000012.png,png,yes,800,600
Trees_000013.png,png,yes,800,600
Tropical islands_000001.png,png,yes,800,600
Tropical islands_000002.png,png,yes,800,600
Tropical islands_000003.png,png,yes,800,600
Tropical islands_000004.png,png,yes,800,600
Tropical islands_000005.png,png,yes,800,600
Tropical islands_000006.png,png,yes,800,600
Tropical islands_000009.png,png,yes,800,600
Tropical islands_000010.png,png,yes,800,600
Tropical islands_000011.png,png,yes,800,600
Tropical islands_000013.png,png,yes,800,600
Tropical islands_000014.png,png,yes,800,600
Tropical islands_000015.png,png,yes,800,600
Tropical islands_000016.png,png,yes,800,600
Tropical islands_000017.png,png,yes,800,600
Tropical islands_000018.png,png,yes,800,600
Tropical islands_000021.png,png,yes,800,600
Tropical islands_000022.png,png,yes,800,600
Tropical islands_000025.png,png,yes,800,600
Tropical islands_000026.png,png,yes,800,600
Tropical islands_000027.png,png,yes,800,600
Tropical islands_000028.png,png,yes,800,600
Tropical islands_000029.png,png,yes,800,600
Tropical islands_000030.png,png,yes,800,600
Tropical islands_000031.png,png,yes,800,600
Tropical islands_000032.png,png,yes,800,600
Tropical islands_000033.png,png,yes,800,600
Tropical islands_000036.png,png,yes,800,600
Tropical islands_000037.png,png,yes,800,600
Tropical islands_000038.png,png,yes,800,600
Tropical islands_000040.png,png,yes,800,600
Tropical islands_000041.png,png,yes,800,600
Tropical islands_000042.png,png,yes,800,600
Tropical islands_000043.png,png,yes,800,600
Tropical islands_000044.png,png,yes,800,600
Tropical islands_000045.png,png,yes,800,600
Tropical islands_000046.png,png,yes,800,600
Tropical islands_000047.png,png,yes,800,600
Tropical islands_000048.png,png,yes,800,600
Tropical islands_000050.png,png,yes,800,600
Tundra_000001.png,png,yes,800,600
Tundra_000005.png,png,yes,800,600
Tundra_000007.png,png,yes,800,600
Tundra_000008.png,png,yes,800,600
Tundra_000009.png,png,yes,800,600
Tundra_000010.png,png,yes,800,600
Tundra_000011.png,png,yes,800,600
Tundra_000013.png,png,yes,800,600
Underwater photography_000001.png,png,yes,800,600
Underwater photography_000002.png,png,yes,800,600
Underwater photography_000004.png,png,yes,800,600
Underwater photography_000005.png,png,yes,800,600
Underwater photography_000006.png,png,yes,800,600
Underwater photography_000007.png,png,yes,800,600
Underwater photography_000008.png,png,yes,800,600
Underwater photography_000009.png,png,yes,800,600
Underwater photography_000010.png,png,yes,800,600
Underwater photography_000011.png,png,yes,800,600
Underwater photography_000012.png,png,yes,800,600
Underwater photography_000013.png,png,yes,800,600
Underwater photography_000014.png,png,yes,800,600
Underwater photography_000015.png,png,yes,800,600
Underwater photography_000016.png,png,yes,800,600
Underwater photography_000017.png,png,yes,800,600
Underwater photography_000018.png,png,yes,800,600
Underwater photography_000019.png,png,yes,800,600
Underwater photography_000020.png,png,yes,800,600
Underwater photography_000021.png,png,yes,800,600
Underwater photography_000023.png,png,yes,800,600
Underwater photography_000025.png,png,yes,800,600
Underwater photography_000027.png,png,yes,800,600
Underwater photography_000028.png,png,yes,800,600
UNESCO sites_000001.png,png,yes,800,600
UNESCO sites_000002.png,png,yes,800,600
UNESCO sites_000004.png,png,yes,800,600
UNESCO sites_000005.png,png,yes,800,600
UNESCO sites_000006.png,png,yes,800,600
UNESCO sites_000007.png,png,yes,800,600
UNESCO sites_000008.png,png,yes,800,600
UNESCO sites_000009.png,png,yes,800,600
UNESCO sites_000011.png,png,yes,800,600
UNESCO sites_000013.png,png,yes,800,600
UNESCO sites_000014.png,png,yes,800,600
UNESCO sites_000016.png,png,yes,800,600
UNESCO sites_000017.png,png,yes,800,600
Upcycling projects_000002.png,png,yes,800,600
Upcycling projects_000004.png,png,yes,800,600
Upcycling projects_000005.png,png,yes,800,600
Upcycling projects_000006.png,png,yes,800,600
Upcycling projects_000007.png,png,yes,800,600
Upcycling projects_000008.png,png,yes,800,600
Upcycling projects_000009.png,png,yes,800,600
Upcycling projects_000010.png,png,yes,800,600
Upcycling projects_000011.png,png,yes,800,600
Upcycling projects_000012.png,png,yes,800,600
Upcycling projects_000013.png,png,yes,800,600
Upcycling projects_000014.png,png,yes,800,600
Upcycling projects_000015.png,png,yes,800,600
Upcycling projects_000016.png,png,yes,800,600
Upcycling projects_000017.png,png,yes,800,600
Upcycling projects_000018.png,png,yes,800,600
Upcycling projects_000019.png,png,yes,800,600
Upcycling projects_000020.png,png,yes,800,600
Upcycling projects_000021.png,png,yes,800,600
Upcycling projects_000022.png,png,yes,800,600
Upcycling projects_000024.png,png,yes,800,600
Upcycling projects_000025.png,png,yes,800,600
Upcycling projects_000026.png,png,yes,800,600
Upcycling projects_000027.png,png,yes,800,600
Upcycling projects_000028.png,png,yes,800,600
Upcycling projects_000029.png,png,yes,800,600
Upcycling projects_000031.png,png,yes,800,600
Upcycling projects_000032.png,png,yes,800,600
Upcycling projects_000033.png,png,yes,800,600
Upcycling projects_000034.png,png,yes,800,600
Upcycling projects_000037.png,png,yes,800,600
Upcycling projects_000039.png,png,yes,800,600
Upcycling projects_000040.png,png,yes,800,600
Upcycling projects_000041.png,png,yes,800,600
Upcycling projects_000042.png,png,yes,800,600
Upcycling projects_000043.png,png,yes,800,600
Upcycling projects_000045.png,png,yes,800,600
Upcycling projects_000046.png,png,yes,800,600
Upcycling projects_000047.png,png,yes,800,600
Upcycling projects_000048.png,png,yes,800,600
Upcycling projects_000049.png,png,yes,800,600
Upcycling projects_000051.png,png,yes,800,600
Upcycling projects_000052.png,png,yes,800,600
Upcycling projects_000053.png,png,yes,800,600
Upcycling projects_000054.png,png,yes,800,600
Upcycling projects_000056.png,png,yes,800,600
Upcycling projects_000058.png,png,yes,800,600
Upcycling projects_000059.png,png,yes,800,600
Upcycling projects_000062.png,png,yes,800,600
Upcycling projects_000063.png,png,yes,800,600
Upcycling projects_000064.png,png,yes,800,600
Upcycling projects_000065.png,png,yes,800,600
Upcycling projects_000066.png,png,yes,800,600
Upcycling projects_000067.png,png,yes,800,600
Upcycling projects_000070.png,png,yes,800,600
Upcycling projects_000072.png,png,yes,800,600
Upcycling projects_000073.png,png,yes,800,600
Upcycling projects_000074.png,png,yes,800,600
Upcycling projects_000076.png,png,yes,800,600
Upcycling projects_000077.png,png,yes,800,600
Upcycling projects_000078.png,png,yes,800,600
Upcycling projects_000079.png,png,yes,800,600
Upcycling projects_000080.png,png,yes,800,600
Upcycling projects_000081.png,png,yes,800,600
Urban gardening_000002.png,png,yes,800,600
Urban gardening_000003.png,png,yes,800,600
Urban gardening_000004.png,png,yes,800,600
Urban gardening_000005.png,png,yes,800,600
Urban gardening_000006.png,png,yes,800,600
Urban gardening_000008.png,png,yes,800,600
Urban gardening_000010.png,png,yes,800,600
Urban gardening_000011.png,png,yes,800,600
Urban gardening_000012.png,png,yes,800,600
Urban gardening_000014.png,png,yes,800,600
Urban gardening_000017.png,png,yes,800,600
Urban gardening_000018.png,png,yes,800,600
Urban landscapes_000002.png,png,yes,800,600
Urban landscapes_000003.png,png,yes,800,600
Urban landscapes_000004.png,png,yes,800,600
Urban landscapes_000005.png,png,yes,800,600
Urban landscapes_000007.png,png,yes,800,600
Urban landscapes_000008.png,png,yes,800,600
Urban landscapes_000009.png,png,yes,800,600
Urban landscapes_000010.png,png,yes,800,600
Urban landscapes_000011.png,png,yes,800,600
Urban landscapes_000014.png,png,yes,800,600
Urban landscapes_000015.png,png,yes,800,600
Urban landscapes_000016.png,png,yes,800,600
Urban landscapes_000017.png,png,yes,800,600
Urban landscapes_000018.png,png,yes,800,600
Urban landscapes_000019.png,png,yes,800,600
Urban landscapes_000020.png,png,yes,800,600
Urban landscapes_000021.png,png,yes,800,600
Urban landscapes_000022.png,png,yes,800,600
Urban landscapes_000023.png,png,yes,800,600
Urban landscapes_000024.png,png,yes,800,600
Urban landscapes_000025.png,png,yes,800,600
Urban landscapes_000026.png,png,yes,800,600
Urban landscapes_000027.png,png,yes,800,600
Urban landscapes_000028.png,png,yes,800,600
Urban landscapes_000029.png,png,yes,800,600
Urban landscapes_000030.png,png,yes,800,600
Urban landscapes_000031.png,png,yes,800,600
Urban landscapes_000033.png,png,yes,800,600
Urban landscapes_000034.png,png,yes,800,600
Urban landscapes_000035.png,png,yes,800,600
Urban landscapes_000037.png,png,yes,800,600
Urban landscapes_000039.png,png,yes,800,600
Urban landscapes_000041.png,png,yes,800,600
Urban landscapes_000043.png,png,yes,800,600
Urban landscapes_000044.png,png,yes,800,600
Urban landscapes_000046.png,png,yes,800,600
Urban landscapes_000047.png,png,yes,800,600
Urban landscapes_000049.png,png,yes,800,600
Urban landscapes_000050.png,png,yes,800,600
Urban landscapes_000053.png,png,yes,800,600
Urban landscapes_000054.png,png,yes,800,600
Urban landscapes_000055.png,png,yes,800,600
Urban landscapes_000056.png,png,yes,800,600
Urban landscapes_000057.png,png,yes,800,600
Urban landscapes_000058.png,png,yes,800,600
Urban landscapes_000059.png,png,yes,800,600
Urban landscapes_000061.png,png,yes,800,600
Urban landscapes_000062.png,png,yes,800,600
Urban landscapes_000063.png,png,yes,800,600
Urban landscapes_000064.png,png,yes,800,600
Urban landscapes_000065.png,png,yes,800,600
Urban landscapes_000067.png,png,yes,800,600
Urban landscapes_000068.png,png,yes,800,600
Urban landscapes_000069.png,png,yes,800,600
Urban landscapes_000070.png,png,yes,800,600
Urban landscapes_000071.png,png,yes,800,600
Urban landscapes_000072.png,png,yes,800,600
Valleys_000001.png,png,yes,800,600
Valleys_000002.png,png,yes,800,600
Valleys_000003.png,png,yes,800,600
Valleys_000007.png,png,yes,800,600
Valleys_000010.png,png,yes,800,600
Valleys_000011.png,png,yes,800,600
Valleys_000012.png,png,yes,800,600
Valleys_000013.png,png,yes,800,600
Valleys_000014.png,png,yes,800,600
Vegetables_000001.png,png,yes,800,600
Vegetables_000003.png,png,yes,800,600
Vegetables_000004.png,png,yes,800,600
Vegetables_000005.png,png,yes,800,600
Vegetables_000007.png,png,yes,800,600
Vegetables_000009.png,png,yes,800,600
Vegetables_000010.png,png,yes,800,600
Vegetables_000013.png,png,yes,800,600
Vegetables_000014.png,png,yes,800,600
Vegetables_000015.png,png,yes,800,600
Vegetables_000016.png,png,yes,800,600
Vegetables_000017.png,png,yes,800,600
Vegetables_000018.png,png,yes,800,600
Vegetables_000019.png,png,yes,800,600
Vegetables_000020.png,png,yes,800,600
Vegetables_000021.png,png,yes,800,600
Vegetables_000022.png,png,yes,800,600
Vegetables_000023.png,png,yes,800,600
Videography_000001.png,png,yes,800,600
Videography_000002.png,png,yes,800,600
Videography_000003.png,png,yes,800,600
Videography_000004.png,png,yes,800,600
Videography_000005.png,png,yes,800,600
Videography_000006.png,png,yes,800,600
Videography_000007.png,png,yes,800,600
Videography_000009.png,png,yes,800,600
Videography_000010.png,png,yes,800,600
Videography_000012.png,png,yes,800,600
Videography_000013.png,png,yes,800,600
Videography_000014.png,png,yes,800,600
Videography_000015.png,png,yes,800,600
Videography_000016.png,png,yes,800,600
Videography_000017.png,png,yes,800,600
Videography_000018.png,png,yes,800,600
Videography_000019.png,png,yes,800,600
Videography_000020.png,png,yes,800,600
Videography_000021.png,png,yes,800,600
Videography_000023.png,png,yes,800,600
Videography_000024.png,png,yes,800,600
Videography_000025.png,png,yes,800,600
Vintage fashion_000001.png,png,yes,800,600
Vintage fashion_000002.png,png,yes,800,600
Vintage fashion_000004.png,png,yes,800,600
Vintage fashion_000006.png,png,yes,800,600
Vintage fashion_000007.png,png,yes,800,600
Vintage fashion_000010.png,png,yes,800,600
Vintage fashion_000011.png,png,yes,800,600
Vintage fashion_000012.png,png,yes,800,600
Vintage fashion_000015.png,png,yes,800,600
Vintage fashion_000017.png,png,yes,800,600
Vintage fashion_000018.png,png,yes,800,600
Vintage fashion_000019.png,png,yes,800,600
Vintage fashion_000020.png,png,yes,800,600
Vintage fashion_000022.png,png,yes,800,600
Vintage fashion_000023.png,png,yes,800,600
Vintage fashion_000024.png,png,yes,800,600
Vintage fashion_000025.png,png,yes,800,600
Vintage fashion_000026.png,png,yes,800,600
Vintage fashion_000027.png,png,yes,800,600
Vintage fashion_000028.png,png,yes,800,600
Vintage fashion_000030.png,png,yes,800,600
Vintage fashion_000032.png,png,yes,800,600
Vintage fashion_000033.png,png,yes,800,600
Vintage fashion_000034.png,png,yes,800,600
Vintage fashion_000035.png,png,yes,800,600
Vintage fashion_000036.png,png,yes,800,600
Vintage fashion_000037.png,png,yes,800,600
Vintage fashion_000038.png,png,yes,800,600
Vintage fashion_000039.png,png,yes,800,600
Vintage fashion_000041.png,png,yes,800,600
Vintage fashion_000043.png,png,yes,800,600
Vintage fashion_000045.png,png,yes,800,600
Vintage fashion_000046.png,png,yes,800,600
Vintage fashion_000048.png,png,yes,800,600
Vintage fashion_000049.png,png,yes,800,600
Vintage fashion_000050.png,png,yes,800,600
Vintage fashion_000051.png,png,yes,800,600
Vintage fashion_000054.png,png,yes,800,600
Vintage fashion_000055.png,png,yes,800,600
Vintage fashion_000057.png,png,yes,800,600
Vintage fashion_000058.png,png,yes,800,600
Vintage fashion_000059.png,png,yes,800,600
Vintage fashion_000060.png,png,yes,800,600
Vintage fashion_000062.png,png,yes,800,600
Vintage fashion_000063.png,png,yes,800,600
Vintage fashion_000064.png,png,yes,800,600
Vintage fashion_000067.png,png,yes,800,600
Vintage markets_000001.png,png,yes,800,600
Vintage markets_000002.png,png,yes,800,600
Vintage markets_000003.png,png,yes,800,600
Vintage markets_000004.png,png,yes,800,600
Vintage markets_000005.png,png,yes,800,600
Vintage markets_000007.png,png,yes,800,600
Vintage markets_000008.png,png,yes,800,600
Vintage markets_000009.png,png,yes,800,600
Vintage markets_000010.png,png,yes,800,600
Vintage markets_000012.png,png,yes,800,600
Vintage markets_000013.png,png,yes,800,600
Vintage markets_000014.png,png,yes,800,600
Vintage markets_000016.png,png,yes,800,600
Vintage markets_000017.png,png,yes,800,600
Vintage markets_000018.png,png,yes,800,600
Vintage markets_000019.png,png,yes,800,600
Vintage markets_000020.png,png,yes,800,600
Vintage markets_000021.png,png,yes,800,600
Vintage markets_000023.png,png,yes,800,600
Vintage markets_000024.png,png,yes,800,600
Vintage markets_000025.png,png,yes,800,600
Vintage markets_000026.png,png,yes,800,600
Vintage markets_000028.png,png,yes,800,600
Vintage_000002.png,png,yes,800,600
Vintage_000003.png,png,yes,800,600
Vintage_000004.png,png,yes,800,600
Vintage_000005.png,png,yes,800,600
Vintage_000006.png,png,yes,800,600
Vintage_000009.png,png,yes,800,600
Vintage_000011.png,png,yes,800,600
Vintage_000013.png,png,yes,800,600
Vintage_000014.png,png,yes,800,600
Vintage_000015.png,png,yes,800,600
Vintage_000018.png,png,yes,800,600
Vintage_000020.png,png,yes,800,600
Vintage_000021.png,png,yes,800,600
Vintage_000022.png,png,yes,800,600
Vintage_000023.png,png,yes,800,600
Vintage_000024.png,png,yes,800,600
Vintage_000026.png,png,yes,800,600
Vintage_000027.png,png,yes,800,600
Vintage_000028.png,png,yes,800,600
Vintage_000029.png,png,yes,800,600
Vintage_000030.png,png,yes,800,600
Vintage_000032.png,png,yes,800,600
Vintage_000033.png,png,yes,800,600
Vintage_000034.png,png,yes,800,600
Vintage_000035.png,png,yes,800,600
Vintage_000036.png,png,yes,800,600
Vintage_000037.png,png,yes,800,600
Vintage_000038.png,png,yes,800,600
Vintage_000039.png,png,yes,800,600
Vintage_000040.png,png,yes,800,600
Vintage_000041.png,png,yes,800,600
Vintage_000042.png,png,yes,800,600
Vintage_000043.png,png,yes,800,600
Vintage_000044.png,png,yes,800,600
Vintage_000045.png,png,yes,800,600
Vintage_000047.png,png,yes,800,600
Vintage_000048.png,png,yes,800,600
Vintage_000049.png,png,yes,800,600
Vintage_000050.png,png,yes,800,600
Virtual events_000001.png,png,yes,800,600
Virtual events_000002.png,png,yes,800,600
Virtual events_000003.png,png,yes,800,600
Virtual events_000005.png,png,yes,800,600
Virtual events_000006.png,png,yes,800,600
Virtual events_000010.png,png,yes,800,600
Virtual events_000011.png,png,yes,800,600
Virtual events_000012.png,png,yes,800,600
Virtual events_000013.png,png,yes,800,600
Virtual events_000014.png,png,yes,800,600
Virtual events_000015.png,png,yes,800,600
Virtual events_000016.png,png,yes,800,600
Virtual events_000018.png,png,yes,800,600
Virtual events_000019.png,png,yes,800,600
Virtual events_000020.png,png,yes,800,600
Virtual events_000021.png,png,yes,800,600
Virtual events_000022.png,png,yes,800,600
Virtual events_000023.png,png,yes,800,600
Virtual events_000024.png,png,yes,800,600
Virtual events_000025.png,png,yes,800,600
Virtual events_000026.png,png,yes,800,600
Virtual events_000027.png,png,yes,800,600
Virtual events_000028.png,png,yes,800,600
Virtual events_000029.png,png,yes,800,600
Virtual events_000030.png,png,yes,800,600
Virtual events_000031.png,png,yes,800,600
Virtual events_000032.png,png,yes,800,600
Virtual events_000033.png,png,yes,800,600
Virtual events_000034.png,png,yes,800,600
Virtual events_000035.png,png,yes,800,600
Virtual events_000036.png,png,yes,800,600
Virtual events_000038.png,png,yes,800,600
Virtual events_000040.png,png,yes,800,600
Virtual events_000041.png,png,yes,800,600
Virtual events_000042.png,png,yes,800,600
Virtual events_000043.png,png,yes,800,600
Virtual reality_000001.png,png,yes,800,600
Virtual reality_000002.png,png,yes,800,600
Virtual reality_000004.png,png,yes,800,600
Virtual reality_000006.png,png,yes,800,600
Virtual reality_000008.png,png,yes,800,600
Virtual reality_000009.png,png,yes,800,600
Virtual reality_000010.png,png,yes,800,600
Virtual reality_000013.png,png,yes,800,600
Virtual reality_000014.png,png,yes,800,600
Virtual reality_000015.png,png,yes,800,600
Virtual reality_000016.png,png,yes,800,600
Virtual reality_000017.png,png,yes,800,600
Virtual reality_000018.png,png,yes,800,600
Virtual reality_000019.png,png,yes,800,600
Virtual reality_000020.png,png,yes,800,600
Virtual reality_000021.png,png,yes,800,600
Virtual reality_000022.png,png,yes,800,600
Virtual reality_000023.png,png,yes,800,600
Virtual reality_000025.png,png,yes,800,600
Virtual reality_000026.png,png,yes,800,600
Virtual reality_000027.png,png,yes,800,600
Virtual reality_000028.png,png,yes,800,600
Virtual reality_000029.png,png,yes,800,600
Virtual reality_000030.png,png,yes,800,600
Vlogging_000001.png,png,yes,800,600
Vlogging_000002.png,png,yes,800,600
Vlogging_000007.png,png,yes,800,600
Vlogging_000008.png,png,yes,800,600
Vlogging_000009.png,png,yes,800,600
Vlogging_000010.png,png,yes,800,600
Vlogging_000011.png,png,yes,800,600
Vlogging_000013.png,png,yes,800,600
Vlogging_000014.png,png,yes,800,600
Vlogging_000015.png,png,yes,800,600
Vlogging_000016.png,png,yes,800,600
Vlogging_000017.png,png,yes,800,600
Vlogging_000018.png,png,yes,800,600
Vlogging_000019.png,png,yes,800,600
Vlogging_000020.png,png,yes,800,600
Vlogging_000021.png,png,yes,800,600
Vlogging_000023.png,png,yes,800,600
Vlogging_000024.png,png,yes,800,600
Vlogging_000026.png,png,yes,800,600
Vlogging_000027.png,png,yes,800,600
Vlogging_000028.png,png,yes,800,600
Vlogging_000030.png,png,yes,800,600
Vlogging_000031.png,png,yes,800,600
Volcanoes_000003.png,png,yes,800,600
Volcanoes_000004.png,png,yes,800,600
Volcanoes_000005.png,png,yes,800,600
Volcanoes_000007.png,png,yes,800,600
Volcanoes_000008.png,png,yes,800,600
Volcanoes_000010.png,png,yes,800,600
Volcanoes_000014.png,png,yes,800,600
Volcanoes_000016.png,png,yes,800,600
Volcanoes_000018.png,png,yes,800,600
Volcanoes_000019.png,png,yes,800,600
Volcanoes_000021.png,png,yes,800,600
Volcanoes_000022.png,png,yes,800,600
Volcanoes_000023.png,png,yes,800,600
Volcanoes_000024.png,png,yes,800,600
Volcanoes_000025.png,png,yes,800,600
Volcanoes_000026.png,png,yes,800,600
Volleyball_000003.png,png,yes,800,600
Volleyball_000004.png,png,yes,800,600
Volleyball_000005.png,png,yes,800,600
Volleyball_000006.png,png,yes,800,600
Volleyball_000007.png,png,yes,800,600
Volleyball_000008.png,png,yes,800,600
Volleyball_000009.png,png,yes,800,600
Volleyball_000010.png,png,yes,800,600
Volleyball_000013.png,png,yes,800,600
Volleyball_000014.png,png,yes,800,600
Volleyball_000015.png,png,yes,800,600
Volleyball_000016.png,png,yes,800,600
Volleyball_000018.png,png,yes,800,600
Volleyball_000019.png,png,yes,800,600
Volleyball_000020.png,png,yes,800,600
Volleyball_000021.png,png,yes,800,600
Volleyball_000022.png,png,yes,800,600
Volleyball_000023.png,png,yes,800,600
Volleyball_000024.png,png,yes,800,600
Volleyball_000025.png,png,yes,800,600
Volleyball_000026.png,png,yes,800,600
Volleyball_000028.png,png,yes,800,600
Volleyball_000031.png,png,yes,800,600
Volleyball_000033.png,png,yes,800,600
Volleyball_000034.png,png,yes,800,600
Volleyball_000035.png,png,yes,800,600
Volleyball_000036.png,png,yes,800,600
Volleyball_000037.png,png,yes,800,600
Volunteering_000003.png,png,yes,800,600
Volunteering_000004.png,png,yes,800,600
Volunteering_000005.png,png,yes,800,600
Volunteering_000006.png,png,yes,800,600
Volunteering_000007.png,png,yes,800,600
Volunteering_000009.png,png,yes,800,600
Volunteering_000014.png,png,yes,800,600
Volunteering_000016.png,png,yes,800,600
Volunteering_000017.png,png,yes,800,600
Volunteering_000019.png,png,yes,800,600
Volunteering_000020.png,png,yes,800,600
Volunteering_000021.png,png,yes,800,600
Volunteering_000023.png,png,yes,800,600
Wardrobe essentials_000001.png,png,yes,800,600
Wardrobe essentials_000002.png,png,yes,800,600
Wardrobe essentials_000003.png,png,yes,800,600
Wardrobe essentials_000004.png,png,yes,800,600
Wardrobe essentials_000007.png,png,yes,800,600
Wardrobe essentials_000011.png,png,yes,800,600
Wardrobe essentials_000012.png,png,yes,800,600
Wardrobe essentials_000013.png,png,yes,800,600
Wardrobe essentials_000014.png,png,yes,800,600
Wardrobe essentials_000015.png,png,yes,800,600
Wardrobe essentials_000016.png,png,yes,800,600
Wardrobe essentials_000017.png,png,yes,800,600
Wardrobe essentials_000019.png,png,yes,800,600
Wardrobe essentials_000020.png,png,yes,800,600
Wardrobe essentials_000021.png,png,yes,800,600
Wardrobe essentials_000023.png,png,yes,800,600
Wardrobe essentials_000025.png,png,yes,800,600
Wardrobe essentials_000026.png,png,yes,800,600
Wardrobe essentials_000027.png,png,yes,800,600
Wardrobe essentials_000028.png,png,yes,800,600
Wardrobe essentials_000031.png,png,yes,800,600
Wardrobe essentials_000033.png,png,yes,800,600
Wardrobe essentials_000034.png,png,yes,800,600
Wardrobe essentials_000035.png,png,yes,800,600
Wardrobe essentials_000037.png,png,yes,800,600
Wardrobe essentials_000039.png,png,yes,800,600
Wardrobe essentials_000040.png,png,yes,800,600
Waterfalls_000001.png,png,yes,800,600
Waterfalls_000002.png,png,yes,800,600
Waterfalls_000003.png,png,yes,800,600
Waterfalls_000004.png,png,yes,800,600
Waterfalls_000006.png,png,yes,800,600
Waterfalls_000008.png,png,yes,800,600
Waterfalls_000010.png,png,yes,800,600
Waterfalls_000011.png,png,yes,800,600
Waterfalls_000012.png,png,yes,800,600
Waterfalls_000013.png,png,yes,800,600
Webinars_000001.png,png,yes,800,600
Webinars_000002.png,png,yes,800,600
Webinars_000003.png,png,yes,800,600
Webinars_000004.png,png,yes,800,600
Webinars_000006.png,png,yes,800,600
Webinars_000007.png,png,yes,800,600
Webinars_000008.png,png,yes,800,600
Webinars_000009.png,png,yes,800,600
Webinars_000010.png,png,yes,800,600
Webinars_000012.png,png,yes,800,600
Webinars_000014.png,png,yes,800,600
Webinars_000015.png,png,yes,800,600
Webinars_000017.png,png,yes,800,600
Webinars_000018.png,png,yes,800,600
Webinars_000021.png,png,yes,800,600
Webinars_000023.png,png,yes,800,600
Webinars_000024.png,png,yes,800,600
Webinars_000025.png,png,yes,800,600
Webinars_000027.png,png,yes,800,600
Webinars_000028.png,png,yes,800,600
Webinars_000029.png,png,yes,800,600
Webinars_000030.png,png,yes,800,600
Webinars_000031.png,png,yes,800,600
Webinars_000032.png,png,yes,800,600
Webinars_000033.png,png,yes,800,600
Wetlands_000001.png,png,yes,800,600
Wetlands_000003.png,png,yes,800,600
Wetlands_000004.png,png,yes,800,600
Wetlands_000005.png,png,yes,800,600
Wetlands_000006.png,png,yes,800,600
Wetlands_000008.png,png,yes,800,600
Wetlands_000009.png,png,yes,800,600
Wetlands_000012.png,png,yes,800,600
Wetlands_000014.png,png,yes,800,600
Wetlands_000015.png,png,yes,800,600
Wetlands_000016.png,png,yes,800,600
Whales_000002.png,png,yes,800,600
Whales_000004.png,png,yes,800,600
Whales_000005.png,png,yes,800,600
Whales_000006.png,png,yes,800,600
Whales_000008.png,png,yes,800,600
Whales_000011.png,png,yes,800,600
Whales_000013.png,png,yes,800,600
Whales_000014.png,png,yes,800,600
Whales_000015.png,png,yes,800,600
Whales_000016.png,png,yes,800,600
Whales_000017.png,png,yes,800,600
Whales_000019.png,png,yes,800,600
Whales_000021.png,png,yes,800,600
Whales_000022.png,png,yes,800,600
Whales_000023.png,png,yes,800,600
Whales_000024.png,png,yes,800,600
Whales_000025.png,png,yes,800,600
Whales_000027.png,png,yes,800,600
Whales_000028.png,png,yes,800,600
Wildlife photography_000001.png,png,yes,800,600
Wildlife photography_000005.png,png,yes,800,600
Wildlife photography_000006.png,png,yes,800,600
Wildlife photography_000008.png,png,yes,800,600
Wildlife photography_000009.png,png,yes,800,600
Wildlife photography_000010.png,png,yes,800,600
Wildlife photography_000011.png,png,yes,800,600
Wildlife photography_000012.png,png,yes,800,600
Wildlife photography_000013.png,png,yes,800,600
Wildlife photography_000014.png,png,yes,800,600
Wildlife photography_000017.png,png,yes,800,600
Wildlife photography_000018.png,png,yes,800,600
Wildlife photography_000019.png,png,yes,800,600
Wildlife photography_000021.png,png,yes,800,600
Wildlife photography_000022.png,png,yes,800,600
Wildlife photography_000023.png,png,yes,800,600
Wildlife photography_000024.png,png,yes,800,600
Wildlife photography_000025.png,png,yes,800,600
Wildlife photography_000026.png,png,yes,800,600
Wildlife photography_000027.png,png,yes,800,600
Wildlife photography_000028.png,png,yes,800,600
Wildlife photography_000029.png,png,yes,800,600
Wildlife photography_000030.png,png,yes,800,600
Wildlife photography_000031.png,png,yes,800,600
Wildlife photography_000033.png,png,yes,800,600
Wildlife photography_000035.png,png,yes,800,600
Wildlife photography_000037.png,png,yes,800,600
Wildlife photography_000038.png,png,yes,800,600
Wildlife protection_000001.png,png,yes,800,600
Wildlife protection_000003.png,png,yes,800,600
Wildlife protection_000004.png,png,yes,800,600
Wildlife protection_000006.png,png,yes,800,600
Wildlife protection_000008.png,png,yes,800,600
Wildlife protection_000011.png,png,yes,800,600
Wildlife protection_000012.png,png,yes,800,600
Wildlife protection_000013.png,png,yes,800,600
Wildlife protection_000014.png,png,yes,800,600
Wildlife protection_000016.png,png,yes,800,600
Wildlife protection_000017.png,png,yes,800,600
Wildlife protection_000018.png,png,yes,800,600
Wildlife protection_000021.png,png,yes,800,600
Wildlife protection_000022.png,png,yes,800,600
Wildlife protection_000023.png,png,yes,800,600
Wildlife protection_000025.png,png,yes,800,600
Wildlife protection_000026.png,png,yes,800,600
Wildlife protection_000030.png,png,yes,800,600
Wildlife protection_000031.png,png,yes,800,600
Wildlife protection_000032.png,png,yes,800,600
Wildlife protection_000033.png,png,yes,800,600
Wildlife protection_000035.png,png,yes,800,600
Wildlife protection_000036.png,png,yes,800,600
Wildlife protection_000038.png,png,yes,800,600
Wildlife protection_000039.png,png,yes,800,600
Wildlife protection_000040.png,png,yes,800,600
Wildlife protection_000041.png,png,yes,800,600
Wildlife protection_000043.png,png,yes,800,600
Wildlife protection_000044.png,png,yes,800,600
Wildlife protection_000045.png,png,yes,800,600
Wildlife protection_000046.png,png,yes,800,600
Wildlife protection_000047.png,png,yes,800,600
Wildlife protection_000048.png,png,yes,800,600
Wildlife protection_000053.png,png,yes,800,600
Wildlife_000002.png,png,yes,800,600
Wildlife_000003.png,png,yes,800,600
Wildlife_000004.png,png,yes,800,600
Wildlife_000005.png,png,yes,800,600
Wildlife_000006.png,png,yes,800,600
Wildlife_000007.png,png,yes,800,600
Wildlife_000008.png,png,yes,800,600
Wildlife_000009.png,png,yes,800,600
Wildlife_000010.png,png,yes,800,600
Wildlife_000011.png,png,yes,800,600
Wildlife_000012.png,png,yes,800,600
Wildlife_000013.png,png,yes,800,600
Wildlife_000014.png,png,yes,800,600
Wildlife_000017.png,png,yes,800,600
Wildlife_000018.png,png,yes,800,600
Wine tasting_000001.png,png,yes,800,600
Wine tasting_000003.png,png,yes,800,600
Wine tasting_000004.png,png,yes,800,600
Wine tasting_000006.png,png,yes,800,600
Wine tasting_000007.png,png,yes,800,600
Wine tasting_000008.png,png,yes,800,600
Wine tasting_000009.png,png,yes,800,600
Wine tasting_000010.png,png,yes,800,600
Wine tasting_000011.png,png,yes,800,600
Wine tasting_000012.png,png,yes,800,600
Wine tasting_000013.png,png,yes,800,600
Wine tasting_000014.png,png,yes,800,600
Wine tasting_000015.png,png,yes,800,600
Wine tasting_000016.png,png,yes,800,600
Wine tasting_000018.png,png,yes,800,600
Wine tasting_000019.png,png,yes,800,600
Wine tasting_000020.png,png,yes,800,600
Wine tasting_000022.png,png,yes,800,600
Wine tasting_000023.png,png,yes,800,600
Wine_000001.png,png,yes,800,600
Wine_000002.png,png,yes,800,600
Wine_000003.png,png,yes,800,600
Wine_000004.png,png,yes,800,600
Wine_000005.png,png,yes,800,600
Wine_000006.png,png,yes,800,600
Wine_000007.png,png,yes,800,600
Wine_000009.png,png,yes,800,600
Wine_000010.png,png,yes,800,600
Wine_000012.png,png,yes,800,600
Wine_000013.png,png,yes,800,600
Wine_000014.png,png,yes,800,600
Wine_000015.png,png,yes,800,600
Wine_000016.png,png,yes,800,600
Wine_000017.png,png,yes,800,600
Wine_000018.png,png,yes,800,600
Wine_000019.png,png,yes,800,600
Wine_000020.png,png,yes,800,600
Wine_000021.png,png,yes,800,600
Wine_000022.png,png,yes,800,600
Wine_000023.png,png,yes,800,600
Wine_000025.png,png,yes,800,600
Wine_000026.png,png,yes,800,600
Wine_000028.png,png,yes,800,600
Wine_000029.png,png,yes,800,600
Wine_000030.png,png,yes,800,600
Wine_000031.png,png,yes,800,600
Wine_000032.png,png,yes,800,600
Wine_000033.png,png,yes,800,600
Wine_000035.png,png,yes,800,600
Wine_000036.png,png,yes,800,600
Wine_000037.png,png,yes,800,600
Wine_000039.png,png,yes,800,600
Wine_000040.png,png,yes,800,600
Wine_000042.png,png,yes,800,600
Wine_000045.png,png,yes,800,600
Wine_000046.png,png,yes,800,600
Wine_000047.png,png,yes,800,600
Wine_000048.png,png,yes,800,600
Wine_000049.png,png,yes,800,600
Wine_000050.png,png,yes,800,600
Wine_000052.png,png,yes,800,600
Wolves_000001.png,png,yes,800,600
Wolves_000002.png,png,yes,800,600
Wolves_000003.png,png,yes,800,600
Wolves_000004.png,png,yes,800,600
Wolves_000005.png,png,yes,800,600
Wolves_000006.png,png,yes,800,600
Wolves_000007.png,png,yes,800,600
Wolves_000008.png,png,yes,800,600
Wolves_000009.png,png,yes,800,600
Wolves_000010.png,png,yes,800,600
Wolves_000011.png,png,yes,800,600
Wolves_000012.png,png,yes,800,600
Wolves_000013.png,png,yes,800,600
Wolves_000016.png,png,yes,800,600
Wolves_000017.png,png,yes,800,600
Wolves_000019.png,png,yes,800,600
Wolves_000021.png,png,yes,800,600
Wolves_000022.png,png,yes,800,600
Wolves_000024.png,png,yes,800,600
Wolves_000025.png,png,yes,800,600
Wolves_000026.png,png,yes,800,600
Wolves_000028.png,png,yes,800,600
Wolves_000029.png,png,yes,800,600
Wolves_000030.png,png,yes,800,600
Wolves_000034.png,png,yes,800,600
Wolves_000036.png,png,yes,800,600
Work-life balance_000001.png,png,yes,800,600
Work-life balance_000002.png,png,yes,800,600
Work-life balance_000003.png,png,yes,800,600
Work-life balance_000005.png,png,yes,800,600
Work-life balance_000006.png,png,yes,800,600
Work-life balance_000007.png,png,yes,800,600
Work-life balance_000010.png,png,yes,800,600
Work-life balance_000012.png,png,yes,800,600
Work-life balance_000013.png,png,yes,800,600
Work-life balance_000014.png,png,yes,800,600
Work-life balance_000015.png,png,yes,800,600
Work-life balance_000016.png,png,yes,800,600
Work-life balance_000017.png,png,yes,800,600
Work-life balance_000018.png,png,yes,800,600
Work-life balance_000019.png,png,yes,800,600
Work-life balance_000020.png,png,yes,800,600
Work-life balance_000021.png,png,yes,800,600
Work-life balance_000022.png,png,yes,800,600
Work-life balance_000023.png,png,yes,800,600
Work-life balance_000025.png,png,yes,800,600
Work-life balance_000026.png,png,yes,800,600
Work-life balance_000027.png,png,yes,800,600
Work-life balance_000028.png,png,yes,800,600
Work-life balance_000029.png,png,yes,800,600
World music_000001.png,png,yes,800,600
World music_000002.png,png,yes,800,600
World music_000006.png,png,yes,800,600
World music_000010.png,png,yes,800,600
World music_000011.png,png,yes,800,600
World music_000012.png,png,yes,800,600
World music_000013.png,png,yes,800,600
World music_000014.png,png,yes,800,600
Yogas_000001.png,png,yes,800,600
Yogas_000003.png,png,yes,800,600
Yogas_000004.png,png,yes,800,600
Yogas_000006.png,png,yes,800,600
Yogas_000009.png,png,yes,800,600
Yogas_000010.png,png,yes,800,600
Yogas_000011.png,png,yes,800,600
Yogas_000012.png,png,yes,800,600
Yogas_000013.png,png,yes,800,600
Yoga_000001.png,png,yes,800,600
Yoga_000002.png,png,yes,800,600
Yoga_000003.png,png,yes,800,600
Yoga_000004.png,png,yes,800,600
Yoga_000006.png,png,yes,800,600
Yoga_000008.png,png,yes,800,600
Yoga_000009.png,png,yes,800,600
Yoga_000010.png,png,yes,800,600
Yoga_000011.png,png,yes,800,600
Yoga_000012.png,png,yes,800,600
Yoga_000013.png,png,yes,800,600
Yoga_000014.png,png,yes,800,600
Yoga_000015.png,png,yes,800,600
Yoga_000016.png,png,yes,800,600
Yoga_000017.png,png,yes,800,600
Yoga_000019.png,png,yes,800,600
Yoga_000020.png,png,yes,800,600
Yoga_000021.png,png,yes,800,600
Yoga_000023.png,png,yes,800,600
Yoga_000024.png,png,yes,800,600
Yoga_000025.png,png,yes,800,600
Yoga_000026.png,png,yes,800,600
Yoga_000027.png,png,yes,800,600
Yoga_000028.png,png,yes,800,600
Yoga_000029.png,png,yes,800,600
Yoga_000030.png,png,yes,800,600
Yoga_000031.png,png,yes,800,600
Yoga_000032.png,png,yes,800,600
Yoga_000033.png,png,yes,800,600
Yoga_000036.png,png,yes,800,600
Yoga_000037.png,png,yes,800,600
Zebras_000001.png,png,yes,800,600
Zebras_000004.png,png,yes,800,600
Zebras_000005.png,png,yes,800,600
Zebras_000006.png,png,yes,800,600
Zebras_000007.png,png,yes,800,600
Zebras_000008.png,png,yes,800,600
Zebras_000009.png,png,yes,800,600
Zebras_000010.png,png,yes,800,600
Zebras_000012.png,png,yes,800,600
Zebras_000014.png,png,yes,800,600
Zebras_000015.png,png,yes,800,600
Zebras_000016.png,png,yes,800,600
Zebras_000018.png,png,yes,800,600
Zebras_000019.png,png,yes,800,600
Zebras_000021.png,png,yes,800,600
Zebras_000022.png,png,yes,800,600
Zero waste lifestyle_000001.png,png,yes,800,600
Zero waste lifestyle_000003.png,png,yes,800,600
Zero waste lifestyle_000005.png,png,yes,800,600
Zero waste lifestyle_000006.png,png,yes,800,600
Zero waste lifestyle_000007.png,png,yes,800,600
Zero waste lifestyle_000008.png,png,yes,800,600
Zero waste lifestyle_000009.png,png,yes,800,600
Zero waste lifestyle_000010.png,png,yes,800,600
Zero waste lifestyle_000011.png,png,yes,800,600
Zero waste lifestyle_000012.png,png,yes,800,600
Zero waste lifestyle_000014.png,png,yes,800,600
Zero waste lifestyle_000016.png,png,yes,800,600
Zero waste lifestyle_000018.png,png,yes,800,600
Zero waste lifestyle_000019.png,png,yes,800,600
Zero waste lifestyle_000020.png,png,yes,800,600
Zero waste lifestyle_000021.png,png,yes,800,600
